,Australia,England,New Zealand,West Indies,Pakistan,Sri Lanka,India,South Africa,Zimbabwe,Kenya,Bangladesh,Scotland,Ireland,Afghanistan,Canada,Netherlands,Namibia,U.S.A.,ICC World XI
1/5/1971,0,1,0,0,0,0,0,0,0,0,0,0,0,0,0,0,0,0,0
8/24/1972,2,1,0,0,0,0,0,0,0,0,0,0,0,0,0,0,0,0,0
8/26/1972,2,3,0,0,0,0,0,0,0,0,0,0,0,0,0,0,0,0,0
8/28/1972,4,3,0,0,0,0,0,0,0,0,0,0,0,0,0,0,0,0,0
3/30/1974,4,3,5,0,0,0,0,0,0,0,0,0,0,0,0,0,0,0,0
3/31/1974,4,3,5,0,0,0,0,0,0,0,0,0,0,0,0,0,0,0,0
1/1/1975,4,3,5,0,0,0,0,0,0,0,0,0,0,0,0,0,0,0,0
6/7/1975,4,3,5,0,5,0,0,0,0,0,0,0,0,0,0,0,0,0,0
6/11/1975,4,3,5,0,5,5,0,0,0,0,0,0,0,0,0,0,0,0,0
6/14/1975,1,3,5,0,5,5,0,0,0,0,0,0,0,0,0,0,0,0,0
6/18/1975,1,2,5,0,5,5,0,0,0,0,0,0,0,0,0,0,0,0,0
6/21/1975,1,2,5,0,5,5,0,0,0,0,0,0,0,0,0,0,0,0,0
12/20/1975,1,2,5,2,5,5,0,0,0,0,0,0,0,0,0,0,0,0,0
6/2/1977,3,2,5,2,5,5,0,0,0,0,0,0,0,0,0,0,0,0,0
6/4/1977,3,2,5,2,5,5,0,0,0,0,0,0,0,0,0,0,0,0,0
6/6/1977,3,4,5,2,5,5,0,0,0,0,0,0,0,0,0,0,0,0,0
2/22/1978,3,4,5,2,5,5,0,0,0,0,0,0,0,0,0,0,0,0,0
4/12/1978,3,4,5,4,5,5,0,0,0,0,0,0,0,0,0,0,0,0,0
1/13/1979,3,4,5,4,5,5,0,0,0,0,0,0,0,0,0,0,0,0,0
1/24/1979,5,4,5,4,5,5,0,0,0,0,0,0,0,0,0,0,0,0,0
2/4/1979,5,6,5,4,5,5,0,0,0,0,0,0,0,0,0,0,0,0,0
2/7/1979,5,6,5,4,5,5,0,0,0,0,0,0,0,0,0,0,0,0,0
6/9/1979,7,6,5,4,5,5,0,0,0,0,0,0,0,0,0,0,0,0,0
6/13/1979,6,6,5,4,5,5,0,0,0,0,0,0,0,0,0,0,0,0,0
6/16/1979,6,6,5,4,5,5,0,0,0,0,0,0,0,0,7,0,0,0,0
11/27/1979,6,6,5,7,5,5,0,0,0,0,0,0,0,0,7,0,0,0,0
12/8/1979,7,6,5,7,5,5,0,0,0,0,0,0,0,0,7,0,0,0,0
12/9/1979,8,6,5,7,5,5,0,0,0,0,0,0,0,0,7,0,0,0,0
12/11/1979,7,6,5,7,5,5,0,0,0,0,0,0,0,0,7,0,0,0,0
12/21/1979,7,6,5,8,5,5,0,0,0,0,0,0,0,0,7,0,0,0,0
12/26/1979,7,6,5,8,5,5,0,0,0,0,0,0,0,0,7,0,0,0,0
1/14/1980,7,6,5,8,5,5,0,0,0,0,0,0,0,0,7,0,0,0,0
1/18/1980,7,6,5,8,5,5,0,0,0,0,0,0,0,0,7,0,0,0,0
8/20/1980,7,6,5,8,5,5,0,0,0,0,0,0,0,0,7,0,0,0,0
8/22/1980,7,6,5,8,5,5,0,0,0,0,0,0,0,0,7,0,0,0,0
11/23/1980,6,6,5,8,5,5,0,0,0,0,0,0,0,0,7,0,0,0,0
11/25/1980,6,6,7,8,5,5,0,0,0,0,0,0,0,0,7,0,0,0,0
12/6/1980,1,6,7,8,5,5,0,0,0,0,0,0,0,0,7,0,0,0,0
12/7/1980,1,6,2,8,5,5,0,0,0,0,0,0,0,0,7,0,0,0,0
12/18/1980,1,6,2,8,5,5,2,0,0,0,0,0,0,0,7,0,0,0,0
1/8/1981,1,6,2,8,5,5,2,0,0,0,0,0,0,0,7,0,0,0,0
1/11/1981,1,6,2,8,5,5,2,0,0,0,0,0,0,0,7,0,0,0,0
1/13/1981,3,6,2,8,5,5,2,0,0,0,0,0,0,0,7,0,0,0,0
1/15/1981,3,6,2,8,5,5,4,0,0,0,0,0,0,0,7,0,0,0,0
1/21/1981,3,6,2,8,5,5,4,0,0,0,0,0,0,0,7,0,0,0,0
1/29/1981,3,6,2,8,5,5,4,0,0,0,0,0,0,0,7,0,0,0,0
1/31/1981,3,6,4,8,5,5,4,0,0,0,0,0,0,0,7,0,0,0,0
2/1/1981,3,6,4,8,5,5,4,0,0,0,0,0,0,0,7,0,0,0,0
2/3/1981,3,6,4,8,5,5,4,0,0,0,0,0,0,0,7,0,0,0,0
6/4/1981,7,6,4,8,5,5,4,0,0,0,0,0,0,0,7,0,0,0,0
6/6/1981,7,8,4,8,5,5,4,0,0,0,0,0,0,0,7,0,0,0,0
6/8/1981,7,8,4,8,5,5,4,0,0,0,0,0,0,0,7,0,0,0,0
11/22/1981,6,8,4,8,5,5,4,0,0,0,0,0,0,0,7,0,0,0,0
11/24/1981,6,8,4,7,5,5,4,0,0,0,0,0,0,0,7,0,0,0,0
12/6/1981,6,8,4,7,7,5,4,0,0,0,0,0,0,0,7,0,0,0,0
12/17/1981,8,8,4,7,7,5,4,0,0,0,0,0,0,0,7,0,0,0,0
12/20/1981,8,8,4,7,7,5,4,0,0,0,0,0,0,0,7,0,0,0,0
1/9/1982,8,8,4,7,7,5,4,0,0,0,0,0,0,0,7,0,0,0,0
1/10/1982,8,8,4,7,7,5,4,0,0,0,0,0,0,0,7,0,0,0,0
1/14/1982,8,8,4,7,9,5,4,0,0,0,0,0,0,0,7,0,0,0,0
1/17/1982,8,8,4,7,9,5,4,0,0,0,0,0,0,0,7,0,0,0,0
1/19/1982,8,8,4,9,9,5,4,0,0,0,0,0,0,0,7,0,0,0,0
1/23/1982,10,8,4,9,9,5,4,0,0,0,0,0,0,0,7,0,0,0,0
1/24/1982,10,8,4,9,9,5,4,0,0,0,0,0,0,0,7,0,0,0,0
1/26/1982,10,8,4,11,9,5,4,0,0,0,0,0,0,0,7,0,0,0,0
1/27/1982,12,8,4,11,9,5,4,0,0,0,0,0,0,0,7,0,0,0,0
2/13/1982,5,8,4,11,9,5,4,0,0,0,0,0,0,0,7,0,0,0,0
2/17/1982,5,8,6,11,9,5,4,0,0,0,0,0,0,0,7,0,0,0,0
2/20/1982,5,8,6,11,9,5,4,0,0,0,0,0,0,0,7,0,0,0,0
9/20/1982,10,8,6,11,9,5,4,0,0,0,0,0,0,0,7,0,0,0,0
10/8/1982,10,8,6,11,9,5,4,0,0,0,0,0,0,0,7,0,0,0,0
10/22/1982,10,8,6,11,9,5,4,0,0,0,0,0,0,0,7,0,0,0,0
1/9/1983,10,8,11,11,9,5,4,0,0,0,0,0,0,0,7,0,0,0,0
1/11/1983,10,11,11,11,9,5,4,0,0,0,0,0,0,0,7,0,0,0,0
1/16/1983,10,11,11,11,9,5,4,0,0,0,0,0,0,0,7,0,0,0,0
1/18/1983,12,11,11,11,9,5,4,0,0,0,0,0,0,0,7,0,0,0,0
1/22/1983,12,11,11,11,9,5,4,0,0,0,0,0,0,0,7,0,0,0,0
1/23/1983,12,13,11,11,9,5,4,0,0,0,0,0,0,0,7,0,0,0,0
1/26/1983,14,13,11,11,9,5,4,0,0,0,0,0,0,0,7,0,0,0,0
1/30/1983,14,13,11,11,9,5,4,0,0,0,0,0,0,0,7,0,0,0,0
1/31/1983,12,13,11,11,9,5,4,0,0,0,0,0,0,0,7,0,0,0,0
2/6/1983,12,13,13,11,9,5,4,0,0,0,0,0,0,0,7,0,0,0,0
2/9/1983,12,13,13,11,9,5,4,0,0,0,0,0,0,0,7,0,0,0,0
2/13/1983,12,13,13,11,9,5,4,0,0,0,0,0,0,0,7,0,0,0,0
3/17/1983,14,13,13,11,9,5,4,0,0,0,0,0,0,0,7,0,0,0,0
4/13/1983,6,13,13,11,9,5,4,0,0,0,0,0,0,0,7,0,0,0,0
4/16/1983,6,13,13,11,9,5,4,0,0,0,0,0,0,0,7,0,0,0,0
4/29/1983,6,13,13,11,9,5,4,0,0,0,0,0,0,0,7,0,0,0,0
4/30/1983,6,13,13,11,9,5,4,0,0,0,0,0,0,0,7,0,0,0,0
6/9/1983,1,13,13,11,9,5,4,0,0,0,0,0,0,0,7,0,0,0,0
6/11/1983,12,13,13,11,9,5,4,0,0,0,0,0,0,0,7,0,0,0,0
6/13/1983,12,13,13,11,9,5,13,0,0,0,0,0,0,0,7,0,0,0,0
6/16/1983,12,13,13,11,9,5,13,0,13,0,0,0,0,0,7,0,0,0,0
6/18/1983,12,13,13,11,9,5,13,0,13,0,0,0,0,0,7,0,0,0,0
6/20/1983,14,13,13,11,9,5,13,0,13,0,0,0,0,0,7,0,0,0,0
1/8/1984,12,13,13,11,9,5,13,0,13,0,0,0,0,0,7,0,0,0,0
1/10/1984,12,13,13,11,13,5,13,0,13,0,0,0,0,0,7,0,0,0,0
1/15/1984,12,13,13,11,13,5,13,0,13,0,0,0,0,0,7,0,0,0,0
1/17/1984,12,13,13,11,13,5,13,0,13,0,0,0,0,0,7,0,0,0,0
1/21/1984,12,13,13,11,13,5,13,0,13,0,0,0,0,0,7,0,0,0,0
1/22/1984,12,13,13,11,13,5,13,0,13,0,0,0,0,0,7,0,0,0,0
1/25/1984,12,13,13,11,13,5,13,0,13,0,0,0,0,0,7,0,0,0,0
1/29/1984,12,13,13,11,13,5,13,0,13,0,0,0,0,0,7,0,0,0,0
1/30/1984,12,13,13,11,13,5,13,0,13,0,0,0,0,0,7,0,0,0,0
2/5/1984,12,13,13,13,13,5,13,0,13,0,0,0,0,0,7,0,0,0,0
2/8/1984,14,13,13,13,13,5,13,0,13,0,0,0,0,0,7,0,0,0,0
2/11/1984,14,13,13,13,13,5,13,0,13,0,0,0,0,0,7,0,0,0,0
2/12/1984,14,13,13,13,13,5,13,0,13,0,0,0,0,0,7,0,0,0,0
2/29/1984,14,13,13,13,13,5,13,0,13,0,0,0,0,0,7,0,0,0,0
3/14/1984,14,13,13,15,13,5,13,0,13,0,0,0,0,0,7,0,0,0,0
4/19/1984,16,13,13,15,13,5,13,0,13,0,0,0,0,0,7,0,0,0,0
4/26/1984,16,13,13,15,13,5,13,0,13,0,0,0,0,0,7,0,0,0,0
9/28/1984,16,13,13,15,13,5,17,0,13,0,0,0,0,0,7,0,0,0,0
10/1/1984,16,13,13,15,13,5,17,0,13,0,0,0,0,0,7,0,0,0,0
10/3/1984,16,13,13,15,13,5,17,0,13,0,0,0,0,0,7,0,0,0,0
10/5/1984,16,13,13,15,13,5,17,0,13,0,0,0,0,0,7,0,0,0,0
10/6/1984,16,13,13,15,13,5,17,0,13,0,0,0,0,0,7,0,0,0,0
1/6/1985,16,13,13,15,13,5,17,0,13,0,0,0,0,0,7,0,0,0,0
1/8/1985,16,13,13,15,13,17,17,0,13,0,0,0,0,0,7,0,0,0,0
1/13/1985,16,13,13,15,13,17,17,0,13,0,0,0,0,0,7,0,0,0,0
1/15/1985,16,13,13,15,13,17,17,0,13,0,0,0,0,0,7,0,0,0,0
1/19/1985,18,13,13,15,13,17,17,0,13,0,0,0,0,0,7,0,0,0,0
1/20/1985,16,13,13,15,13,17,17,0,13,0,0,0,0,0,7,0,0,0,0
1/23/1985,16,13,13,15,13,17,17,0,13,0,0,0,0,0,7,0,0,0,0
1/27/1985,16,13,13,15,13,17,17,0,13,0,0,0,0,0,7,0,0,0,0
1/28/1985,16,13,13,15,13,17,17,0,13,0,0,0,0,0,7,0,0,0,0
2/3/1985,16,13,13,15,13,17,17,0,13,0,0,0,0,0,7,0,0,0,0
2/6/1985,16,13,13,17,13,17,17,0,13,0,0,0,0,0,7,0,0,0,0
2/10/1985,18,13,13,17,13,17,17,0,13,0,0,0,0,0,7,0,0,0,0
2/12/1985,18,13,13,17,13,17,17,0,13,0,0,0,0,0,7,0,0,0,0
2/17/1985,18,19,13,17,13,17,17,0,13,0,0,0,0,0,7,0,0,0,0
2/24/1985,14,19,13,17,13,17,17,0,13,0,0,0,0,0,7,0,0,0,0
3/3/1985,18,19,13,17,13,17,17,0,13,0,0,0,0,0,7,0,0,0,0
3/24/1985,18,19,13,17,13,17,17,0,13,0,0,0,0,0,7,0,0,0,0
3/29/1985,18,19,13,17,13,17,17,0,13,0,0,0,0,0,7,0,0,0,0
5/30/1985,18,19,13,17,13,17,17,0,13,0,0,0,0,0,7,0,0,0,0
6/1/1985,18,19,13,17,13,17,17,0,13,0,0,0,0,0,7,0,0,0,0
6/3/1985,20,19,13,17,13,17,17,0,13,0,0,0,0,0,7,0,0,0,0
1/9/1986,20,19,13,17,13,17,17,0,13,0,0,0,0,0,7,0,0,0,0
1/12/1986,20,19,13,17,13,17,21,0,13,0,0,0,0,0,7,0,0,0,0
1/14/1986,20,19,21,17,13,17,21,0,13,0,0,0,0,0,7,0,0,0,0
1/16/1986,22,19,21,17,13,17,21,0,13,0,0,0,0,0,7,0,0,0,0
1/19/1986,22,19,23,17,13,17,21,0,13,0,0,0,0,0,7,0,0,0,0
1/21/1986,22,19,23,17,13,17,23,0,13,0,0,0,0,0,7,0,0,0,0
1/26/1986,22,19,23,17,13,17,23,0,13,0,0,0,0,0,7,0,0,0,0
1/27/1986,24,19,23,17,13,17,23,0,13,0,0,0,0,0,7,0,0,0,0
1/29/1986,24,19,25,17,13,17,23,0,13,0,0,0,0,0,7,0,0,0,0
1/31/1986,24,19,25,17,13,17,23,0,13,0,0,0,0,0,7,0,0,0,0
2/5/1986,24,19,25,17,13,17,25,0,13,0,0,0,0,0,7,0,0,0,0
2/9/1986,24,19,25,17,13,17,25,0,13,0,0,0,0,0,7,0,0,0,0
3/19/1986,26,19,25,17,13,17,25,0,13,0,0,0,0,0,7,0,0,0,0
3/22/1986,26,19,25,17,13,17,25,0,13,0,0,0,0,0,7,0,0,0,0
3/26/1986,26,19,27,17,13,17,25,0,13,0,0,0,0,0,7,0,0,0,0
3/29/1986,26,19,27,17,13,17,25,0,13,0,0,0,0,0,7,0,0,0,0
4/11/1986,14,19,27,17,13,17,25,0,13,0,0,0,0,0,7,0,0,0,0
9/7/1986,26,19,27,17,13,17,25,0,13,0,0,0,0,0,7,0,0,0,0
9/9/1986,26,19,27,17,13,17,27,0,13,0,0,0,0,0,7,0,0,0,0
9/24/1986,26,19,27,17,13,17,27,0,13,0,0,0,0,0,7,0,0,0,0
10/2/1986,28,19,27,17,13,17,27,0,13,0,0,0,0,0,7,0,0,0,0
10/5/1986,28,19,27,17,13,17,27,0,13,0,0,0,0,0,7,0,0,0,0
10/7/1986,28,19,27,17,13,17,29,0,13,0,0,0,0,0,7,0,0,0,0
1/1/1987,20,19,27,17,13,17,29,0,13,0,0,0,0,0,7,0,0,0,0
1/2/1987,14,19,27,17,13,17,29,0,13,0,0,0,0,0,7,0,0,0,0
1/4/1987,18,19,27,17,13,17,29,0,13,0,0,0,0,0,7,0,0,0,0
1/18/1987,18,19,27,17,13,17,29,0,13,0,0,0,0,0,7,0,0,0,0
1/20/1987,18,19,27,17,13,17,29,0,13,0,0,0,0,0,7,0,0,0,0
1/22/1987,20,19,27,17,13,17,29,0,13,0,0,0,0,0,7,0,0,0,0
1/25/1987,18,19,27,17,13,17,29,0,13,0,0,0,0,0,7,0,0,0,0
1/26/1987,18,19,27,17,13,17,29,0,13,0,0,0,0,0,7,0,0,0,0
1/28/1987,18,19,27,19,13,17,29,0,13,0,0,0,0,0,7,0,0,0,0
2/1/1987,18,19,27,19,13,17,29,0,13,0,0,0,0,0,7,0,0,0,0
2/6/1987,18,19,27,19,13,17,29,0,13,0,0,0,0,0,7,0,0,0,0
2/8/1987,20,19,27,19,13,17,29,0,13,0,0,0,0,0,7,0,0,0,0
2/11/1987,20,19,27,19,13,17,29,0,13,0,0,0,0,0,7,0,0,0,0
4/3/1987,14,19,27,19,13,17,29,0,13,0,0,0,0,0,7,0,0,0,0
4/5/1987,30,19,27,19,13,17,29,0,13,0,0,0,0,0,7,0,0,0,0
4/9/1987,20,19,27,19,13,17,29,0,13,0,0,0,0,0,7,0,0,0,0
10/9/1987,20,19,27,19,13,17,21,0,13,0,0,0,0,0,7,0,0,0,0
10/13/1987,20,19,27,19,13,17,21,0,21,0,0,0,0,0,7,0,0,0,0
10/18/1987,20,19,21,19,13,17,21,0,21,0,0,0,0,0,7,0,0,0,0
10/22/1987,22,19,21,19,13,17,21,0,21,0,0,0,0,0,7,0,0,0,0
10/27/1987,22,19,23,19,13,17,21,0,21,0,0,0,0,0,7,0,0,0,0
10/30/1987,22,19,23,19,13,17,21,0,23,0,0,0,0,0,7,0,0,0,0
11/4/1987,22,19,23,19,23,17,21,0,23,0,0,0,0,0,7,0,0,0,0
11/8/1987,22,23,23,19,23,17,21,0,23,0,0,0,0,0,7,0,0,0,0
1/2/1988,22,23,23,19,23,23,21,0,23,0,0,0,0,0,7,0,0,0,0
1/3/1988,24,23,23,19,23,23,21,0,23,0,0,0,0,0,7,0,0,0,0
1/7/1988,24,23,25,19,23,23,21,0,23,0,0,0,0,0,7,0,0,0,0
1/10/1988,24,23,25,19,23,25,21,0,23,0,0,0,0,0,7,0,0,0,0
1/14/1988,24,23,25,19,23,25,21,0,23,0,0,0,0,0,7,0,0,0,0
1/17/1988,24,23,25,19,23,25,21,0,23,0,0,0,0,0,7,0,0,0,0
1/19/1988,24,23,25,19,23,25,21,0,23,0,0,0,0,0,7,0,0,0,0
1/20/1988,24,23,25,19,23,25,21,0,23,0,0,0,0,0,7,0,0,0,0
1/22/1988,24,23,25,19,23,25,21,0,23,0,0,0,0,0,7,0,0,0,0
1/24/1988,24,23,25,19,23,25,21,0,23,0,0,0,0,0,7,0,0,0,0
2/4/1988,24,25,25,19,23,25,21,0,23,0,0,0,0,0,7,0,0,0,0
10/14/1988,24,25,25,19,23,25,21,0,23,0,0,0,0,0,7,0,0,0,0
12/11/1988,24,25,25,19,25,25,21,0,23,0,0,0,0,0,7,0,0,0,0
12/13/1988,20,25,25,19,25,25,21,0,23,0,0,0,0,0,7,0,0,0,0
12/15/1988,20,25,25,19,25,25,21,0,23,0,0,0,0,0,7,0,0,0,0
1/2/1989,26,25,25,19,25,25,21,0,23,0,0,0,0,0,7,0,0,0,0
1/5/1989,26,25,25,27,25,25,21,0,23,0,0,0,0,0,7,0,0,0,0
1/8/1989,26,25,25,27,27,25,21,0,23,0,0,0,0,0,7,0,0,0,0
1/10/1989,26,25,25,27,27,25,21,0,23,0,0,0,0,0,7,0,0,0,0
1/12/1989,26,25,25,27,27,25,21,0,23,0,0,0,0,0,7,0,0,0,0
1/14/1989,26,25,25,27,27,25,21,0,23,0,0,0,0,0,7,0,0,0,0
1/16/1989,28,25,25,27,27,25,21,0,23,0,0,0,0,0,7,0,0,0,0
1/18/1989,28,25,25,27,27,25,21,0,23,0,0,0,0,0,7,0,0,0,0
5/25/1989,26,25,25,27,27,25,21,0,23,0,0,0,0,0,7,0,0,0,0
5/27/1989,26,25,25,27,27,25,21,0,23,0,0,0,0,0,7,0,0,0,0
5/29/1989,26,27,25,27,27,25,21,0,23,0,0,0,0,0,7,0,0,0,0
10/19/1989,28,27,25,27,27,25,21,0,23,0,0,0,0,0,7,0,0,0,0
10/21/1989,28,27,25,29,27,25,21,0,23,0,0,0,0,0,7,0,0,0,0
10/23/1989,28,27,25,29,27,25,21,0,23,0,0,0,0,0,7,0,0,0,0
10/25/1989,28,27,25,29,27,29,21,0,23,0,0,0,0,0,7,0,0,0,0
10/27/1989,22,27,25,29,27,29,21,0,23,0,0,0,0,0,7,0,0,0,0
12/26/1989,22,27,25,29,27,23,21,0,23,0,0,0,0,0,7,0,0,0,0
12/30/1989,22,27,25,29,27,23,21,0,23,0,0,0,0,0,7,0,0,0,0
1/3/1990,22,27,25,29,23,23,21,0,23,0,0,0,0,0,7,0,0,0,0
1/4/1990,22,27,25,29,23,23,21,0,23,0,0,0,0,0,7,0,0,0,0
2/11/1990,22,27,25,29,23,23,21,0,23,0,0,0,0,0,7,0,0,0,0
2/13/1990,24,27,25,29,23,23,21,0,23,0,0,0,0,0,7,0,0,0,0
2/18/1990,24,27,25,29,23,25,21,0,23,0,0,0,0,0,7,0,0,0,0
2/20/1990,24,27,25,29,23,25,21,0,23,0,0,0,0,0,7,0,0,0,0
2/23/1990,24,27,25,29,25,25,21,0,23,0,0,0,0,0,7,0,0,0,0
2/25/1990,24,27,25,29,25,25,21,0,23,0,0,0,0,0,7,0,0,0,0
3/3/1990,24,27,25,29,25,25,25,0,23,0,0,0,0,0,7,0,0,0,0
3/4/1990,24,27,25,29,25,25,25,0,23,0,0,0,0,0,7,0,0,0,0
3/8/1990,24,27,25,29,25,25,25,0,23,0,0,0,0,0,7,0,0,0,0
3/10/1990,24,27,25,29,25,25,25,0,23,0,0,0,0,0,7,0,0,0,0
3/11/1990,24,27,25,29,25,25,25,0,23,0,0,0,0,0,7,0,0,0,0
4/26/1990,24,27,25,29,25,25,25,0,23,0,0,0,0,0,7,0,0,0,0
4/30/1990,24,27,25,29,25,25,25,0,23,0,25,0,0,0,7,0,0,0,0
5/2/1990,24,27,25,29,25,25,25,0,23,0,25,0,0,0,7,0,0,0,0
5/4/1990,26,27,25,29,25,25,25,0,23,0,25,0,0,0,7,0,0,0,0
11/29/1990,26,27,27,29,25,25,25,0,23,0,25,0,0,0,7,0,0,0,0
12/2/1990,26,27,27,29,25,25,25,0,23,0,25,0,0,0,7,0,0,0,0
12/9/1990,26,27,27,29,25,25,25,0,23,0,25,0,0,0,7,0,0,0,0
12/11/1990,26,27,27,29,25,25,25,0,23,0,25,0,0,0,7,0,0,0,0
12/16/1990,26,27,27,29,25,25,25,0,23,0,25,0,0,0,7,0,0,0,0
12/18/1990,28,27,27,29,25,25,25,0,23,0,25,0,0,0,7,0,0,0,0
1/1/1991,28,29,27,29,25,25,25,0,23,0,25,0,0,0,7,0,0,0,0
1/10/1991,28,29,27,29,25,25,25,0,23,0,25,0,0,0,7,0,0,0,0
1/13/1991,28,29,29,29,25,25,25,0,23,0,25,0,0,0,7,0,0,0,0
1/15/1991,28,29,29,29,25,25,25,0,23,0,25,0,0,0,7,0,0,0,0
2/26/1991,28,29,29,29,25,25,25,0,23,0,25,0,0,0,7,0,0,0,0
3/9/1991,28,29,29,29,25,25,25,0,23,0,25,0,0,0,7,0,0,0,0
3/10/1991,30,29,29,29,25,25,25,0,23,0,25,0,0,0,7,0,0,0,0
3/13/1991,30,29,29,31,25,25,25,0,23,0,25,0,0,0,7,0,0,0,0
3/20/1991,30,29,29,31,25,25,25,0,23,0,25,0,0,0,7,0,0,0,0
12/8/1991,26,29,29,31,25,25,25,0,23,0,25,0,0,0,7,0,0,0,0
12/10/1991,26,29,29,31,25,25,27,0,23,0,25,0,0,0,7,0,0,0,0
12/12/1991,26,29,29,27,25,25,27,0,23,0,25,0,0,0,7,0,0,0,0
12/15/1991,26,29,29,27,25,25,27,0,23,0,25,0,0,0,7,0,0,0,0
12/18/1991,26,29,29,27,25,25,27,0,23,0,25,0,0,0,7,0,0,0,0
1/9/1992,26,29,29,27,25,25,27,0,23,0,25,0,0,0,7,0,0,0,0
1/12/1992,28,29,29,27,25,25,27,0,23,0,25,0,0,0,7,0,0,0,0
1/14/1992,28,29,29,27,25,25,29,0,23,0,25,0,0,0,7,0,0,0,0
1/18/1992,28,29,29,27,25,25,29,0,23,0,25,0,0,0,7,0,0,0,0
1/20/1992,28,29,29,27,25,25,29,0,23,0,25,0,0,0,7,0,0,0,0
2/22/1992,30,29,29,27,25,25,29,0,23,0,25,0,0,0,7,0,0,0,0
2/26/1992,1,29,29,27,25,25,29,0,23,0,25,0,0,0,7,0,0,0,0
3/1/1992,1,29,29,27,25,25,2,0,23,0,25,0,0,0,7,0,0,0,0
3/5/1992,30,29,29,27,25,25,2,0,23,0,25,0,0,0,7,0,0,0,0
3/7/1992,30,29,29,27,25,31,2,0,23,0,25,0,0,0,7,0,0,0,0
3/11/1992,26,29,29,27,25,31,2,0,23,0,25,0,0,0,7,0,0,0,0
3/14/1992,26,29,29,27,25,31,2,0,27,0,25,0,0,0,7,0,0,0,0
3/18/1992,26,29,29,27,25,31,2,0,27,0,25,0,0,0,7,0,0,0,0
8/15/1992,32,29,29,27,25,31,2,0,27,0,25,0,0,0,7,0,0,0,0
9/4/1992,32,29,29,27,25,31,2,0,27,0,25,0,0,0,7,0,0,0,0
9/5/1992,32,29,29,27,25,33,2,0,27,0,25,0,0,0,7,0,0,0,0
12/6/1992,28,29,29,27,25,33,2,0,27,0,25,0,0,0,7,0,0,0,0
12/8/1992,28,29,29,29,25,33,2,0,27,0,25,0,0,0,7,0,0,0,0
12/10/1992,28,29,29,29,25,33,2,0,27,0,25,0,0,0,7,0,0,0,0
12/13/1992,28,29,29,29,29,33,2,0,27,0,25,0,0,0,7,0,0,0,0
12/15/1992,28,29,29,29,29,33,2,0,27,0,25,0,0,0,7,0,0,0,0
1/10/1993,30,29,29,29,29,33,2,0,27,0,25,0,0,0,7,0,0,0,0
1/12/1993,30,29,29,29,31,33,2,0,27,0,25,0,0,0,7,0,0,0,0
1/14/1993,30,29,29,29,31,33,2,0,27,0,25,0,0,0,7,0,0,0,0
1/16/1993,30,29,29,29,31,33,2,0,27,0,25,0,0,0,7,0,0,0,0
1/18/1993,30,29,29,29,31,33,2,0,27,0,25,0,0,0,7,0,0,0,0
3/19/1993,30,29,31,29,31,33,2,0,27,0,25,0,0,0,7,0,0,0,0
3/21/1993,30,29,31,29,31,33,2,0,27,0,25,0,0,0,7,0,0,0,0
3/24/1993,32,29,31,29,31,33,2,0,27,0,25,0,0,0,7,0,0,0,0
3/27/1993,32,29,31,29,31,33,2,0,27,0,25,0,0,0,7,0,0,0,0
3/28/1993,32,29,33,29,31,33,2,0,27,0,25,0,0,0,7,0,0,0,0
5/19/1993,32,33,33,29,31,33,2,0,27,0,25,0,0,0,7,0,0,0,0
5/21/1993,32,33,33,29,31,33,2,0,27,0,25,0,0,0,7,0,0,0,0
5/23/1993,32,33,33,29,31,33,2,0,27,0,25,0,0,0,7,0,0,0,0
12/9/1993,1,33,33,29,31,33,2,0,27,0,25,0,0,0,7,0,0,0,0
12/12/1993,1,33,2,29,31,33,2,0,27,0,25,0,0,0,7,0,0,0,0
12/14/1993,1,33,2,29,31,33,2,2,27,0,25,0,0,0,7,0,0,0,0
12/16/1993,1,33,2,29,31,33,2,2,27,0,25,0,0,0,7,0,0,0,0
1/9/1994,1,33,2,29,31,33,2,2,27,0,25,0,0,0,7,0,0,0,0
1/11/1994,3,33,2,29,31,33,2,2,27,0,25,0,0,0,7,0,0,0,0
1/16/1994,3,33,2,29,31,33,2,2,27,0,25,0,0,0,7,0,0,0,0
1/19/1994,3,33,4,29,31,33,2,2,27,0,25,0,0,0,7,0,0,0,0
1/21/1994,3,33,4,29,31,33,2,2,27,0,25,0,0,0,7,0,0,0,0
1/23/1994,3,33,4,29,31,33,2,4,27,0,25,0,0,0,7,0,0,0,0
1/25/1994,3,33,4,29,31,33,2,4,27,0,25,0,0,0,7,0,0,0,0
2/19/1994,5,33,4,29,31,33,2,4,27,0,25,0,0,0,7,0,0,0,0
2/20/1994,5,33,4,29,31,33,2,4,27,0,25,0,0,0,7,0,0,0,0
2/22/1994,5,33,4,29,31,33,2,6,27,0,25,0,0,0,7,0,0,0,0
2/24/1994,7,33,4,29,31,33,2,6,27,0,25,0,0,0,7,0,0,0,0
4/2/1994,7,33,4,29,31,33,2,8,27,0,25,0,0,0,7,0,0,0,0
4/4/1994,9,33,4,29,31,33,2,8,27,0,25,0,0,0,7,0,0,0,0
4/6/1994,9,33,4,29,31,33,2,10,27,0,25,0,0,0,7,0,0,0,0
4/8/1994,9,33,4,29,31,33,2,10,27,0,25,0,0,0,7,0,0,0,0
4/14/1994,9,33,4,29,31,10,2,10,27,0,25,0,0,0,7,0,0,0,0
4/16/1994,9,33,10,29,31,10,2,10,27,0,25,0,0,0,7,0,0,0,0
4/19/1994,3,33,10,29,31,10,2,10,27,0,25,0,0,0,7,0,0,0,0
9/7/1994,3,33,10,29,4,10,2,10,27,0,25,0,0,0,7,0,0,0,0
9/9/1994,3,33,10,29,4,10,2,10,27,0,25,0,0,0,7,0,0,0,0
9/13/1994,11,33,10,29,4,10,2,10,27,0,25,0,0,0,7,0,0,0,0
10/12/1994,11,33,10,29,4,10,2,12,27,0,25,0,0,0,7,0,0,0,0
10/14/1994,11,33,10,29,12,10,2,12,27,0,25,0,0,0,7,0,0,0,0
10/18/1994,11,33,10,29,12,10,2,12,27,0,25,0,0,0,7,0,0,0,0
10/22/1994,13,33,10,29,12,10,2,12,27,0,25,0,0,0,7,0,0,0,0
10/24/1994,13,33,10,29,12,10,2,14,27,0,25,0,0,0,7,0,0,0,0
10/30/1994,13,33,10,29,14,10,2,14,27,0,25,0,0,0,7,0,0,0,0
12/2/1994,13,33,10,29,14,10,2,14,14,0,25,0,0,0,7,0,0,0,0
12/6/1994,13,14,10,29,14,10,2,14,14,0,25,0,0,0,7,0,0,0,0
12/8/1994,13,14,10,29,14,10,2,14,14,0,25,0,0,0,7,0,0,0,0
1/10/1995,15,14,10,29,14,10,2,14,14,0,25,0,0,0,7,0,0,0,0
2/15/1995,15,14,10,29,14,10,2,16,14,0,25,0,0,0,7,0,0,0,0
2/19/1995,15,14,16,29,14,10,2,16,14,0,25,0,0,0,7,0,0,0,0
2/22/1995,3,14,16,29,14,10,2,16,14,0,25,0,0,0,7,0,0,0,0
2/26/1995,3,14,4,29,14,10,2,16,14,0,25,0,0,0,7,0,0,0,0
3/8/1995,30,14,4,29,14,10,2,16,14,0,25,0,0,0,7,0,0,0,0
3/11/1995,30,14,4,31,14,10,2,16,14,0,25,0,0,0,7,0,0,0,0
3/12/1995,32,14,4,31,14,10,2,16,14,0,25,0,0,0,7,0,0,0,0
3/15/1995,32,14,4,31,14,10,2,16,14,0,25,0,0,0,7,0,0,0,0
3/18/1995,32,14,4,31,14,10,2,16,14,0,25,0,0,0,7,0,0,0,0
12/17/1995,32,14,4,33,14,10,2,16,14,0,25,0,0,0,7,0,0,0,0
12/19/1995,32,14,4,33,14,10,2,16,14,0,25,0,0,0,7,0,0,0,0
12/21/1995,32,14,4,33,14,33,2,16,14,0,25,0,0,0,7,0,0,0,0
1/1/1996,32,14,4,33,14,33,2,16,14,0,25,0,0,0,7,0,0,0,0
1/7/1996,34,14,4,33,14,33,2,16,14,0,25,0,0,0,7,0,0,0,0
1/9/1996,34,14,4,33,14,33,2,16,14,0,25,0,0,0,7,0,0,0,0
1/12/1996,34,14,4,33,14,35,2,16,14,0,25,0,0,0,7,0,0,0,0
1/16/1996,36,14,4,33,14,35,2,16,14,0,25,0,0,0,7,0,0,0,0
1/18/1996,36,14,4,33,14,37,2,16,14,0,25,0,0,0,7,0,0,0,0
1/20/1996,36,14,4,33,14,37,2,16,14,0,25,0,0,0,7,0,0,0,0
2/23/1996,36,14,4,33,14,37,2,16,14,37,25,0,0,0,7,0,0,0,0
2/27/1996,36,14,4,33,14,37,37,16,14,37,25,0,0,0,7,0,0,0,0
3/1/1996,36,14,4,33,14,37,37,16,37,37,25,0,0,0,7,0,0,0,0
3/4/1996,34,14,4,33,14,37,37,16,37,37,25,0,0,0,7,0,0,0,0
3/11/1996,34,14,35,33,14,37,37,16,37,37,25,0,0,0,7,0,0,0,0
3/14/1996,34,14,35,35,14,37,37,16,37,37,25,0,0,0,7,0,0,0,0
3/17/1996,38,14,35,35,14,37,37,16,37,37,25,0,0,0,7,0,0,0,0
8/26/1996,38,14,35,35,14,37,37,16,39,37,25,0,0,0,7,0,0,0,0
8/30/1996,38,14,35,35,14,37,37,16,39,37,25,0,0,0,7,0,0,0,0
9/6/1996,38,14,35,35,14,37,39,16,39,37,25,0,0,0,7,0,0,0,0
9/7/1996,38,14,35,35,14,37,39,16,39,37,25,0,0,0,7,0,0,0,0
10/19/1996,17,14,35,35,14,37,39,16,39,37,25,0,0,0,7,0,0,0,0
10/21/1996,40,14,35,35,14,37,39,16,39,37,25,0,0,0,7,0,0,0,0
10/25/1996,17,14,35,35,14,37,39,16,39,37,25,0,0,0,7,0,0,0,0
11/1/1996,17,14,35,35,14,37,39,16,39,37,25,0,0,0,7,0,0,0,0
11/3/1996,40,14,35,35,14,37,39,16,39,37,25,0,0,0,7,0,0,0,0
12/6/1996,40,14,35,41,14,37,39,16,39,37,25,0,0,0,7,0,0,0,0
12/8/1996,40,14,35,41,14,37,39,16,39,37,25,0,0,0,7,0,0,0,0
12/15/1996,15,14,35,41,14,37,39,16,39,37,25,0,0,0,7,0,0,0,0
1/1/1997,15,14,35,41,14,37,39,16,39,37,25,0,0,0,7,0,0,0,0
1/5/1997,42,14,35,41,14,37,39,16,39,37,25,0,0,0,7,0,0,0,0
1/7/1997,15,14,35,41,14,37,39,16,39,37,25,0,0,0,7,0,0,0,0
1/12/1997,42,14,35,41,14,37,39,16,39,37,25,0,0,0,7,0,0,0,0
1/16/1997,42,14,35,41,43,37,39,16,39,37,25,0,0,0,7,0,0,0,0
3/29/1997,17,14,35,41,43,37,39,16,39,37,25,0,0,0,7,0,0,0,0
3/31/1997,17,14,35,41,43,37,39,18,39,37,25,0,0,0,7,0,0,0,0
4/2/1997,19,14,35,41,43,37,39,18,39,37,25,0,0,0,7,0,0,0,0
4/5/1997,19,14,35,41,43,37,39,20,39,37,25,0,0,0,7,0,0,0,0
4/8/1997,19,14,35,41,43,37,39,20,39,37,25,0,0,0,7,0,0,0,0
4/10/1997,19,14,35,41,43,37,39,20,39,37,25,0,0,0,7,0,0,0,0
4/13/1997,21,14,35,41,43,37,39,20,39,37,25,0,0,0,7,0,0,0,0
5/22/1997,15,14,35,41,43,37,39,20,39,37,25,0,0,0,7,0,0,0,0
5/24/1997,15,14,35,41,43,37,39,20,39,37,25,0,0,0,7,0,0,0,0
5/25/1997,15,14,35,41,43,37,39,20,39,37,25,0,0,0,7,0,0,0,0
12/4/1997,21,14,35,41,43,37,39,20,39,37,25,0,0,0,7,0,0,0,0
12/7/1997,21,14,22,41,43,37,39,20,39,37,25,0,0,0,7,0,0,0,0
12/9/1997,21,14,22,41,43,37,39,20,39,37,25,0,0,0,7,0,0,0,0
12/17/1997,21,14,22,41,43,37,39,20,39,37,25,0,0,0,7,0,0,0,0
1/11/1998,21,14,22,41,43,37,39,20,39,37,25,0,0,0,7,0,0,0,0
1/14/1998,21,14,22,41,43,37,39,20,39,37,25,0,0,0,7,0,0,0,0
1/18/1998,21,14,22,41,43,37,39,20,39,37,25,0,0,0,7,0,0,0,0
1/21/1998,23,14,22,41,43,37,39,20,39,37,25,0,0,0,7,0,0,0,0
1/23/1998,21,14,22,41,43,37,39,20,39,37,25,0,0,0,7,0,0,0,0
1/26/1998,21,14,22,41,43,37,39,22,39,37,25,0,0,0,7,0,0,0,0
1/27/1998,21,14,22,41,43,37,39,22,39,37,25,0,0,0,7,0,0,0,0
2/8/1998,21,14,22,41,43,37,39,22,39,37,25,0,0,0,7,0,0,0,0
2/10/1998,21,14,22,41,43,37,39,22,39,37,25,0,0,0,7,0,0,0,0
2/12/1998,23,14,22,41,43,37,39,22,39,37,25,0,0,0,7,0,0,0,0
2/14/1998,23,14,22,41,43,37,39,22,39,37,25,0,0,0,7,0,0,0,0
4/1/1998,40,14,22,41,43,37,39,22,39,37,25,0,0,0,7,0,0,0,0
4/3/1998,40,14,22,41,43,37,39,22,41,37,25,0,0,0,7,0,0,0,0
4/7/1998,40,14,22,41,43,37,39,22,41,37,25,0,0,0,7,0,0,0,0
4/11/1998,40,14,22,41,43,37,39,22,41,37,25,0,0,0,7,0,0,0,0
4/14/1998,40,14,22,41,43,37,41,22,41,37,25,0,0,0,7,0,0,0,0
4/18/1998,40,14,41,41,43,37,41,22,41,37,25,0,0,0,7,0,0,0,0
4/19/1998,40,14,41,41,43,37,41,22,41,37,25,0,0,0,7,0,0,0,0
4/21/1998,40,14,41,41,43,37,41,22,41,37,25,0,0,0,7,0,0,0,0
4/22/1998,40,14,41,41,43,37,41,22,41,37,25,0,0,0,7,0,0,0,0
4/24/1998,42,14,41,41,43,37,41,22,41,37,25,0,0,0,7,0,0,0,0
10/28/1998,42,14,41,41,43,37,41,22,41,37,25,0,0,0,7,0,0,0,0
11/6/1998,42,14,41,41,43,37,41,22,41,37,25,0,0,0,7,0,0,0,0
11/8/1998,42,14,41,41,43,37,41,22,41,37,25,0,0,0,7,0,0,0,0
11/10/1998,42,14,41,41,43,37,41,22,41,37,25,0,0,0,7,0,0,0,0
1/10/1999,15,14,41,41,43,37,41,22,41,37,25,0,0,0,7,0,0,0,0
1/13/1999,15,14,41,41,43,16,41,22,41,37,25,0,0,0,7,0,0,0,0
1/15/1999,15,16,41,41,43,16,41,22,41,37,25,0,0,0,7,0,0,0,0
1/17/1999,17,16,41,41,43,16,41,22,41,37,25,0,0,0,7,0,0,0,0
1/21/1999,17,16,41,41,43,16,41,22,41,37,25,0,0,0,7,0,0,0,0
1/24/1999,17,16,41,41,43,18,41,22,41,37,25,0,0,0,7,0,0,0,0
1/26/1999,17,18,41,41,43,18,41,22,41,37,25,0,0,0,7,0,0,0,0
1/31/1999,17,18,41,41,43,18,41,22,41,37,25,0,0,0,7,0,0,0,0
2/5/1999,17,18,41,41,43,18,41,22,41,37,25,0,0,0,7,0,0,0,0
2/7/1999,17,18,41,41,43,18,41,22,41,37,25,0,0,0,7,0,0,0,0
2/10/1999,17,18,41,41,43,18,41,22,41,37,25,0,0,0,7,0,0,0,0
2/13/1999,17,18,41,41,43,18,41,22,41,37,25,0,0,0,7,0,0,0,0
4/11/1999,42,18,41,41,43,18,41,22,41,37,25,0,0,0,7,0,0,0,0
4/14/1999,42,18,41,43,43,18,41,22,41,37,25,0,0,0,7,0,0,0,0
4/17/1999,44,18,41,43,43,18,41,22,41,37,25,0,0,0,7,0,0,0,0
4/18/1999,44,18,41,45,43,18,41,22,41,37,25,0,0,0,7,0,0,0,0
4/21/1999,44,18,41,45,43,18,41,22,41,37,25,0,0,0,7,0,0,0,0
4/24/1999,44,18,41,45,43,18,41,22,41,37,25,0,0,0,7,0,0,0,0
4/25/1999,46,18,41,45,43,18,41,22,41,37,25,0,0,0,7,0,0,0,0
5/16/1999,46,18,41,45,43,18,41,22,41,37,25,47,0,0,7,0,0,0,0
5/20/1999,42,18,41,45,43,18,41,22,41,37,25,47,0,0,7,0,0,0,0
5/23/1999,44,18,41,45,43,18,41,22,41,37,25,47,0,0,7,0,0,0,0
5/27/1999,44,18,41,45,43,18,41,22,41,37,45,47,0,0,7,0,0,0,0
5/30/1999,44,18,41,45,43,18,41,22,41,37,45,47,0,0,7,0,0,0,0
6/4/1999,44,18,41,45,43,18,45,22,41,37,45,47,0,0,7,0,0,0,0
6/9/1999,44,18,41,45,43,18,45,22,45,37,45,47,0,0,7,0,0,0,0
6/13/1999,44,18,41,45,43,18,45,45,45,37,45,47,0,0,7,0,0,0,0
6/17/1999,44,18,41,45,43,18,45,45,45,37,45,47,0,0,7,0,0,0,0
6/20/1999,44,18,41,45,45,18,45,45,45,37,45,47,0,0,7,0,0,0,0
8/22/1999,44,18,41,45,45,45,45,45,45,37,45,47,0,0,7,0,0,0,0
8/23/1999,44,18,41,45,45,45,45,45,45,37,45,47,0,0,7,0,0,0,0
8/26/1999,44,18,41,45,45,45,45,45,45,37,45,47,0,0,7,0,0,0,0
8/28/1999,44,18,41,45,45,45,45,45,45,37,45,47,0,0,7,0,0,0,0
8/31/1999,46,18,41,45,45,45,45,45,45,37,45,47,0,0,7,0,0,0,0
10/21/1999,46,18,41,45,45,45,45,45,47,37,45,47,0,0,7,0,0,0,0
10/23/1999,46,18,41,45,45,45,45,45,47,37,45,47,0,0,7,0,0,0,0
10/24/1999,46,18,41,45,45,45,45,45,47,37,45,47,0,0,7,0,0,0,0
1/9/2000,46,18,41,45,45,45,45,45,47,37,45,47,0,0,7,0,0,0,0
1/12/2000,46,18,41,45,45,45,47,45,47,37,45,47,0,0,7,0,0,0,0
1/14/2000,46,18,41,45,45,45,47,45,47,37,45,47,0,0,7,0,0,0,0
1/16/2000,46,18,41,45,47,45,47,45,47,37,45,47,0,0,7,0,0,0,0
1/19/2000,46,18,41,45,47,45,47,45,47,37,45,47,0,0,7,0,0,0,0
1/23/2000,46,18,41,45,47,45,47,45,47,37,45,47,0,0,7,0,0,0,0
1/26/2000,46,18,41,45,47,45,47,45,47,37,45,47,0,0,7,0,0,0,0
1/30/2000,46,18,41,45,47,45,47,45,47,37,45,47,0,0,7,0,0,0,0
2/2/2000,46,18,41,45,47,45,47,45,47,37,45,47,0,0,7,0,0,0,0
2/4/2000,46,18,41,45,47,45,47,45,47,37,45,47,0,0,7,0,0,0,0
2/17/2000,46,18,41,45,47,45,47,45,47,37,45,47,0,0,7,0,0,0,0
2/19/2000,46,18,47,45,47,45,47,45,47,37,45,47,0,0,7,0,0,0,0
2/23/2000,46,18,47,45,47,45,47,45,47,37,45,47,0,0,7,0,0,0,0
2/26/2000,46,18,47,45,47,45,47,45,47,37,45,47,0,0,7,0,0,0,0
3/1/2000,46,18,47,45,47,45,47,45,47,37,45,47,0,0,7,0,0,0,0
3/3/2000,48,18,47,45,47,45,47,45,47,37,45,47,0,0,7,0,0,0,0
4/12/2000,46,18,47,45,47,45,47,45,47,37,45,47,0,0,7,0,0,0,0
4/14/2000,46,18,47,45,47,45,47,47,47,37,45,47,0,0,7,0,0,0,0
4/16/2000,48,18,47,45,47,45,47,47,47,37,45,47,0,0,7,0,0,0,0
8/16/2000,48,18,47,45,47,45,47,49,47,37,45,47,0,0,7,0,0,0,0
8/18/2000,48,18,47,45,47,45,47,49,47,37,45,47,0,0,7,0,0,0,0
8/20/2000,50,18,47,45,47,45,47,49,47,37,45,47,0,0,7,0,0,0,0
10/7/2000,48,18,47,45,47,45,47,49,47,37,45,47,0,0,7,0,0,0,0
1/11/2001,48,18,47,49,47,45,47,49,47,37,45,47,0,0,7,0,0,0,0
1/14/2001,48,18,47,49,47,45,47,49,47,37,45,47,0,0,7,0,0,0,0
1/17/2001,48,18,47,49,47,45,47,49,47,37,45,47,0,0,7,0,0,0,0
1/21/2001,48,18,47,49,47,45,47,49,49,37,45,47,0,0,7,0,0,0,0
1/26/2001,48,18,47,49,47,45,47,49,49,37,45,47,0,0,7,0,0,0,0
1/28/2001,48,18,47,49,47,45,47,49,49,37,45,47,0,0,7,0,0,0,0
1/30/2001,48,18,47,49,47,45,47,49,49,37,45,47,0,0,7,0,0,0,0
2/4/2001,48,18,47,49,47,45,47,49,49,37,45,47,0,0,7,0,0,0,0
2/7/2001,48,18,47,49,47,45,47,49,49,37,45,47,0,0,7,0,0,0,0
2/9/2001,48,18,47,49,47,45,47,49,49,37,45,47,0,0,7,0,0,0,0
3/25/2001,48,18,47,49,47,45,47,49,49,37,45,47,0,0,7,0,0,0,0
3/28/2001,48,18,47,49,47,45,49,49,49,37,45,47,0,0,7,0,0,0,0
3/31/2001,50,18,47,49,47,45,49,49,49,37,45,47,0,0,7,0,0,0,0
4/3/2001,50,18,47,49,47,45,51,49,49,37,45,47,0,0,7,0,0,0,0
4/6/2001,50,18,47,49,47,45,51,49,49,37,45,47,0,0,7,0,0,0,0
6/9/2001,50,18,47,49,51,45,51,49,49,37,45,47,0,0,7,0,0,0,0
6/10/2001,50,51,47,49,51,45,51,49,49,37,45,47,0,0,7,0,0,0,0
6/14/2001,50,51,47,49,51,45,51,49,49,37,45,47,0,0,7,0,0,0,0
6/19/2001,52,51,47,49,51,45,51,49,49,37,45,47,0,0,7,0,0,0,0
6/21/2001,52,53,47,49,51,45,51,49,49,37,45,47,0,0,7,0,0,0,0
6/23/2001,52,53,47,49,53,45,51,49,49,37,45,47,0,0,7,0,0,0,0
1/11/2002,48,53,47,49,53,45,51,49,49,37,45,47,0,0,7,0,0,0,0
1/13/2002,50,53,47,49,53,45,51,49,49,37,45,47,0,0,7,0,0,0,0
1/17/2002,48,53,47,49,53,45,51,49,49,37,45,47,0,0,7,0,0,0,0
1/20/2002,48,53,47,49,53,45,51,49,49,37,45,47,0,0,7,0,0,0,0
1/22/2002,48,53,47,49,53,45,51,49,49,37,45,47,0,0,7,0,0,0,0
1/26/2002,48,53,47,49,53,45,51,49,49,37,45,47,0,0,7,0,0,0,0
1/29/2002,48,53,49,49,53,45,51,49,49,37,45,47,0,0,7,0,0,0,0
2/3/2002,48,53,49,49,53,45,51,49,49,37,45,47,0,0,7,0,0,0,0
3/22/2002,48,53,49,49,53,45,51,49,49,37,45,47,0,0,7,0,0,0,0
3/24/2002,48,53,49,49,53,45,51,49,49,37,45,47,0,0,7,0,0,0,0
3/27/2002,48,53,49,49,53,45,51,49,49,37,45,47,0,0,7,0,0,0,0
3/30/2002,48,53,49,49,53,45,51,49,49,37,45,47,0,0,7,0,0,0,0
4/3/2002,48,53,49,49,53,45,51,49,49,37,45,47,0,0,7,0,0,0,0
4/6/2002,48,53,49,49,53,45,51,49,49,37,45,47,0,0,7,0,0,0,0
4/9/2002,50,53,49,49,53,45,51,49,49,37,45,47,0,0,7,0,0,0,0
6/12/2002,50,53,49,49,51,45,51,49,49,37,45,47,0,0,7,0,0,0,0
6/15/2002,52,53,49,49,51,45,51,49,49,37,45,47,0,0,7,0,0,0,0
6/19/2002,52,53,49,49,51,45,51,49,49,37,45,47,0,0,7,0,0,0,0
8/30/2002,52,53,49,49,53,45,51,49,49,37,45,47,0,0,7,0,0,0,0
9/2/2002,52,53,49,49,53,45,51,49,49,53,45,47,0,0,7,0,0,0,0
9/4/2002,52,53,49,49,53,45,51,49,49,53,45,47,0,0,7,0,0,0,0
9/5/2002,52,53,49,49,53,45,51,49,49,53,45,47,0,0,7,0,0,0,0
9/7/2002,52,53,49,49,53,45,51,49,49,53,45,47,0,0,7,0,0,0,0
9/15/2002,52,53,53,49,53,45,51,49,49,53,45,47,0,0,7,0,0,0,0
9/19/2002,52,53,53,49,53,45,51,49,49,53,53,47,0,0,7,0,0,0,0
9/27/2002,46,53,53,49,53,45,51,49,49,53,53,47,0,0,7,0,0,0,0
12/13/2002,46,47,53,49,53,45,51,49,49,53,53,47,0,0,7,0,0,0,0
12/15/2002,46,47,53,49,53,45,51,49,49,53,53,47,0,0,7,0,0,0,0
12/22/2002,46,47,53,49,53,47,51,49,49,53,53,47,0,0,7,0,0,0,0
1/9/2003,48,47,53,49,53,47,51,49,49,53,53,47,0,0,7,0,0,0,0
1/11/2003,48,49,53,49,53,47,51,49,49,53,53,47,0,0,7,0,0,0,0
1/15/2003,48,49,53,49,53,49,51,49,49,53,53,47,0,0,7,0,0,0,0
1/19/2003,48,49,53,49,53,49,51,49,49,53,53,47,0,0,7,0,0,0,0
1/21/2003,48,49,53,49,53,49,51,49,49,53,53,47,0,0,7,0,0,0,0
1/23/2003,48,49,53,49,53,49,51,49,49,53,53,47,0,0,7,0,0,0,0
1/25/2003,48,49,53,49,53,49,51,49,49,53,53,47,0,0,7,0,0,0,0
2/11/2003,48,49,53,49,49,49,51,49,49,53,53,47,0,0,7,0,0,0,0
2/15/2003,48,49,53,49,49,49,49,49,49,53,53,47,0,0,7,0,0,0,0
2/20/2003,48,49,53,49,49,49,49,49,49,53,53,47,0,0,7,49,0,0,0
2/24/2003,48,49,53,49,49,49,49,49,49,53,53,47,0,0,7,49,0,0,0
2/27/2003,48,49,53,49,49,49,49,49,49,53,53,47,0,0,7,49,49,0,0
3/2/2003,48,49,53,49,49,49,49,49,49,53,53,47,0,0,7,49,49,0,0
3/7/2003,48,49,53,49,49,49,49,49,49,53,53,47,0,0,7,49,49,0,0
3/11/2003,48,49,49,49,49,49,49,49,49,53,53,47,0,0,7,49,49,0,0
3/15/2003,48,49,49,49,49,49,49,49,49,49,53,47,0,0,7,49,49,0,0
3/18/2003,48,49,49,49,49,49,49,49,49,49,53,47,0,0,7,49,49,0,0
3/23/2003,48,49,49,49,49,49,49,49,49,49,53,47,0,0,7,49,49,0,0
5/17/2003,48,49,49,49,49,49,49,49,49,49,53,47,0,0,7,49,49,0,0
5/18/2003,48,49,49,49,49,49,49,49,49,49,53,47,0,0,7,49,49,0,0
5/21/2003,48,49,49,49,49,49,49,49,49,49,53,47,0,0,7,49,49,0,0
5/24/2003,48,49,49,49,49,49,49,49,49,49,53,47,0,0,7,49,49,0,0
5/25/2003,50,49,49,49,49,49,49,49,49,49,53,47,0,0,7,49,49,0,0
5/30/2003,50,49,49,49,49,49,49,49,49,49,53,47,0,0,7,49,49,0,0
6/1/2003,50,49,49,49,49,49,49,49,49,49,53,47,0,0,7,49,49,0,0
8/2/2003,50,49,49,49,49,49,49,49,49,49,51,47,0,0,7,49,49,0,0
8/3/2003,50,49,49,49,49,49,49,49,49,49,51,47,0,0,7,49,49,0,0
8/6/2003,50,49,49,49,49,49,49,49,49,49,51,47,0,0,7,49,49,0,0
10/26/2003,50,49,49,49,49,49,49,49,49,49,51,47,0,0,7,49,49,0,0
10/29/2003,50,49,51,49,49,49,49,49,49,49,51,47,0,0,7,49,49,0,0
11/1/2003,50,49,51,49,49,49,51,49,49,49,51,47,0,0,7,49,49,0,0
11/3/2003,50,49,51,49,49,49,51,49,49,49,51,47,0,0,7,49,49,0,0
11/9/2003,50,49,51,49,49,49,51,49,49,49,51,47,0,0,7,49,49,0,0
11/12/2003,50,49,51,49,49,49,51,49,49,49,51,47,0,0,7,49,49,0,0
11/18/2003,50,49,51,49,49,49,51,49,49,49,51,47,0,0,7,49,49,0,0
1/9/2004,50,49,51,49,49,49,51,49,49,49,51,47,0,0,7,49,49,0,0
1/11/2004,50,49,51,49,49,49,51,49,51,49,51,47,0,0,7,49,49,0,0
1/16/2004,50,49,51,49,49,49,51,49,51,49,51,47,0,0,7,49,49,0,0
1/18/2004,52,49,51,49,49,49,51,49,51,49,51,47,0,0,7,49,49,0,0
1/22/2004,52,49,51,49,49,49,53,49,51,49,51,47,0,0,7,49,49,0,0
1/26/2004,52,49,51,49,49,49,53,49,53,49,51,47,0,0,7,49,49,0,0
1/29/2004,52,49,51,49,49,49,53,49,53,49,51,47,0,0,7,49,49,0,0
2/1/2004,52,49,51,49,49,49,53,49,53,49,51,47,0,0,7,49,49,0,0
2/6/2004,52,49,51,49,49,49,53,49,53,49,51,47,0,0,7,49,49,0,0
2/8/2004,52,49,51,49,49,49,53,49,53,49,51,47,0,0,7,49,49,0,0
2/20/2004,52,49,51,49,49,53,53,49,53,49,51,47,0,0,7,49,49,0,0
2/22/2004,54,49,51,49,49,53,53,49,53,49,51,47,0,0,7,49,49,0,0
2/25/2004,54,49,51,49,49,55,53,49,53,49,51,47,0,0,7,49,49,0,0
2/27/2004,54,49,51,49,49,55,53,49,53,49,51,47,0,0,7,49,49,0,0
2/29/2004,56,49,51,49,49,55,53,49,53,49,51,47,0,0,7,49,49,0,0
5/25/2004,56,49,51,49,49,55,53,49,57,49,51,47,0,0,7,49,49,0,0
5/27/2004,56,49,51,49,49,55,53,49,57,49,51,47,0,0,7,49,49,0,0
5/29/2004,56,49,51,49,49,55,53,49,57,49,51,47,0,0,7,49,49,0,0
8/23/2004,56,49,51,49,49,55,53,49,57,49,51,47,0,0,7,49,49,0,0
8/28/2004,56,49,51,49,57,55,53,49,57,49,51,47,0,0,7,49,49,0,0
9/4/2004,56,49,51,49,57,55,53,49,57,49,51,47,0,0,7,49,49,0,0
9/13/2004,56,49,51,49,57,55,53,49,57,49,51,47,0,0,7,49,49,57,0
9/16/2004,56,49,57,49,57,55,53,49,57,49,51,47,0,0,7,49,49,57,0
9/21/2004,50,49,57,49,57,55,53,49,57,49,51,47,0,0,7,49,49,57,0
12/5/2004,58,49,57,49,57,55,53,49,57,49,51,47,0,0,7,49,49,57,0
12/8/2004,58,49,59,49,57,55,53,49,57,49,51,47,0,0,7,49,49,57,0
1/14/2005,58,49,59,59,57,55,53,49,57,49,51,47,0,0,7,49,49,57,0
1/16/2005,58,49,59,59,59,55,53,49,57,49,51,47,0,0,7,49,49,57,0
1/21/2005,58,49,59,59,59,55,53,49,57,49,51,47,0,0,7,49,49,57,0
1/23/2005,58,49,59,59,59,55,53,49,57,49,51,47,0,0,7,49,49,57,0
1/26/2005,58,49,59,59,59,55,53,49,57,49,51,47,0,0,7,49,49,57,0
1/30/2005,60,49,59,59,59,55,53,49,57,49,51,47,0,0,7,49,49,57,0
2/4/2005,60,49,59,59,61,55,53,49,57,49,51,47,0,0,7,49,49,57,0
2/6/2005,60,49,59,59,61,55,53,49,57,49,51,47,0,0,7,49,49,57,0
2/19/2005,60,49,61,59,61,55,53,49,57,49,51,47,0,0,7,49,49,57,0
2/22/2005,60,49,61,59,61,55,53,49,57,49,51,47,0,0,7,49,49,57,0
2/26/2005,60,49,61,59,61,55,53,49,57,49,51,47,0,0,7,49,49,57,0
3/1/2005,60,49,61,59,61,55,53,49,57,49,51,47,0,0,7,49,49,57,0
3/5/2005,60,49,61,59,61,55,53,49,57,49,51,47,0,0,7,49,49,57,0
6/18/2005,52,49,61,59,61,55,53,49,57,49,51,47,0,0,7,49,49,57,0
6/19/2005,50,49,61,59,61,55,53,49,57,49,51,47,0,0,7,49,49,57,0
6/23/2005,50,51,61,59,61,55,53,49,57,49,51,47,0,0,7,49,49,57,0
6/25/2005,50,51,61,59,61,55,53,49,57,49,51,47,0,0,7,49,49,57,0
6/28/2005,50,51,61,59,61,55,53,49,57,49,51,47,0,0,7,49,49,57,0
6/30/2005,50,51,61,59,61,55,53,49,57,49,51,47,0,0,7,49,49,57,0
7/2/2005,50,51,61,59,61,55,53,49,57,49,51,47,0,0,7,49,49,57,0
7/7/2005,52,51,61,59,61,55,53,49,57,49,51,47,0,0,7,49,49,57,0
7/10/2005,52,53,61,59,61,55,53,49,57,49,51,47,0,0,7,49,49,57,0
7/12/2005,52,53,61,59,61,55,53,49,57,49,51,47,0,0,7,49,49,57,0
10/5/2005,52,53,61,59,61,55,53,49,57,49,51,47,0,0,7,49,49,57,53
10/7/2005,52,53,61,59,61,55,53,49,57,49,51,47,0,0,7,49,49,57,53
10/9/2005,52,53,61,59,61,55,53,49,57,49,51,47,0,0,7,49,49,57,53
12/3/2005,52,53,53,59,61,55,53,49,57,49,51,47,0,0,7,49,49,57,53
12/7/2005,52,53,53,59,61,55,53,49,57,49,51,47,0,0,7,49,49,57,53
12/10/2005,54,53,53,59,61,55,53,49,57,49,51,47,0,0,7,49,49,57,53
1/13/2006,54,53,53,59,61,55,53,49,57,49,51,47,0,0,7,49,49,57,53
1/15/2006,50,53,53,59,61,55,53,49,57,49,51,47,0,0,7,49,49,57,53
1/20/2006,50,53,53,59,61,55,53,51,57,49,51,47,0,0,7,49,49,57,53
1/22/2006,56,53,53,59,61,55,53,51,57,49,51,47,0,0,7,49,49,57,53
1/26/2006,56,53,53,59,61,57,53,51,57,49,51,47,0,0,7,49,49,57,53
1/29/2006,56,53,53,59,61,57,53,51,57,49,51,47,0,0,7,49,49,57,53
2/3/2006,56,53,53,59,61,57,53,57,57,49,51,47,0,0,7,49,49,57,53
2/5/2006,56,53,53,59,61,57,53,57,57,49,51,47,0,0,7,49,49,57,53
2/10/2006,58,53,53,59,61,57,53,57,57,49,51,47,0,0,7,49,49,57,53
2/12/2006,58,53,53,59,61,59,53,57,57,49,51,47,0,0,7,49,49,57,53
2/14/2006,58,53,53,59,61,59,53,57,57,49,51,47,0,0,7,49,49,57,53
2/26/2006,58,53,53,59,61,59,53,57,57,49,51,47,0,0,7,49,49,57,53
3/3/2006,58,53,53,59,61,59,53,57,57,49,51,47,0,0,7,49,49,57,53
3/5/2006,58,53,53,59,61,59,53,59,57,49,51,47,0,0,7,49,49,57,53
3/10/2006,58,53,53,59,61,59,53,59,57,49,51,47,0,0,7,49,49,57,53
3/12/2006,60,53,53,59,61,59,53,59,57,49,51,47,0,0,7,49,49,57,53
4/23/2006,60,53,53,59,61,59,53,59,57,49,61,47,0,0,7,49,49,57,53
4/26/2006,60,53,53,59,61,59,53,59,57,49,61,47,0,0,7,49,49,57,53
4/28/2006,60,53,53,59,61,59,53,59,57,49,61,47,0,0,7,49,49,57,53
9/12/2006,60,53,53,61,61,59,53,59,57,49,61,47,0,0,7,49,49,57,53
9/16/2006,60,53,53,61,61,59,53,59,57,49,61,47,0,0,7,49,49,57,53
9/18/2006,62,53,53,61,61,59,53,59,57,49,61,47,0,0,7,49,49,57,53
9/22/2006,62,53,53,61,61,59,63,59,57,49,61,47,0,0,7,49,49,57,53
9/24/2006,62,53,53,63,61,59,63,59,57,49,61,47,0,0,7,49,49,57,53
10/18/2006,64,53,53,63,61,59,63,59,57,49,61,47,0,0,7,49,49,57,53
10/21/2006,64,65,53,63,61,59,63,59,57,49,61,47,0,0,7,49,49,57,53
10/29/2006,64,65,53,63,61,59,65,59,57,49,61,47,0,0,7,49,49,57,53
11/1/2006,64,65,65,63,61,59,65,59,57,49,61,47,0,0,7,49,49,57,53
11/5/2006,64,65,65,65,61,59,65,59,57,49,61,47,0,0,7,49,49,57,53
1/12/2007,64,65,65,65,61,59,65,59,57,49,61,47,0,0,7,49,49,57,53
1/14/2007,64,65,65,65,61,59,65,59,57,49,61,47,0,0,7,49,49,57,53
1/19/2007,64,65,65,65,61,59,65,59,57,49,61,47,0,0,7,49,49,57,53
1/21/2007,64,65,65,65,61,59,65,59,57,49,61,47,0,0,7,49,49,57,53
1/26/2007,64,65,65,65,61,59,65,59,57,49,61,47,0,0,7,49,49,57,53
1/28/2007,64,65,65,65,61,59,65,59,57,49,61,47,0,0,7,49,49,57,53
2/2/2007,66,65,65,65,61,59,65,59,57,49,61,47,0,0,7,49,49,57,53
2/4/2007,66,65,67,65,61,59,65,59,57,49,61,47,0,0,7,49,49,57,53
2/9/2007,66,65,67,65,61,59,65,59,57,49,61,47,0,0,7,49,49,57,53
2/11/2007,66,65,67,65,61,59,65,59,57,49,61,47,0,0,7,49,49,57,53
2/16/2007,68,65,67,65,61,59,65,59,57,49,61,47,0,0,7,49,49,57,53
2/18/2007,68,65,67,65,61,59,65,59,57,49,61,47,0,0,7,49,49,57,53
2/20/2007,68,65,67,65,61,59,65,59,57,49,61,47,0,0,7,49,49,57,53
3/14/2007,68,65,67,65,61,59,65,59,57,49,61,69,0,0,7,49,49,57,53
3/18/2007,68,65,67,65,61,59,65,59,57,49,61,69,0,0,7,69,49,57,53
3/24/2007,68,65,67,65,61,59,65,69,57,49,61,69,0,0,7,69,49,57,53
3/27/2007,68,65,67,69,61,59,65,69,57,49,61,69,0,0,7,69,49,57,53
3/31/2007,68,65,67,69,61,59,65,69,57,49,69,69,0,0,7,69,49,57,53
4/8/2007,68,69,67,69,61,59,65,69,57,49,69,69,0,0,7,69,49,57,53
4/13/2007,68,69,67,69,61,59,65,69,57,49,69,69,69,0,7,69,49,57,53
4/16/2007,68,69,67,69,61,69,65,69,57,49,69,69,69,0,7,69,49,57,53
4/20/2007,68,69,69,69,61,69,65,69,57,49,69,69,69,0,7,69,49,57,53
4/25/2007,68,69,69,69,61,69,65,69,57,49,69,69,69,0,7,69,49,57,53
4/28/2007,68,69,69,69,61,69,65,69,57,49,69,69,69,0,7,69,49,57,53
9/29/2007,68,69,69,69,61,69,65,69,57,49,69,69,69,0,7,69,49,57,53
10/2/2007,68,69,69,69,61,69,69,69,57,49,69,69,69,0,7,69,49,57,53
10/5/2007,68,69,69,69,61,69,69,69,57,49,69,69,69,0,7,69,49,57,53
10/8/2007,70,69,69,69,61,69,69,69,57,49,69,69,69,0,7,69,49,57,53
10/11/2007,70,69,69,69,61,69,71,69,57,49,69,69,69,0,7,69,49,57,53
10/14/2007,70,69,69,69,61,69,71,69,57,49,69,69,69,0,7,69,49,57,53
10/17/2007,72,69,69,69,61,69,71,69,57,49,69,69,69,0,7,69,49,57,53
12/14/2007,72,69,73,69,61,69,71,69,57,49,69,69,69,0,7,69,49,57,53
12/16/2007,72,69,73,69,61,69,71,69,57,49,69,69,69,0,7,69,49,57,53
12/20/2007,72,69,73,69,61,69,71,69,57,49,69,69,69,0,7,69,49,57,53
2/3/2008,72,69,73,69,61,69,71,69,57,49,69,69,69,0,7,69,49,57,53
2/8/2008,72,69,73,69,61,73,71,69,57,49,69,69,69,0,7,69,49,57,53
2/10/2008,72,69,73,69,61,73,71,69,57,49,69,69,69,0,7,69,49,57,53
2/15/2008,72,69,73,69,61,73,71,69,57,49,69,69,69,0,7,69,49,57,53
2/17/2008,72,69,73,69,61,73,73,69,57,49,69,69,69,0,7,69,49,57,53
2/22/2008,72,69,73,69,61,73,73,69,57,49,69,69,69,0,7,69,49,57,53
2/24/2008,72,69,73,69,61,73,73,69,57,49,69,69,69,0,7,69,49,57,53
2/29/2008,74,69,73,69,61,73,73,69,57,49,69,69,69,0,7,69,49,57,53
3/2/2008,74,69,73,69,61,73,73,69,57,49,69,69,69,0,7,69,49,57,53
3/4/2008,74,69,73,69,61,73,73,69,57,49,69,69,69,0,7,69,49,57,53
6/24/2008,74,69,73,75,61,73,73,69,57,49,69,69,69,0,7,69,49,57,53
6/27/2008,74,69,73,75,61,73,73,69,57,49,69,69,69,0,7,69,49,57,53
6/29/2008,74,69,73,75,61,73,73,69,57,49,69,69,69,0,7,69,49,57,53
7/4/2008,74,69,73,75,61,73,73,69,57,49,69,69,69,0,7,69,49,57,53
7/6/2008,74,69,73,75,61,73,73,69,57,49,69,69,69,0,7,69,49,57,53
8/30/2008,74,69,73,75,61,73,73,69,57,49,75,69,69,0,7,69,49,57,53
9/3/2008,74,69,73,75,61,73,73,69,57,49,75,69,69,0,7,69,49,57,53
9/6/2008,74,69,73,75,61,73,73,69,57,49,75,69,69,0,7,69,49,57,53
1/16/2009,70,69,73,75,61,73,73,69,57,49,75,69,69,0,7,69,49,57,53
1/18/2009,70,69,73,75,61,73,73,71,57,49,75,69,69,0,7,69,49,57,53
1/23/2009,72,69,73,75,61,73,73,71,57,49,75,69,69,0,7,69,49,57,53
1/26/2009,72,69,73,75,61,73,73,71,57,49,75,69,69,0,7,69,49,57,53
1/30/2009,72,69,73,75,61,73,73,71,57,49,75,69,69,0,7,69,49,57,53
2/1/2009,74,69,73,75,61,73,73,71,57,49,75,69,69,0,7,69,49,57,53
2/6/2009,74,69,73,75,61,73,73,71,57,49,75,69,69,0,7,69,49,57,53
2/8/2009,74,69,75,75,61,73,73,71,57,49,75,69,69,0,7,69,49,57,53
2/10/2009,74,69,75,75,61,73,73,71,57,49,75,69,69,0,7,69,49,57,53
2/13/2009,74,69,75,75,61,73,73,71,57,49,75,69,69,0,7,69,49,57,53
4/3/2009,74,69,75,75,61,73,73,75,57,49,75,69,69,0,7,69,49,57,53
4/5/2009,76,69,75,75,61,73,73,75,57,49,75,69,69,0,7,69,49,57,53
4/9/2009,76,69,75,75,61,73,73,75,57,49,75,69,69,0,7,69,49,57,53
4/13/2009,76,69,75,75,61,73,73,75,57,49,75,69,69,0,7,69,49,57,53
4/17/2009,76,69,75,75,61,73,73,77,57,49,75,69,69,0,7,69,49,57,53
4/22/2009,62,69,75,75,61,73,73,77,57,49,75,69,69,0,7,69,49,57,53
4/24/2009,62,69,75,75,63,73,73,77,57,49,75,69,69,0,7,69,49,57,53
4/27/2009,62,69,75,75,63,73,73,77,57,49,75,69,69,0,7,69,49,57,53
5/1/2009,62,69,75,75,63,73,73,77,57,49,75,69,69,0,7,69,49,57,53
5/3/2009,64,69,75,75,63,73,73,77,57,49,75,69,69,0,7,69,49,57,53
8/28/2009,64,69,75,75,63,73,73,77,57,49,75,65,69,0,7,69,49,57,53
9/4/2009,64,65,75,75,63,73,73,77,57,49,75,65,69,0,7,69,49,57,53
9/6/2009,64,65,75,75,63,73,73,77,57,49,75,65,69,0,7,69,49,57,53
9/9/2009,64,65,75,75,63,73,73,77,57,49,75,65,69,0,7,69,49,57,53
9/12/2009,64,65,75,75,63,73,73,77,57,49,75,65,69,0,7,69,49,57,53
9/15/2009,64,65,75,75,63,73,73,77,57,49,75,65,69,0,7,69,49,57,53
9/17/2009,64,65,75,75,63,73,73,77,57,49,75,65,69,0,7,69,49,57,53
9/20/2009,66,65,75,75,63,73,73,77,57,49,75,65,69,0,7,69,49,57,53
9/26/2009,66,65,75,67,63,73,73,77,57,49,75,65,69,0,7,69,49,57,53
9/28/2009,66,65,75,67,63,73,73,77,57,49,75,65,69,0,7,69,49,57,53
9/30/2009,66,65,75,67,67,73,73,77,57,49,75,65,69,0,7,69,49,57,53
10/2/2009,66,67,75,67,67,73,73,77,57,49,75,65,69,0,7,69,49,57,53
10/5/2009,66,67,67,67,67,73,73,77,57,49,75,65,69,0,7,69,49,57,53
10/25/2009,66,67,67,67,67,73,67,77,57,49,75,65,69,0,7,69,49,57,53
10/28/2009,68,67,67,67,67,73,67,77,57,49,75,65,69,0,7,69,49,57,53
10/31/2009,68,67,67,67,67,73,67,77,57,49,75,65,69,0,7,69,49,57,53
11/2/2009,68,67,67,67,67,73,69,77,57,49,75,65,69,0,7,69,49,57,53
11/5/2009,68,67,67,67,67,73,69,77,57,49,75,65,69,0,7,69,49,57,53
11/8/2009,68,67,67,67,67,73,69,77,57,49,75,65,69,0,7,69,49,57,53
1/22/2010,68,67,67,67,69,73,69,77,57,49,75,65,69,0,7,69,49,57,53
1/24/2010,68,67,67,67,69,73,69,77,57,49,75,65,69,0,7,69,49,57,53
1/26/2010,68,67,67,67,69,73,69,77,57,49,75,65,69,0,7,69,49,57,53
1/29/2010,68,67,67,67,69,73,69,77,57,49,75,65,69,0,7,69,49,57,53
1/31/2010,68,67,67,67,69,73,69,77,57,49,75,65,69,0,7,69,49,57,53
2/7/2010,68,67,67,69,69,73,69,77,57,49,75,65,69,0,7,69,49,57,53
2/9/2010,68,67,67,69,69,73,69,77,57,49,75,65,69,0,7,69,49,57,53
2/12/2010,68,67,67,69,69,73,69,77,57,49,75,65,69,0,7,69,49,57,53
2/14/2010,68,67,67,69,69,73,69,77,57,49,75,65,69,0,7,69,49,57,53
2/19/2010,68,67,67,69,69,73,69,77,57,49,75,65,69,0,7,69,49,57,53
3/3/2010,68,67,67,69,69,73,69,77,57,49,75,65,69,0,7,69,49,57,53
3/6/2010,68,67,69,69,69,73,69,77,57,49,75,65,69,0,7,69,49,57,53
3/9/2010,68,67,69,69,69,73,69,77,57,49,75,65,69,0,7,69,49,57,53
3/11/2010,68,67,69,69,69,73,69,77,57,49,75,65,69,0,7,69,49,57,53
3/13/2010,70,67,69,69,69,73,69,77,57,49,75,65,69,0,7,69,49,57,53
6/17/2010,70,67,69,69,69,73,69,77,57,49,75,65,71,0,7,69,49,57,53
6/22/2010,68,67,69,69,69,73,69,77,57,49,75,65,71,0,7,69,49,57,53
6/24/2010,68,67,69,69,69,73,69,77,57,49,75,65,71,0,7,69,49,57,53
6/27/2010,68,67,69,69,69,73,69,77,57,49,75,65,71,0,7,69,49,57,53
6/30/2010,68,69,69,69,69,73,69,77,57,49,75,65,71,0,7,69,49,57,53
7/3/2010,68,69,69,69,69,73,69,77,57,49,75,65,71,0,7,69,49,57,53
10/20/2010,70,69,69,69,69,73,69,77,57,49,75,65,71,0,7,69,49,57,53
11/3/2010,74,69,69,69,69,73,69,77,57,49,75,65,71,0,7,69,49,57,53
11/5/2010,74,69,69,69,69,73,69,77,57,49,75,65,71,0,7,69,49,57,53
11/7/2010,74,69,69,69,69,75,69,77,57,49,75,65,71,0,7,69,49,57,53
1/16/2011,74,75,69,69,69,75,69,77,57,49,75,65,71,0,7,69,49,57,53
1/21/2011,74,75,69,69,69,75,69,77,57,49,75,65,71,0,7,69,49,57,53
1/23/2011,74,75,69,69,69,75,69,77,57,49,75,65,71,0,7,69,49,57,53
1/26/2011,76,75,69,69,69,75,69,77,57,49,75,65,71,0,7,69,49,57,53
1/30/2011,76,77,69,69,69,75,69,77,57,49,75,65,71,0,7,69,49,57,53
2/2/2011,76,77,69,69,69,75,69,77,57,49,75,65,71,0,7,69,49,57,53
2/6/2011,76,77,69,69,69,75,69,77,57,49,75,65,71,0,7,69,49,57,53
2/21/2011,76,77,69,69,69,75,69,77,77,49,75,65,71,0,7,69,49,57,53
2/25/2011,76,77,77,69,69,75,69,77,77,49,75,65,71,0,7,69,49,57,53
3/5/2011,76,77,77,69,69,75,69,77,77,49,75,65,71,0,7,69,49,57,53
3/13/2011,76,77,77,69,69,75,69,77,77,77,75,65,71,0,7,69,49,57,53
3/16/2011,76,77,77,69,69,75,69,77,77,77,75,65,71,0,77,69,49,57,53
3/19/2011,70,77,77,69,69,75,69,77,77,77,75,65,71,0,77,69,49,57,53
3/24/2011,70,77,77,69,69,75,69,77,77,77,75,65,71,0,77,69,49,57,53
4/9/2011,70,77,77,69,69,75,69,77,77,77,71,65,71,0,77,69,49,57,53
4/11/2011,70,77,77,69,69,75,69,77,77,77,71,65,71,0,77,69,49,57,53
4/13/2011,70,77,77,69,69,75,69,77,77,77,71,65,71,0,77,69,49,57,53
8/10/2011,70,77,77,69,69,71,69,77,77,77,71,65,71,0,77,69,49,57,53
8/14/2011,70,77,77,69,69,71,69,77,77,77,71,65,71,0,77,69,49,57,53
8/16/2011,72,77,77,69,69,71,69,77,77,77,71,65,71,0,77,69,49,57,53
8/20/2011,72,77,77,69,69,73,69,77,77,77,71,65,71,0,77,69,49,57,53
8/22/2011,74,77,77,69,69,73,69,77,77,77,71,65,71,0,77,69,49,57,53
10/19/2011,74,77,77,69,69,73,69,75,77,77,71,65,71,0,77,69,49,57,53
10/23/2011,76,77,77,69,69,73,69,75,77,77,71,65,71,0,77,69,49,57,53
10/28/2011,76,77,77,69,69,73,69,77,77,77,71,65,71,0,77,69,49,57,53
2/5/2012,76,77,77,69,69,73,77,77,77,77,71,65,71,0,77,69,49,57,53
2/10/2012,76,77,77,69,69,77,77,77,77,77,71,65,71,0,77,69,49,57,53
2/12/2012,78,77,77,69,69,77,77,77,77,77,71,65,71,0,77,69,49,57,53
2/17/2012,78,77,77,69,69,77,77,77,77,77,71,65,71,0,77,69,49,57,53
2/19/2012,78,77,77,69,69,77,79,77,77,77,71,65,71,0,77,69,49,57,53
2/24/2012,78,77,77,69,69,77,79,77,77,77,71,65,71,0,77,69,49,57,53
2/26/2012,78,77,77,69,69,77,79,77,77,77,71,65,71,0,77,69,49,57,53
3/2/2012,78,77,77,69,69,77,79,77,77,77,71,65,71,0,77,69,49,57,53
3/4/2012,78,77,77,69,69,79,79,77,77,77,71,65,71,0,77,69,49,57,53
3/6/2012,80,77,77,69,69,79,79,77,77,77,71,65,71,0,77,69,49,57,53
3/8/2012,80,77,77,69,69,81,79,77,77,77,71,65,71,0,77,69,49,57,53
3/16/2012,80,77,77,81,69,81,79,77,77,77,71,65,71,0,77,69,49,57,53
3/18/2012,82,77,77,81,69,81,79,77,77,77,71,65,71,0,77,69,49,57,53
3/20/2012,82,77,77,81,69,81,79,77,77,77,71,65,71,0,77,69,49,57,53
3/23/2012,82,77,77,81,69,81,79,77,77,77,71,65,71,0,77,69,49,57,53
3/25/2012,82,77,77,83,69,81,79,77,77,77,71,65,71,0,77,69,49,57,53
6/23/2012,82,77,77,83,69,81,79,77,77,77,71,65,71,0,77,69,49,57,53
6/29/2012,78,77,77,83,69,81,79,77,77,77,71,65,71,0,77,69,49,57,53
7/1/2012,78,77,77,83,69,81,79,77,77,77,71,65,71,0,77,69,49,57,53
7/7/2012,78,77,77,83,69,81,79,77,77,77,71,65,71,0,77,69,49,57,53
7/10/2012,78,77,77,83,69,81,79,77,77,77,71,65,71,0,77,69,49,57,53
8/25/2012,78,77,77,83,69,81,79,77,77,77,71,65,71,79,77,69,49,57,53
8/28/2012,78,77,77,83,79,81,79,77,77,77,71,65,71,79,77,69,49,57,53
8/31/2012,80,77,77,83,79,81,79,77,77,77,71,65,71,79,77,69,49,57,53
9/3/2012,80,77,77,83,81,81,79,77,77,77,71,65,71,79,77,69,49,57,53
1/11/2013,80,77,77,83,81,81,79,77,77,77,71,65,71,79,77,69,49,57,53
1/13/2013,82,77,77,83,81,81,79,77,77,77,71,65,71,79,77,69,49,57,53
1/18/2013,82,77,77,83,81,81,79,77,77,77,71,65,71,79,77,69,49,57,53
1/20/2013,82,77,77,83,81,81,79,77,77,77,71,65,71,79,77,69,49,57,53
1/23/2013,82,77,77,83,81,83,79,77,77,77,71,65,71,79,77,69,49,57,53
2/1/2013,82,77,77,83,81,83,79,77,77,77,71,65,71,79,77,69,49,57,53
2/3/2013,82,77,77,83,81,83,79,77,77,77,71,65,71,79,77,69,49,57,53
2/6/2013,82,77,77,83,81,83,79,77,77,77,71,65,71,79,77,69,49,57,53
2/8/2013,82,77,77,83,81,83,79,77,77,77,71,65,71,79,77,69,49,57,53
2/10/2013,82,77,77,83,81,83,79,77,77,77,71,65,71,79,77,69,49,57,53
6/8/2013,78,77,77,83,81,83,79,77,77,77,71,65,71,79,77,69,49,57,53
6/12/2013,78,77,77,83,81,83,79,77,77,77,71,65,71,79,77,69,49,57,53
6/17/2013,84,77,77,83,81,83,79,77,77,77,71,65,71,79,77,69,49,57,53
9/3/2013,84,77,77,83,81,83,79,77,77,77,71,85,71,79,77,69,49,57,53
9/8/2013,84,85,77,83,81,83,79,77,77,77,71,85,71,79,77,69,49,57,53
9/11/2013,84,85,77,83,81,83,79,77,77,77,71,85,71,79,77,69,49,57,53
9/14/2013,86,85,77,83,81,83,79,77,77,77,71,85,71,79,77,69,49,57,53
9/16/2013,86,87,77,83,81,83,79,77,77,77,71,85,71,79,77,69,49,57,53
10/13/2013,86,87,77,83,81,83,87,77,77,77,71,85,71,79,77,69,49,57,53
10/16/2013,88,87,77,83,81,83,87,77,77,77,71,85,71,79,77,69,49,57,53
10/19/2013,88,87,77,83,81,83,89,77,77,77,71,85,71,79,77,69,49,57,53
10/23/2013,88,87,77,83,81,83,89,77,77,77,71,85,71,79,77,69,49,57,53
10/30/2013,90,87,77,83,81,83,89,77,77,77,71,85,71,79,77,69,49,57,53
11/2/2013,90,87,77,83,81,83,89,77,77,77,71,85,71,79,77,69,49,57,53
1/12/2014,90,91,77,83,81,83,89,77,77,77,71,85,71,79,77,69,49,57,53
1/17/2014,90,91,77,83,81,83,89,77,77,77,71,85,71,79,77,69,49,57,53
1/19/2014,90,91,77,83,81,83,89,77,77,77,71,85,71,79,77,69,49,57,53
1/24/2014,92,91,77,83,81,83,89,77,77,77,71,85,71,79,77,69,49,57,53
1/26/2014,92,93,77,83,81,83,89,77,77,77,71,85,71,79,77,69,49,57,53
8/25/2014,92,93,77,83,81,83,89,77,93,77,71,85,71,79,77,69,49,57,53
8/27/2014,78,93,77,83,81,83,89,77,93,77,71,85,71,79,77,69,49,57,53
8/31/2014,94,93,77,83,81,83,89,77,93,77,71,85,71,79,77,69,49,57,53
9/2/2014,94,93,77,83,81,83,89,95,93,77,71,85,71,79,77,69,49,57,53
9/6/2014,96,93,77,83,81,83,89,95,93,77,71,85,71,79,77,69,49,57,53
10/7/2014,96,93,77,83,97,83,89,95,93,77,71,85,71,79,77,69,49,57,53
10/10/2014,96,93,77,83,97,83,89,95,93,77,71,85,71,79,77,69,49,57,53
10/12/2014,96,93,77,83,97,83,89,95,93,77,71,85,71,79,77,69,49,57,53
11/14/2014,96,93,77,83,97,83,89,97,93,77,71,85,71,79,77,69,49,57,53
11/16/2014,98,93,77,83,97,83,89,97,93,77,71,85,71,79,77,69,49,57,53
11/19/2014,98,93,77,83,97,83,89,99,93,77,71,85,71,79,77,69,49,57,53
11/21/2014,98,93,77,83,97,83,89,99,93,77,71,85,71,79,77,69,49,57,53
11/23/2014,98,93,77,83,97,83,89,99,93,77,71,85,71,79,77,69,49,57,53
1/16/2015,98,99,77,83,97,83,89,99,93,77,71,85,71,79,77,69,49,57,53
1/18/2015,98,99,77,83,97,83,99,99,93,77,71,85,71,79,77,69,49,57,53
1/23/2015,98,99,77,83,97,83,99,99,93,77,71,85,71,79,77,69,49,57,53
1/26/2015,98,99,77,83,97,83,99,99,93,77,71,85,71,79,77,69,49,57,53
2/1/2015,98,99,77,83,97,83,99,99,93,77,71,85,71,79,77,69,49,57,53
2/14/2015,98,99,77,83,97,83,99,99,93,77,71,85,71,79,77,69,49,57,53
2/28/2015,78,99,77,83,97,83,99,99,93,77,71,85,71,79,77,69,49,57,53
3/4/2015,78,99,77,83,97,83,99,99,93,77,71,85,71,79,77,69,49,57,53
3/8/2015,78,99,77,83,97,79,99,99,93,77,71,85,71,79,77,69,49,57,53
3/14/2015,78,99,77,83,97,79,99,99,93,77,71,79,71,79,77,69,49,57,53
3/20/2015,78,99,77,83,79,79,99,99,93,77,71,79,71,79,77,69,49,57,53
3/26/2015,78,99,77,83,79,79,79,99,93,77,71,79,71,79,77,69,49,57,53
3/29/2015,78,99,79,83,79,79,79,99,93,77,71,79,71,79,77,69,49,57,53
8/27/2015,78,99,79,83,79,79,79,99,93,77,71,79,79,79,77,69,49,57,53
9/3/2015,78,79,79,83,79,79,79,99,93,77,71,79,79,79,77,69,49,57,53
9/5/2015,78,79,79,83,79,79,79,99,93,77,71,79,79,79,77,69,49,57,53
9/8/2015,80,79,79,83,79,79,79,99,93,77,71,79,79,79,77,69,49,57,53
9/11/2015,80,79,79,83,79,79,79,99,93,77,71,79,79,79,77,69,49,57,53
9/13/2015,80,81,79,83,79,79,79,99,93,77,71,79,79,79,77,69,49,57,53
1/12/2016,80,81,79,83,79,79,81,99,93,77,71,79,79,79,77,69,49,57,53
1/15/2016,80,81,79,83,79,79,81,99,93,77,71,79,79,79,77,69,49,57,53
1/17/2016,80,81,79,83,79,79,81,99,93,77,71,79,79,79,77,69,49,57,53
1/20/2016,80,81,79,83,79,79,81,99,93,77,71,79,79,79,77,69,49,57,53
1/23/2016,82,81,79,83,79,79,81,99,93,77,71,79,79,79,77,69,49,57,53
2/3/2016,80,81,79,83,79,79,81,99,93,77,71,79,79,79,77,69,49,57,53
2/6/2016,80,81,81,83,79,79,81,99,93,77,71,79,79,79,77,69,49,57,53
2/8/2016,82,81,81,83,79,79,81,99,93,77,71,79,79,79,77,69,49,57,53
6/5/2016,82,81,81,83,79,79,81,99,93,77,71,79,79,79,77,69,49,57,53
6/7/2016,100,81,81,83,79,79,81,99,93,77,71,79,79,79,77,69,49,57,53
6/11/2016,100,81,81,83,79,79,81,101,93,77,71,79,79,79,77,69,49,57,53
6/13/2016,84,81,81,83,79,79,81,101,93,77,71,79,79,79,77,69,49,57,53
6/19/2016,84,81,81,83,79,79,81,101,93,77,71,79,79,79,77,69,49,57,53
6/21/2016,84,81,81,85,79,79,81,101,93,77,71,79,79,79,77,69,49,57,53
6/26/2016,84,81,81,85,79,79,81,101,93,77,71,79,79,79,77,69,49,57,53
8/21/2016,84,81,81,85,79,85,81,101,93,77,71,79,79,79,77,69,49,57,53
8/24/2016,86,81,81,85,79,85,81,101,93,77,71,79,79,79,77,69,49,57,53
8/28/2016,86,81,81,85,79,87,81,101,93,77,71,79,79,79,77,69,49,57,53
8/31/2016,86,81,81,85,79,87,81,101,93,77,71,79,79,79,77,69,49,57,53
9/4/2016,86,81,81,85,79,87,81,101,93,77,71,79,79,79,77,69,49,57,53
9/27/2016,86,81,81,85,79,87,81,101,93,77,71,79,87,79,77,69,49,57,53
9/30/2016,102,81,81,85,79,87,81,101,93,77,71,79,87,79,77,69,49,57,53
10/2/2016,102,81,81,85,79,87,81,101,93,77,71,79,87,79,77,69,49,57,53
10/5/2016,102,81,81,85,79,87,81,101,93,77,71,79,87,79,77,69,49,57,53
10/9/2016,102,81,81,85,79,87,81,101,93,77,71,79,87,79,77,69,49,57,53
10/12/2016,102,81,81,85,79,87,81,101,93,77,71,79,87,79,77,69,49,57,53
12/4/2016,102,81,103,85,79,87,81,101,93,77,71,79,87,79,77,69,49,57,53
12/6/2016,102,81,103,85,79,87,81,101,93,77,71,79,87,79,77,69,49,57,53
12/9/2016,102,81,103,85,79,87,81,101,93,77,71,79,87,79,77,69,49,57,53
1/13/2017,102,81,103,85,103,87,81,101,93,77,71,79,87,79,77,69,49,57,53
1/15/2017,104,81,103,85,103,87,81,101,93,77,71,79,87,79,77,69,49,57,53
1/19/2017,104,81,103,85,105,87,81,101,93,77,71,79,87,79,77,69,49,57,53
1/22/2017,104,81,103,85,105,87,81,101,93,77,71,79,87,79,77,69,49,57,53
1/26/2017,104,81,103,85,105,87,81,101,93,77,71,79,87,79,77,69,49,57,53
1/30/2017,104,81,103,85,105,87,81,101,93,77,71,79,87,79,77,69,49,57,53
2/5/2017,104,81,103,85,105,87,81,101,93,77,71,79,87,79,77,69,49,57,53
6/2/2017,104,81,103,85,105,87,81,101,93,77,71,79,87,79,77,69,49,57,53
6/5/2017,104,81,103,85,105,87,81,101,93,77,71,79,87,79,77,69,49,57,53
6/10/2017,82,81,103,85,105,87,81,101,93,77,71,79,87,79,77,69,49,57,53
9/17/2017,82,81,103,85,105,87,81,101,93,77,71,79,87,79,77,69,49,57,53
9/21/2017,82,81,103,85,105,87,81,101,93,77,71,79,87,79,77,69,49,57,53
9/24/2017,82,81,103,85,105,87,81,101,93,77,71,79,87,79,77,69,49,57,53
9/28/2017,82,81,103,85,105,87,83,101,93,77,71,79,87,79,77,69,49,57,53
10/1/2017,84,81,103,85,105,87,83,101,93,77,71,79,87,79,77,69,49,57,53
1/14/2018,82,81,103,85,105,87,83,101,93,77,71,79,87,79,77,69,49,57,53
1/19/2018,82,81,103,85,105,87,83,101,93,77,71,79,87,79,77,69,49,57,53
1/21/2018,82,81,103,85,105,87,83,101,93,77,71,79,87,79,77,69,49,57,53
1/26/2018,82,83,103,85,105,87,83,101,93,77,71,79,87,79,77,69,49,57,53
1/28/2018,84,83,103,85,105,87,83,101,93,77,71,79,87,79,77,69,49,57,53
6/13/2018,84,83,103,85,105,87,83,101,93,77,71,79,87,79,77,69,49,57,53
6/16/2018,84,83,103,85,105,87,83,101,93,77,71,79,87,79,77,69,49,57,53
6/19/2018,84,83,103,85,105,87,83,101,93,77,71,79,87,79,77,69,49,57,53
6/21/2018,84,83,103,85,105,87,83,101,93,77,71,79,87,79,77,69,49,57,53
6/24/2018,84,83,103,85,105,87,83,101,93,77,71,79,87,79,77,69,49,57,53
11/4/2018,102,83,103,85,105,87,83,101,93,77,71,79,87,79,77,69,49,57,53
11/9/2018,102,83,103,85,105,87,83,103,93,77,71,79,87,79,77,69,49,57,53
11/11/2018,104,83,103,85,105,87,83,103,93,77,71,79,87,79,77,69,49,57,53
1/12/2019,104,83,103,85,105,87,105,103,93,77,71,79,87,79,77,69,49,57,53
1/15/2019,106,83,103,85,105,87,105,103,93,77,71,79,87,79,77,69,49,57,53
1/18/2019,106,83,103,85,105,87,105,103,93,77,71,79,87,79,77,69,49,57,53
3/2/2019,106,83,103,85,105,87,105,103,93,77,71,79,87,79,77,69,49,57,53
3/5/2019,106,83,103,85,105,87,105,103,93,77,71,79,87,79,77,69,49,57,53
3/8/2019,106,83,103,85,105,87,107,103,93,77,71,79,87,79,77,69,49,57,53
3/10/2019,106,83,103,85,105,87,107,103,93,77,71,79,87,79,77,69,49,57,53
3/13/2019,106,83,103,85,105,87,107,103,93,77,71,79,87,79,77,69,49,57,53
3/22/2019,106,83,103,85,107,87,107,103,93,77,71,79,87,79,77,69,49,57,53
3/24/2019,106,83,103,85,107,87,107,103,93,77,71,79,87,79,77,69,49,57,53
3/27/2019,106,83,103,85,107,87,107,103,93,77,71,79,87,79,77,69,49,57,53
3/29/2019,106,83,103,85,107,87,107,103,93,77,71,79,87,79,77,69,49,57,53
3/31/2019,106,83,103,85,107,87,107,103,93,77,71,79,87,79,77,69,49,57,53
6/1/2019,106,83,103,85,107,87,107,103,93,77,71,79,87,107,77,69,49,57,53
6/6/2019,106,83,103,107,107,87,107,103,93,77,71,79,87,107,77,69,49,57,53
6/9/2019,108,83,103,107,107,87,107,103,93,77,71,79,87,107,77,69,49,57,53
6/12/2019,108,83,103,107,109,87,107,103,93,77,71,79,87,107,77,69,49,57,53
6/15/2019,108,83,103,107,109,109,107,103,93,77,71,79,87,107,77,69,49,57,53
6/20/2019,108,83,103,107,109,109,107,103,93,77,109,79,87,107,77,69,49,57,53
6/25/2019,108,109,103,107,109,109,107,103,93,77,109,79,87,107,77,69,49,57,53
6/29/2019,108,109,109,107,109,109,107,103,93,77,109,79,87,107,77,69,49,57,53
7/6/2019,104,109,109,107,109,109,107,103,93,77,109,79,87,107,77,69,49,57,53
7/11/2019,110,109,109,107,109,109,107,103,93,77,109,79,87,107,77,69,49,57,53
1/14/2020,110,109,109,107,109,109,111,103,93,77,109,79,87,107,77,69,49,57,53
1/17/2020,112,109,109,107,109,109,111,103,93,77,109,79,87,107,77,69,49,57,53
1/19/2020,112,109,109,107,109,109,111,103,93,77,109,79,87,107,77,69,49,57,53
2/29/2020,104,109,109,107,109,109,111,103,93,77,109,79,87,107,77,69,49,57,53
3/4/2020,104,109,109,107,109,109,111,103,93,77,109,79,87,107,77,69,49,57,53
3/7/2020,104,109,109,107,109,109,111,103,93,77,109,79,87,107,77,69,49,57,53
3/13/2020,104,109,105,107,109,109,111,103,93,77,109,79,87,107,77,69,49,57,53
9/11/2020,104,105,105,107,109,109,111,103,93,77,109,79,87,107,77,69,49,57,53
9/13/2020,106,105,105,107,109,109,111,103,93,77,109,79,87,107,77,69,49,57,53
9/16/2020,106,107,105,107,109,109,111,103,93,77,109,79,87,107,77,69,49,57,53
11/27/2020,106,107,105,107,109,109,107,103,93,77,109,79,87,107,77,69,49,57,53
11/29/2020,106,107,105,107,109,109,107,103,93,77,109,79,87,107,77,69,49,57,53
12/2/2020,108,107,105,107,109,109,107,103,93,77,109,79,87,107,77,69,49,57,53
7/20/2021,108,107,105,109,109,109,107,103,93,77,109,79,87,107,77,69,49,57,53
7/22/2021,110,107,105,109,109,109,107,103,93,77,109,79,87,107,77,69,49,57,53
7/26/2021,110,107,105,111,109,109,107,103,93,77,109,79,87,107,77,69,49,57,53
3/29/2022,110,107,105,111,111,109,107,103,93,77,109,79,87,107,77,69,49,57,53
3/31/2022,112,107,105,111,111,109,107,103,93,77,109,79,87,107,77,69,49,57,53
4/2/2022,112,107,105,111,111,109,107,103,93,77,109,79,87,107,77,69,49,57,53
6/14/2022,112,107,105,111,111,113,107,103,93,77,109,79,87,107,77,69,49,57,53
6/16/2022,114,107,105,111,111,113,107,103,93,77,109,79,87,107,77,69,49,57,53
6/19/2022,114,107,105,111,111,113,107,103,93,77,109,79,87,107,77,69,49,57,53
6/21/2022,114,107,105,111,111,113,107,103,93,77,109,79,87,107,77,69,49,57,53
6/24/2022,114,107,105,111,111,115,107,103,93,77,109,79,87,107,77,69,49,57,53
8/28/2022,114,107,105,111,111,115,107,103,115,77,109,79,87,107,77,69,49,57,53
8/31/2022,114,107,105,111,111,115,107,103,115,77,109,79,87,107,77,69,49,57,53
9/3/2022,116,107,105,111,111,115,107,103,115,77,109,79,87,107,77,69,49,57,53
9/6/2022,116,107,117,111,111,115,107,103,115,77,109,79,87,107,77,69,49,57,53
9/8/2022,116,107,117,111,111,115,107,103,115,77,109,79,87,107,77,69,49,57,53
9/11/2022,116,107,117,111,111,115,107,103,115,77,109,79,87,107,77,69,49,57,53
11/17/2022,116,117,117,111,111,115,107,103,115,77,109,79,87,107,77,69,49,57,53
11/19/2022,116,117,117,111,111,115,107,103,115,77,109,79,87,107,77,69,49,57,53
11/22/2022,116,117,117,111,111,115,107,103,115,77,109,79,87,107,77,69,49,57,53
