,England,East Africa,India,New Zealand,Pakistan,Australia,West Indies,Sri Lanka,Bangladesh,Zimbabwe,South Africa,U.A.E.,Kenya,Bermuda,Ireland,Scotland,Hong Kong,Afghanistan,Netherlands,Namibia
7/13/1974,0,0,1,0,0,0,0,0,0,0,0,0,0,0,0,0,0,0,0,0
7/15/1974,0,0,2,0,0,0,0,0,0,0,0,0,0,0,0,0,0,0,0,0
6/7/1975,0,0,3,0,0,0,0,0,0,0,0,0,0,0,0,0,0,0,0,0
6/11/1975,0,1,3,0,0,0,0,0,0,0,0,0,0,0,0,0,0,0,0,0
6/14/1975,0,1,4,0,0,0,0,0,0,0,0,0,0,0,0,0,0,0,0,0
2/21/1976,0,1,5,0,0,0,0,0,0,0,0,0,0,0,0,0,0,0,0,0
2/22/1976,0,1,6,0,0,0,0,0,0,0,0,0,0,0,0,0,0,0,0,0
10/1/1978,0,1,6,0,1,0,0,0,0,0,0,0,0,0,0,0,0,0,0,0
10/13/1978,0,1,7,0,1,0,0,0,0,0,0,0,0,0,0,0,0,0,0,0
11/3/1978,0,1,8,0,1,0,0,0,0,0,0,0,0,0,0,0,0,0,0,0
6/9/1979,0,1,9,0,1,0,0,0,0,0,0,0,0,0,0,0,0,0,0,0
6/13/1979,0,1,10,0,1,0,0,0,0,0,0,0,0,0,0,0,0,0,0,0
6/16/1979,0,1,11,0,1,0,0,0,0,0,0,0,0,0,0,0,0,0,0,0
12/6/1980,0,1,11,0,1,1,0,0,0,0,0,0,0,0,0,0,0,0,0,0
12/9/1980,0,1,11,1,1,1,0,0,0,0,0,0,0,0,0,0,0,0,0,0
12/18/1980,0,1,12,1,1,1,0,0,0,0,0,0,0,0,0,0,0,0,0,0
12/21/1980,0,1,13,1,1,1,0,0,0,0,0,0,0,0,0,0,0,0,0,0
12/23/1980,0,1,13,2,1,1,0,0,0,0,0,0,0,0,0,0,0,0,0,0
1/8/1981,0,1,14,2,1,1,0,0,0,0,0,0,0,0,0,0,0,0,0,0
1/10/1981,0,1,15,2,1,1,0,0,0,0,0,0,0,0,0,0,0,0,0,0
1/11/1981,0,1,16,2,1,1,0,0,0,0,0,0,0,0,0,0,0,0,0,0
1/15/1981,0,1,17,2,1,1,0,0,0,0,0,0,0,0,0,0,0,0,0,0
1/18/1981,0,1,18,2,1,1,0,0,0,0,0,0,0,0,0,0,0,0,0,0
2/14/1981,0,1,19,2,1,1,0,0,0,0,0,0,0,0,0,0,0,0,0,0
2/15/1981,0,1,20,2,1,1,0,0,0,0,0,0,0,0,0,0,0,0,0,0
11/25/1981,0,1,21,2,1,1,0,0,0,0,0,0,0,0,0,0,0,0,0,0
12/20/1981,1,1,21,2,1,1,0,0,0,0,0,0,0,0,0,0,0,0,0,0
1/27/1982,2,1,21,2,1,1,0,0,0,0,0,0,0,0,0,0,0,0,0,0
6/2/1982,2,1,22,2,1,1,0,0,0,0,0,0,0,0,0,0,0,0,0,0
6/4/1982,2,1,23,2,1,1,0,0,0,0,0,0,0,0,0,0,0,0,0,0
9/12/1982,2,1,23,2,1,1,0,1,0,0,0,0,0,0,0,0,0,0,0,0
9/15/1982,2,1,23,2,1,1,0,2,0,0,0,0,0,0,0,0,0,0,0,0
9/26/1982,2,1,23,2,1,1,0,3,0,0,0,0,0,0,0,0,0,0,0,0
12/3/1982,2,1,24,2,1,1,0,3,0,0,0,0,0,0,0,0,0,0,0,0
12/17/1982,2,1,25,2,1,1,0,3,0,0,0,0,0,0,0,0,0,0,0,0
12/31/1982,2,1,25,2,2,1,0,3,0,0,0,0,0,0,0,0,0,0,0,0
1/21/1983,2,1,26,2,2,1,0,3,0,0,0,0,0,0,0,0,0,0,0,0
3/9/1983,2,1,27,2,2,1,0,3,0,0,0,0,0,0,0,0,0,0,0,0
3/29/1983,2,1,27,2,2,1,1,3,0,0,0,0,0,0,0,0,0,0,0,0
4/7/1983,2,1,28,2,2,1,1,3,0,0,0,0,0,0,0,0,0,0,0,0
6/9/1983,2,1,28,2,2,1,2,3,0,0,0,0,0,0,0,0,0,0,0,0
6/11/1983,2,1,28,2,2,1,2,3,0,1,0,0,0,0,0,0,0,0,0,0
6/13/1983,2,1,29,2,2,1,2,3,0,1,0,0,0,0,0,0,0,0,0,0
6/15/1983,2,1,30,2,2,1,2,3,0,1,0,0,0,0,0,0,0,0,0,0
6/18/1983,2,1,30,2,2,1,2,3,0,2,0,0,0,0,0,0,0,0,0,0
6/20/1983,2,1,30,2,2,2,2,3,0,2,0,0,0,0,0,0,0,0,0,0
6/22/1983,3,1,30,2,2,2,2,3,0,2,0,0,0,0,0,0,0,0,0,0
6/25/1983,3,1,30,2,2,2,3,3,0,2,0,0,0,0,0,0,0,0,0,0
9/10/1983,3,1,30,2,3,2,3,3,0,2,0,0,0,0,0,0,0,0,0,0
10/2/1983,3,1,30,2,4,2,3,3,0,2,0,0,0,0,0,0,0,0,0,0
10/13/1983,3,1,31,2,4,2,3,3,0,2,0,0,0,0,0,0,0,0,0,0
11/9/1983,3,1,32,2,4,2,3,3,0,2,0,0,0,0,0,0,0,0,0,0
12/1/1983,3,1,33,2,4,2,3,3,0,2,0,0,0,0,0,0,0,0,0,0
12/7/1983,3,1,34,2,4,2,3,3,0,2,0,0,0,0,0,0,0,0,0,0
12/17/1983,3,1,35,2,4,2,3,3,0,2,0,0,0,0,0,0,0,0,0,0
4/8/1984,3,1,35,2,4,2,3,4,0,2,0,0,0,0,0,0,0,0,0,0
4/13/1984,3,1,35,2,5,2,3,4,0,2,0,0,0,0,0,0,0,0,0,0
9/28/1984,3,1,36,2,5,2,3,4,0,2,0,0,0,0,0,0,0,0,0,0
10/1/1984,3,1,37,2,5,2,3,4,0,2,0,0,0,0,0,0,0,0,0,0
10/3/1984,3,1,38,2,5,2,3,4,0,2,0,0,0,0,0,0,0,0,0,0
10/5/1984,3,1,39,2,5,2,3,4,0,2,0,0,0,0,0,0,0,0,0,0
10/6/1984,3,1,40,2,5,2,3,4,0,2,0,0,0,0,0,0,0,0,0,0
10/12/1984,3,1,41,2,5,2,3,4,0,2,0,0,0,0,0,0,0,0,0,0
10/31/1984,3,1,41,2,6,2,3,4,0,2,0,0,0,0,0,0,0,0,0,0
12/5/1984,3,1,42,2,6,2,3,4,0,2,0,0,0,0,0,0,0,0,0,0
12/27/1984,3,1,43,2,6,2,3,4,0,2,0,0,0,0,0,0,0,0,0,0
1/20/1985,3,1,44,2,6,2,3,4,0,2,0,0,0,0,0,0,0,0,0,0
1/23/1985,4,1,44,2,6,2,3,4,0,2,0,0,0,0,0,0,0,0,0,0
1/27/1985,4,1,45,2,6,2,3,4,0,2,0,0,0,0,0,0,0,0,0,0
2/20/1985,4,1,45,2,7,2,3,4,0,2,0,0,0,0,0,0,0,0,0,0
2/26/1985,5,1,45,2,7,2,3,4,0,2,0,0,0,0,0,0,0,0,0,0
3/3/1985,5,1,45,2,7,3,3,4,0,2,0,0,0,0,0,0,0,0,0,0
3/5/1985,5,1,45,3,7,3,3,4,0,2,0,0,0,0,0,0,0,0,0,0
3/10/1985,5,1,45,3,8,3,3,4,0,2,0,0,0,0,0,0,0,0,0,0
3/22/1985,5,1,45,3,9,3,3,4,0,2,0,0,0,0,0,0,0,0,0,0
3/29/1985,5,1,45,3,9,4,3,4,0,2,0,0,0,0,0,0,0,0,0,0
8/25/1985,5,1,45,3,9,4,3,5,0,2,0,0,0,0,0,0,0,0,0,0
9/21/1985,5,1,46,3,9,4,3,5,0,2,0,0,0,0,0,0,0,0,0,0
9/22/1985,5,1,46,3,9,4,3,6,0,2,0,0,0,0,0,0,0,0,0,0
11/17/1985,5,1,47,3,9,4,3,6,0,2,0,0,0,0,0,0,0,0,0,0
11/22/1985,5,1,48,3,9,4,3,6,0,2,0,0,0,0,0,0,0,0,0,0
1/11/1986,5,1,48,4,9,4,3,6,0,2,0,0,0,0,0,0,0,0,0,0
1/12/1986,5,1,49,4,9,4,3,6,0,2,0,0,0,0,0,0,0,0,0,0
1/16/1986,5,1,49,4,9,5,3,6,0,2,0,0,0,0,0,0,0,0,0,0
1/18/1986,5,1,50,4,9,5,3,6,0,2,0,0,0,0,0,0,0,0,0,0
1/21/1986,5,1,51,4,9,5,3,6,0,2,0,0,0,0,0,0,0,0,0,0
1/23/1986,5,1,52,4,9,5,3,6,0,2,0,0,0,0,0,0,0,0,0,0
1/25/1986,5,1,52,5,9,5,3,6,0,2,0,0,0,0,0,0,0,0,0,0
1/26/1986,5,1,53,5,9,5,3,6,0,2,0,0,0,0,0,0,0,0,0,0
1/31/1986,5,1,53,5,9,6,3,6,0,2,0,0,0,0,0,0,0,0,0,0
2/2/1986,5,1,53,6,9,6,3,6,0,2,0,0,0,0,0,0,0,0,0,0
2/5/1986,5,1,54,6,9,6,3,6,0,2,0,0,0,0,0,0,0,0,0,0
2/9/1986,5,1,55,6,9,6,3,6,0,2,0,0,0,0,0,0,0,0,0,0
4/10/1986,5,1,55,7,9,6,3,6,0,2,0,0,0,0,0,0,0,0,0,0
4/13/1986,5,1,55,7,9,6,3,7,0,2,0,0,0,0,0,0,0,0,0,0
4/18/1986,5,1,56,7,9,6,3,7,0,2,0,0,0,0,0,0,0,0,0,0
5/24/1986,6,1,56,7,9,6,3,7,0,2,0,0,0,0,0,0,0,0,0,0
5/26/1986,6,1,57,7,9,6,3,7,0,2,0,0,0,0,0,0,0,0,0,0
9/7/1986,6,1,57,7,9,7,3,7,0,2,0,0,0,0,0,0,0,0,0,0
9/9/1986,6,1,58,7,9,7,3,7,0,2,0,0,0,0,0,0,0,0,0,0
9/24/1986,6,1,59,7,9,7,3,7,0,2,0,0,0,0,0,0,0,0,0,0
10/2/1986,6,1,59,7,9,8,3,7,0,2,0,0,0,0,0,0,0,0,0,0
10/5/1986,6,1,59,7,9,9,3,7,0,2,0,0,0,0,0,0,0,0,0,0
10/7/1986,6,1,60,7,9,9,3,7,0,2,0,0,0,0,0,0,0,0,0,0
11/27/1986,6,1,60,7,9,9,3,8,0,2,0,0,0,0,0,0,0,0,0,0
11/30/1986,6,1,61,7,9,9,3,8,0,2,0,0,0,0,0,0,0,0,0,0
12/5/1986,6,1,62,7,9,9,3,8,0,2,0,0,0,0,0,0,0,0,0,0
12/24/1986,6,1,63,7,9,9,3,8,0,2,0,0,0,0,0,0,0,0,0,0
1/11/1987,6,1,63,7,9,9,3,9,0,2,0,0,0,0,0,0,0,0,0,0
1/13/1987,6,1,63,7,9,9,3,10,0,2,0,0,0,0,0,0,0,0,0,0
1/15/1987,6,1,63,7,9,9,3,11,0,2,0,0,0,0,0,0,0,0,0,0
1/17/1987,6,1,63,7,9,9,3,12,0,2,0,0,0,0,0,0,0,0,0,0
1/27/1987,6,1,64,7,9,9,3,12,0,2,0,0,0,0,0,0,0,0,0,0
2/18/1987,6,1,65,7,9,9,3,12,0,2,0,0,0,0,0,0,0,0,0,0
3/20/1987,6,1,65,7,10,9,3,12,0,2,0,0,0,0,0,0,0,0,0,0
3/22/1987,6,1,66,7,10,9,3,12,0,2,0,0,0,0,0,0,0,0,0,0
3/24/1987,6,1,67,7,10,9,3,12,0,2,0,0,0,0,0,0,0,0,0,0
3/26/1987,6,1,68,7,10,9,3,12,0,2,0,0,0,0,0,0,0,0,0,0
4/2/1987,7,1,68,7,10,9,3,12,0,2,0,0,0,0,0,0,0,0,0,0
4/5/1987,7,1,68,7,10,10,3,12,0,2,0,0,0,0,0,0,0,0,0,0
4/10/1987,7,1,69,7,10,10,3,12,0,2,0,0,0,0,0,0,0,0,0,0
10/9/1987,7,1,70,7,10,10,3,12,0,2,0,0,0,0,0,0,0,0,0,0
10/14/1987,7,1,70,8,10,10,3,12,0,2,0,0,0,0,0,0,0,0,0,0
10/17/1987,7,1,70,8,10,10,3,12,0,3,0,0,0,0,0,0,0,0,0,0
10/22/1987,7,1,70,8,10,11,3,12,0,3,0,0,0,0,0,0,0,0,0,0
10/26/1987,7,1,70,8,10,11,3,12,0,4,0,0,0,0,0,0,0,0,0,0
10/31/1987,7,1,70,9,10,11,3,12,0,4,0,0,0,0,0,0,0,0,0,0
11/5/1987,7,1,71,9,10,11,3,12,0,4,0,0,0,0,0,0,0,0,0,0
12/8/1987,7,1,72,9,10,11,3,12,0,4,0,0,0,0,0,0,0,0,0,0
12/23/1987,7,1,73,9,10,11,3,12,0,4,0,0,0,0,0,0,0,0,0,0
1/2/1988,7,1,73,9,10,11,4,12,0,4,0,0,0,0,0,0,0,0,0,0
1/5/1988,7,1,74,9,10,11,4,12,0,4,0,0,0,0,0,0,0,0,0,0
1/7/1988,7,1,75,9,10,11,4,12,0,4,0,0,0,0,0,0,0,0,0,0
1/19/1988,7,1,76,9,10,11,4,12,0,4,0,0,0,0,0,0,0,0,0,0
1/22/1988,7,1,77,9,10,11,4,12,0,4,0,0,0,0,0,0,0,0,0,0
1/25/1988,7,1,78,9,10,11,4,12,0,4,0,0,0,0,0,0,0,0,0,0
3/25/1988,7,1,78,9,10,11,4,13,0,4,0,0,0,0,0,0,0,0,0,0
3/27/1988,7,1,78,10,10,11,4,13,0,4,0,0,0,0,0,0,0,0,0,0
4/1/1988,7,1,78,11,10,11,4,13,0,4,0,0,0,0,0,0,0,0,0,0
10/16/1988,7,1,78,11,10,11,5,13,0,4,0,0,0,0,0,0,0,0,0,0
10/19/1988,7,1,79,11,10,11,5,13,0,4,0,0,0,0,0,0,0,0,0,0
10/21/1988,7,1,80,11,10,11,5,13,0,4,0,0,0,0,0,0,0,0,0,0
10/27/1988,7,1,80,11,10,11,5,13,1,4,0,0,0,0,0,0,0,0,0,0
10/29/1988,7,1,81,11,10,11,5,13,1,4,0,0,0,0,0,0,0,0,0,0
10/31/1988,7,1,81,11,11,11,5,13,1,4,0,0,0,0,0,0,0,0,0,0
11/4/1988,7,1,81,11,11,11,5,14,1,4,0,0,0,0,0,0,0,0,0,0
12/10/1988,7,1,81,12,11,11,5,14,1,4,0,0,0,0,0,0,0,0,0,0
12/12/1988,7,1,81,13,11,11,5,14,1,4,0,0,0,0,0,0,0,0,0,0
12/15/1988,7,1,81,14,11,11,5,14,1,4,0,0,0,0,0,0,0,0,0,0
12/17/1988,7,1,81,15,11,11,5,14,1,4,0,0,0,0,0,0,0,0,0,0
3/7/1989,7,1,82,15,11,11,5,14,1,4,0,0,0,0,0,0,0,0,0,0
3/9/1989,7,1,83,15,11,11,5,14,1,4,0,0,0,0,0,0,0,0,0,0
3/11/1989,7,1,84,15,11,11,5,14,1,4,0,0,0,0,0,0,0,0,0,0
3/18/1989,7,1,85,15,11,11,5,14,1,4,0,0,0,0,0,0,0,0,0,0
3/21/1989,7,1,86,15,11,11,5,14,1,4,0,0,0,0,0,0,0,0,0,0
10/13/1989,7,1,87,15,11,11,5,14,1,4,0,0,0,0,0,0,0,0,0,0
10/15/1989,7,1,88,15,11,11,5,14,1,4,0,0,0,0,0,0,0,0,0,0
10/16/1989,7,1,88,15,11,11,6,14,1,4,0,0,0,0,0,0,0,0,0,0
10/20/1989,7,1,89,15,11,11,6,14,1,4,0,0,0,0,0,0,0,0,0,0
10/22/1989,7,1,89,15,11,11,6,15,1,4,0,0,0,0,0,0,0,0,0,0
10/23/1989,7,1,90,15,11,11,6,15,1,4,0,0,0,0,0,0,0,0,0,0
10/25/1989,8,1,90,15,11,11,6,15,1,4,0,0,0,0,0,0,0,0,0,0
10/27/1989,8,1,90,15,11,12,6,15,1,4,0,0,0,0,0,0,0,0,0,0
10/28/1989,8,1,91,15,11,12,6,15,1,4,0,0,0,0,0,0,0,0,0,0
10/30/1989,8,1,92,15,11,12,6,15,1,4,0,0,0,0,0,0,0,0,0,0
12/18/1989,8,1,93,15,11,12,6,15,1,4,0,0,0,0,0,0,0,0,0,0
12/20/1989,8,1,93,15,12,12,6,15,1,4,0,0,0,0,0,0,0,0,0,0
12/22/1989,8,1,94,15,12,12,6,15,1,4,0,0,0,0,0,0,0,0,0,0
3/1/1990,8,1,95,15,12,12,6,15,1,4,0,0,0,0,0,0,0,0,0,0
3/3/1990,8,1,96,15,12,12,6,15,1,4,0,0,0,0,0,0,0,0,0,0
3/6/1990,8,1,96,16,12,12,6,15,1,4,0,0,0,0,0,0,0,0,0,0
3/8/1990,8,1,97,16,12,12,6,15,1,4,0,0,0,0,0,0,0,0,0,0
4/25/1990,8,1,98,16,12,12,6,15,1,4,0,0,0,0,0,0,0,0,0,0
4/27/1990,8,1,99,16,12,12,6,15,1,4,0,0,0,0,0,0,0,0,0,0
7/18/1990,9,1,99,16,12,12,6,15,1,4,0,0,0,0,0,0,0,0,0,0
7/20/1990,10,1,99,16,12,12,6,15,1,4,0,0,0,0,0,0,0,0,0,0
12/1/1990,10,1,99,16,12,12,6,16,1,4,0,0,0,0,0,0,0,0,0,0
12/5/1990,10,1,99,16,12,12,6,17,1,4,0,0,0,0,0,0,0,0,0,0
12/8/1990,10,1,100,16,12,12,6,17,1,4,0,0,0,0,0,0,0,0,0,0
12/25/1990,10,1,100,16,12,12,6,17,2,4,0,0,0,0,0,0,0,0,0,0
12/28/1990,10,1,101,16,12,12,6,17,2,4,0,0,0,0,0,0,0,0,0,0
1/4/1991,10,1,101,16,12,12,6,18,2,4,0,0,0,0,0,0,0,0,0,0
10/18/1991,10,1,101,16,13,12,6,18,2,4,0,0,0,0,0,0,0,0,0,0
10/19/1991,10,1,101,16,13,12,7,18,2,4,0,0,0,0,0,0,0,0,0,0
10/22/1991,10,1,101,16,13,12,8,18,2,4,0,0,0,0,0,0,0,0,0,0
10/23/1991,10,1,102,16,13,12,8,18,2,4,0,0,0,0,0,0,0,0,0,0
10/25/1991,10,1,103,16,13,12,8,18,2,4,0,0,0,0,0,0,0,0,0,0
11/10/1991,10,1,103,16,13,12,8,18,2,4,1,0,0,0,0,0,0,0,0,0
11/12/1991,10,1,103,16,13,12,8,18,2,4,2,0,0,0,0,0,0,0,0,0
11/14/1991,10,1,104,16,13,12,8,18,2,4,2,0,0,0,0,0,0,0,0,0
12/6/1991,10,1,105,16,13,12,8,18,2,4,2,0,0,0,0,0,0,0,0,0
12/8/1991,10,1,105,16,13,13,8,18,2,4,2,0,0,0,0,0,0,0,0,0
12/10/1991,10,1,106,16,13,13,8,18,2,4,2,0,0,0,0,0,0,0,0,0
12/14/1991,10,1,106,16,13,13,9,18,2,4,2,0,0,0,0,0,0,0,0,0
12/15/1991,10,1,107,16,13,13,9,18,2,4,2,0,0,0,0,0,0,0,0,0
1/11/1992,10,1,108,16,13,13,9,18,2,4,2,0,0,0,0,0,0,0,0,0
1/14/1992,10,1,109,16,13,13,9,18,2,4,2,0,0,0,0,0,0,0,0,0
1/16/1992,10,1,109,16,13,13,10,18,2,4,2,0,0,0,0,0,0,0,0,0
1/18/1992,10,1,110,16,13,13,10,18,2,4,2,0,0,0,0,0,0,0,0,0
1/20/1992,10,1,111,16,13,13,10,18,2,4,2,0,0,0,0,0,0,0,0,0
2/22/1992,10,1,112,16,13,13,10,18,2,4,2,0,0,0,0,0,0,0,0,0
2/28/1992,10,1,113,16,13,13,10,18,2,4,2,0,0,0,0,0,0,0,0,0
3/1/1992,10,1,114,16,13,13,10,18,2,4,2,0,0,0,0,0,0,0,0,0
3/4/1992,10,1,114,16,14,13,10,18,2,4,2,0,0,0,0,0,0,0,0,0
3/7/1992,10,1,114,16,14,13,10,18,2,5,2,0,0,0,0,0,0,0,0,0
3/10/1992,10,1,115,16,14,13,10,18,2,5,2,0,0,0,0,0,0,0,0,0
3/12/1992,10,1,116,16,14,13,10,18,2,5,2,0,0,0,0,0,0,0,0,0
3/15/1992,10,1,117,16,14,13,10,18,2,5,2,0,0,0,0,0,0,0,0,0
10/25/1992,10,1,117,16,14,13,10,18,2,6,2,0,0,0,0,0,0,0,0,0
12/7/1992,10,1,118,16,14,13,10,18,2,6,2,0,0,0,0,0,0,0,0,0
12/9/1992,10,1,119,16,14,13,10,18,2,6,2,0,0,0,0,0,0,0,0,0
12/11/1992,10,1,119,16,14,13,10,18,2,6,3,0,0,0,0,0,0,0,0,0
12/13/1992,10,1,120,16,14,13,10,18,2,6,3,0,0,0,0,0,0,0,0,0
12/15/1992,10,1,121,16,14,13,10,18,2,6,3,0,0,0,0,0,0,0,0,0
12/17/1992,10,1,122,16,14,13,10,18,2,6,3,0,0,0,0,0,0,0,0,0
12/19/1992,10,1,122,16,14,13,10,18,2,6,4,0,0,0,0,0,0,0,0,0
1/18/1993,10,1,123,16,14,13,10,18,2,6,4,0,0,0,0,0,0,0,0,0
1/21/1993,11,1,123,16,14,13,10,18,2,6,4,0,0,0,0,0,0,0,0,0
2/26/1993,11,1,124,16,14,13,10,18,2,6,4,0,0,0,0,0,0,0,0,0
3/1/1993,11,1,125,16,14,13,10,18,2,6,4,0,0,0,0,0,0,0,0,0
3/4/1993,12,1,125,16,14,13,10,18,2,6,4,0,0,0,0,0,0,0,0,0
3/5/1993,13,1,125,16,14,13,10,18,2,6,4,0,0,0,0,0,0,0,0,0
3/19/1993,13,1,125,16,14,13,10,18,2,7,4,0,0,0,0,0,0,0,0,0
3/22/1993,13,1,125,16,14,13,10,18,2,8,4,0,0,0,0,0,0,0,0,0
3/25/1993,13,1,125,16,14,13,10,18,2,9,4,0,0,0,0,0,0,0,0,0
7/25/1993,13,1,125,16,14,13,10,19,2,9,4,0,0,0,0,0,0,0,0,0
8/12/1993,13,1,126,16,14,13,10,19,2,9,4,0,0,0,0,0,0,0,0,0
8/14/1993,13,1,127,16,14,13,10,19,2,9,4,0,0,0,0,0,0,0,0,0
11/7/1993,13,1,127,16,14,13,10,20,2,9,4,0,0,0,0,0,0,0,0,0
11/16/1993,13,1,128,16,14,13,10,20,2,9,4,0,0,0,0,0,0,0,0,0
11/18/1993,13,1,129,16,14,13,10,20,2,9,4,0,0,0,0,0,0,0,0,0
11/22/1993,13,1,129,16,14,13,10,20,2,9,5,0,0,0,0,0,0,0,0,0
11/24/1993,13,1,129,16,14,13,10,20,2,9,6,0,0,0,0,0,0,0,0,0
11/27/1993,13,1,129,16,14,13,11,20,2,9,6,0,0,0,0,0,0,0,0,0
2/15/1994,13,1,129,16,14,13,11,21,2,9,6,0,0,0,0,0,0,0,0,0
2/18/1994,13,1,129,16,14,13,11,22,2,9,6,0,0,0,0,0,0,0,0,0
2/20/1994,13,1,130,16,14,13,11,22,2,9,6,0,0,0,0,0,0,0,0,0
3/25/1994,13,1,131,16,14,13,11,22,2,9,6,0,0,0,0,0,0,0,0,0
3/27/1994,13,1,131,17,14,13,11,22,2,9,6,0,0,0,0,0,0,0,0,0
3/30/1994,13,1,131,18,14,13,11,22,2,9,6,0,0,0,0,0,0,0,0,0
4/2/1994,13,1,132,18,14,13,11,22,2,9,6,0,0,0,0,0,0,0,0,0
4/13/1994,13,1,132,18,14,13,11,22,2,9,6,1,0,0,0,0,0,0,0,0
4/15/1994,13,1,133,18,14,13,11,22,2,9,6,1,0,0,0,0,0,0,0,0
4/19/1994,13,1,133,18,14,14,11,22,2,9,6,1,0,0,0,0,0,0,0,0
4/22/1994,13,1,134,18,14,14,11,22,2,9,6,1,0,0,0,0,0,0,0,0
9/4/1994,13,1,134,18,14,14,11,23,2,9,6,1,0,0,0,0,0,0,0,0
9/5/1994,13,1,135,18,14,14,11,23,2,9,6,1,0,0,0,0,0,0,0,0
9/9/1994,13,1,135,18,14,15,11,23,2,9,6,1,0,0,0,0,0,0,0,0
9/17/1994,13,1,135,18,14,15,11,24,2,9,6,1,0,0,0,0,0,0,0,0
10/17/1994,13,1,136,18,14,15,11,24,2,9,6,1,0,0,0,0,0,0,0,0
10/20/1994,13,1,136,18,14,15,12,24,2,9,6,1,0,0,0,0,0,0,0,0
10/23/1994,13,1,136,18,14,15,13,24,2,9,6,1,0,0,0,0,0,0,0,0
10/28/1994,13,1,136,19,14,15,13,24,2,9,6,1,0,0,0,0,0,0,0,0
10/30/1994,13,1,137,19,14,15,13,24,2,9,6,1,0,0,0,0,0,0,0,0
11/3/1994,13,1,137,20,14,15,13,24,2,9,6,1,0,0,0,0,0,0,0,0
11/5/1994,13,1,137,20,14,15,14,24,2,9,6,1,0,0,0,0,0,0,0,0
11/7/1994,13,1,137,20,14,15,15,24,2,9,6,1,0,0,0,0,0,0,0,0
11/9/1994,13,1,137,20,14,15,16,24,2,9,6,1,0,0,0,0,0,0,0,0
11/11/1994,13,1,137,20,14,15,17,24,2,9,6,1,0,0,0,0,0,0,0,0
2/16/1995,13,1,138,20,14,15,17,24,2,9,6,1,0,0,0,0,0,0,0,0
2/18/1995,13,1,139,20,14,15,17,24,2,9,6,1,0,0,0,0,0,0,0,0
2/22/1995,13,1,139,20,14,16,17,24,2,9,6,1,0,0,0,0,0,0,0,0
4/5/1995,13,1,139,20,14,16,17,24,3,9,6,1,0,0,0,0,0,0,0,0
4/7/1995,13,1,140,20,14,16,17,24,3,9,6,1,0,0,0,0,0,0,0,0
4/9/1995,13,1,140,20,14,16,17,25,3,9,6,1,0,0,0,0,0,0,0,0
4/14/1995,13,1,140,20,14,16,17,26,3,9,6,1,0,0,0,0,0,0,0,0
11/15/1995,13,1,141,20,14,16,17,26,3,9,6,1,0,0,0,0,0,0,0,0
11/18/1995,13,1,141,21,14,16,17,26,3,9,6,1,0,0,0,0,0,0,0,0
11/24/1995,13,1,141,22,14,16,17,26,3,9,6,1,0,0,0,0,0,0,0,0
11/26/1995,13,1,142,22,14,16,17,26,3,9,6,1,0,0,0,0,0,0,0,0
11/29/1995,13,1,142,23,14,16,17,26,3,9,6,1,0,0,0,0,0,0,0,0
2/18/1996,13,1,142,23,14,16,17,26,3,9,6,1,1,0,0,0,0,0,0,0
2/21/1996,13,1,142,23,14,16,18,26,3,9,6,1,1,0,0,0,0,0,0,0
2/27/1996,13,1,143,23,14,16,18,26,3,9,6,1,1,0,0,0,0,0,0,0
3/2/1996,13,1,144,23,14,16,18,26,3,9,6,1,1,0,0,0,0,0,0,0
3/6/1996,13,1,144,23,14,16,18,26,3,10,6,1,1,0,0,0,0,0,0,0
3/9/1996,13,1,144,23,15,16,18,26,3,10,6,1,1,0,0,0,0,0,0,0
3/13/1996,13,1,145,23,15,16,18,26,3,10,6,1,1,0,0,0,0,0,0,0
4/3/1996,13,1,145,23,15,16,18,27,3,10,6,1,1,0,0,0,0,0,0,0
4/5/1996,13,1,146,23,15,16,18,27,3,10,6,1,1,0,0,0,0,0,0,0
4/12/1996,13,1,147,23,15,16,18,27,3,10,6,1,1,0,0,0,0,0,0,0
4/14/1996,13,1,148,23,15,16,18,27,3,10,6,1,1,0,0,0,0,0,0,0
4/15/1996,13,1,148,23,16,16,18,27,3,10,6,1,1,0,0,0,0,0,0,0
4/17/1996,13,1,149,23,16,16,18,27,3,10,6,1,1,0,0,0,0,0,0,0
4/19/1996,13,1,150,23,16,16,18,27,3,10,6,1,1,0,0,0,0,0,0,0
5/23/1996,14,1,150,23,16,16,18,27,3,10,6,1,1,0,0,0,0,0,0,0
5/25/1996,14,1,151,23,16,16,18,27,3,10,6,1,1,0,0,0,0,0,0,0
5/26/1996,14,1,152,23,16,16,18,27,3,10,6,1,1,0,0,0,0,0,0,0
8/28/1996,14,1,153,23,16,16,18,27,3,10,6,1,1,0,0,0,0,0,0,0
9/1/1996,14,1,153,23,16,16,18,27,3,11,6,1,1,0,0,0,0,0,0,0
9/6/1996,14,1,154,23,16,16,18,27,3,11,6,1,1,0,0,0,0,0,0,0
9/16/1996,14,1,154,23,17,16,18,27,3,11,6,1,1,0,0,0,0,0,0,0
9/17/1996,14,1,155,23,17,16,18,27,3,11,6,1,1,0,0,0,0,0,0,0
9/18/1996,14,1,155,23,18,16,18,27,3,11,6,1,1,0,0,0,0,0,0,0
9/21/1996,14,1,156,23,18,16,18,27,3,11,6,1,1,0,0,0,0,0,0,0
9/23/1996,14,1,157,23,18,16,18,27,3,11,6,1,1,0,0,0,0,0,0,0
10/17/1996,14,1,158,23,18,16,18,27,3,11,6,1,1,0,0,0,0,0,0,0
10/21/1996,14,1,158,23,18,17,18,27,3,11,6,1,1,0,0,0,0,0,0,0
10/23/1996,14,1,159,23,18,17,18,27,3,11,6,1,1,0,0,0,0,0,0,0
10/29/1996,14,1,160,23,18,17,18,27,3,11,6,1,1,0,0,0,0,0,0,0
11/3/1996,14,1,160,23,18,18,18,27,3,11,6,1,1,0,0,0,0,0,0,0
11/6/1996,14,1,160,23,18,18,18,27,3,11,7,1,1,0,0,0,0,0,0,0
12/14/1996,14,1,160,23,18,18,18,27,3,11,8,1,1,0,0,0,0,0,0,0
1/23/1997,14,1,161,23,18,18,18,27,3,11,8,1,1,0,0,0,0,0,0,0
1/27/1997,14,1,162,23,18,18,18,27,3,11,8,1,1,0,0,0,0,0,0,0
2/2/1997,14,1,163,23,18,18,18,27,3,11,8,1,1,0,0,0,0,0,0,0
2/4/1997,14,1,164,23,18,18,18,27,3,11,8,1,1,0,0,0,0,0,0,0
2/7/1997,14,1,165,23,18,18,18,27,3,11,8,1,1,0,0,0,0,0,0,0
2/9/1997,14,1,165,23,18,18,18,27,3,12,8,1,1,0,0,0,0,0,0,0
2/12/1997,14,1,165,23,18,18,18,27,3,12,9,1,1,0,0,0,0,0,0,0
2/13/1997,14,1,166,23,18,18,18,27,3,12,9,1,1,0,0,0,0,0,0,0
2/15/1997,14,1,167,23,18,18,18,27,3,12,9,1,1,0,0,0,0,0,0,0
4/26/1997,14,1,168,23,18,18,18,27,3,12,9,1,1,0,0,0,0,0,0,0
4/27/1997,14,1,168,23,18,18,19,27,3,12,9,1,1,0,0,0,0,0,0,0
4/30/1997,14,1,169,23,18,18,19,27,3,12,9,1,1,0,0,0,0,0,0,0
5/3/1997,14,1,170,23,18,18,19,27,3,12,9,1,1,0,0,0,0,0,0,0
5/14/1997,14,1,170,24,18,18,19,27,3,12,9,1,1,0,0,0,0,0,0,0
5/17/1997,14,1,171,24,18,18,19,27,3,12,9,1,1,0,0,0,0,0,0,0
5/21/1997,14,1,172,24,18,18,19,27,3,12,9,1,1,0,0,0,0,0,0,0
7/18/1997,14,1,173,24,18,18,19,27,3,12,9,1,1,0,0,0,0,0,0,0
7/20/1997,14,1,174,24,18,18,19,27,3,12,9,1,1,0,0,0,0,0,0,0
7/24/1997,14,1,174,24,18,18,19,27,4,12,9,1,1,0,0,0,0,0,0,0
7/26/1997,14,1,175,24,18,18,19,27,4,12,9,1,1,0,0,0,0,0,0,0
8/17/1997,14,1,176,24,18,18,19,27,4,12,9,1,1,0,0,0,0,0,0,0
8/20/1997,14,1,177,24,18,18,19,27,4,12,9,1,1,0,0,0,0,0,0,0
8/23/1997,14,1,177,24,18,18,19,28,4,12,9,1,1,0,0,0,0,0,0,0
8/24/1997,14,1,178,24,18,18,19,28,4,12,9,1,1,0,0,0,0,0,0,0
9/13/1997,14,1,178,24,19,18,19,28,4,12,9,1,1,0,0,0,0,0,0,0
9/14/1997,14,1,178,24,20,18,19,28,4,12,9,1,1,0,0,0,0,0,0,0
9/17/1997,14,1,179,24,20,18,19,28,4,12,9,1,1,0,0,0,0,0,0,0
9/18/1997,14,1,179,24,21,18,19,28,4,12,9,1,1,0,0,0,0,0,0,0
9/20/1997,14,1,179,24,22,18,19,28,4,12,9,1,1,0,0,0,0,0,0,0
9/21/1997,14,1,180,24,22,18,19,28,4,12,9,1,1,0,0,0,0,0,0,0
9/28/1997,14,1,181,24,22,18,19,28,4,12,9,1,1,0,0,0,0,0,0,0
9/30/1997,14,1,181,24,23,18,19,28,4,12,9,1,1,0,0,0,0,0,0,0
10/2/1997,14,1,182,24,23,18,19,28,4,12,9,1,1,0,0,0,0,0,0,0
12/11/1997,14,1,183,24,23,18,19,28,4,12,9,1,1,0,0,0,0,0,0,0
12/14/1997,14,1,184,24,23,18,19,28,4,12,9,1,1,0,0,0,0,0,0,0
12/16/1997,14,1,185,24,23,18,19,28,4,12,9,1,1,0,0,0,0,0,0,0
12/22/1997,14,1,185,24,23,18,19,29,4,12,9,1,1,0,0,0,0,0,0,0
12/25/1997,14,1,186,24,23,18,19,29,4,12,9,1,1,0,0,0,0,0,0,0
12/28/1997,14,1,187,24,23,18,19,29,4,12,9,1,1,0,0,0,0,0,0,0
1/10/1998,14,1,187,24,23,18,19,29,5,12,9,1,1,0,0,0,0,0,0,0
1/11/1998,14,1,187,24,24,18,19,29,5,12,9,1,1,0,0,0,0,0,0,0
1/14/1998,14,1,187,24,25,18,19,29,5,12,9,1,1,0,0,0,0,0,0,0
1/16/1998,14,1,188,24,25,18,19,29,5,12,9,1,1,0,0,0,0,0,0,0
1/18/1998,14,1,188,24,26,18,19,29,5,12,9,1,1,0,0,0,0,0,0,0
4/1/1998,14,1,188,24,26,19,19,29,5,12,9,1,1,0,0,0,0,0,0,0
4/5/1998,14,1,188,24,26,19,19,29,5,13,9,1,1,0,0,0,0,0,0,0
4/7/1998,14,1,188,24,26,20,19,29,5,13,9,1,1,0,0,0,0,0,0,0
4/9/1998,14,1,188,24,26,20,19,29,5,14,9,1,1,0,0,0,0,0,0,0
4/14/1998,14,1,189,24,26,20,19,29,5,14,9,1,1,0,0,0,0,0,0,0
4/17/1998,14,1,189,25,26,20,19,29,5,14,9,1,1,0,0,0,0,0,0,0
4/19/1998,14,1,190,25,26,20,19,29,5,14,9,1,1,0,0,0,0,0,0,0
4/20/1998,14,1,191,25,26,20,19,29,5,14,9,1,1,0,0,0,0,0,0,0
4/22/1998,14,1,192,25,26,20,19,29,5,14,9,1,1,0,0,0,0,0,0,0
4/24/1998,14,1,192,25,26,21,19,29,5,14,9,1,1,0,0,0,0,0,0,0
5/14/1998,14,1,192,25,26,21,19,29,6,14,9,1,1,0,0,0,0,0,0,0
5/20/1998,14,1,192,25,26,21,19,29,6,14,9,1,2,0,0,0,0,0,0,0
5/25/1998,14,1,192,25,26,21,19,29,7,14,9,1,2,0,0,0,0,0,0,0
5/28/1998,14,1,193,25,26,21,19,29,7,14,9,1,2,0,0,0,0,0,0,0
5/31/1998,14,1,193,25,26,21,19,29,7,14,9,1,3,0,0,0,0,0,0,0
6/19/1998,14,1,193,25,26,21,19,30,7,14,9,1,3,0,0,0,0,0,0,0
6/23/1998,14,1,194,25,26,21,19,30,7,14,9,1,3,0,0,0,0,0,0,0
7/1/1998,14,1,195,25,26,21,19,30,7,14,9,1,3,0,0,0,0,0,0,0
7/3/1998,14,1,196,25,26,21,19,30,7,14,9,1,3,0,0,0,0,0,0,0
7/7/1998,14,1,196,25,26,21,19,31,7,14,9,1,3,0,0,0,0,0,0,0
9/12/1998,14,1,196,25,27,21,19,31,7,14,9,1,3,0,0,0,0,0,0,0
9/13/1998,14,1,197,25,27,21,19,31,7,14,9,1,3,0,0,0,0,0,0,0
9/16/1998,14,1,198,25,27,21,19,31,7,14,9,1,3,0,0,0,0,0,0,0
9/19/1998,14,1,199,25,27,21,19,31,7,14,9,1,3,0,0,0,0,0,0,0
9/20/1998,14,1,200,25,27,21,19,31,7,14,9,1,3,0,0,0,0,0,0,0
9/26/1998,14,1,200,25,27,21,19,31,7,15,9,1,3,0,0,0,0,0,0,0
9/27/1998,14,1,200,25,27,21,19,31,7,16,9,1,3,0,0,0,0,0,0,0
9/30/1998,14,1,201,25,27,21,19,31,7,16,9,1,3,0,0,0,0,0,0,0
10/28/1998,14,1,201,25,27,22,19,31,7,16,9,1,3,0,0,0,0,0,0,0
10/31/1998,14,1,202,25,27,22,19,31,7,16,9,1,3,0,0,0,0,0,0,0
11/6/1998,14,1,202,25,27,22,19,32,7,16,9,1,3,0,0,0,0,0,0,0
11/8/1998,14,1,202,25,27,22,19,32,7,17,9,1,3,0,0,0,0,0,0,0
11/9/1998,14,1,202,25,27,22,19,33,7,17,9,1,3,0,0,0,0,0,0,0
11/11/1998,14,1,203,25,27,22,19,33,7,17,9,1,3,0,0,0,0,0,0,0
11/13/1998,14,1,203,25,27,22,19,33,7,18,9,1,3,0,0,0,0,0,0,0
1/9/1999,14,1,204,25,27,22,19,33,7,18,9,1,3,0,0,0,0,0,0,0
1/12/1999,14,1,204,26,27,22,19,33,7,18,9,1,3,0,0,0,0,0,0,0
1/14/1999,14,1,204,27,27,22,19,33,7,18,9,1,3,0,0,0,0,0,0,0
1/16/1999,14,1,204,28,27,22,19,33,7,18,9,1,3,0,0,0,0,0,0,0
1/19/1999,14,1,205,28,27,22,19,33,7,18,9,1,3,0,0,0,0,0,0,0
3/22/1999,14,1,205,28,27,22,19,34,7,18,9,1,3,0,0,0,0,0,0,0
3/24/1999,14,1,206,28,27,22,19,34,7,18,9,1,3,0,0,0,0,0,0,0
3/30/1999,14,1,206,28,27,22,19,35,7,18,9,1,3,0,0,0,0,0,0,0
4/1/1999,14,1,207,28,27,22,19,35,7,18,9,1,3,0,0,0,0,0,0,0
4/4/1999,14,1,208,28,27,22,19,35,7,18,9,1,3,0,0,0,0,0,0,0
4/8/1999,14,1,209,28,27,22,19,35,7,18,9,1,3,0,0,0,0,0,0,0
4/9/1999,15,1,209,28,27,22,19,35,7,18,9,1,3,0,0,0,0,0,0,0
4/11/1999,16,1,209,28,27,22,19,35,7,18,9,1,3,0,0,0,0,0,0,0
4/13/1999,16,1,209,28,28,22,19,35,7,18,9,1,3,0,0,0,0,0,0,0
4/16/1999,16,1,210,28,28,22,19,35,7,18,9,1,3,0,0,0,0,0,0,0
5/15/1999,16,1,211,28,28,22,19,35,7,18,9,1,3,0,0,0,0,0,0,0
5/19/1999,16,1,212,28,28,22,19,35,7,18,9,1,3,0,0,0,0,0,0,0
5/23/1999,16,1,212,28,28,22,19,35,7,18,9,1,4,0,0,0,0,0,0,0
5/26/1999,16,1,212,28,28,22,19,36,7,18,9,1,4,0,0,0,0,0,0,0
5/29/1999,17,1,212,28,28,22,19,36,7,18,9,1,4,0,0,0,0,0,0,0
6/4/1999,17,1,213,28,28,22,19,36,7,18,9,1,4,0,0,0,0,0,0,0
6/8/1999,17,1,213,28,29,22,19,36,7,18,9,1,4,0,0,0,0,0,0,0
6/12/1999,17,1,214,28,29,22,19,36,7,18,9,1,4,0,0,0,0,0,0,0
8/23/1999,17,1,215,28,29,22,19,36,7,18,9,1,4,0,0,0,0,0,0,0
8/25/1999,17,1,216,28,29,22,19,36,7,18,9,1,4,0,0,0,0,0,0,0
8/28/1999,17,1,217,28,29,22,19,36,7,18,9,1,4,0,0,0,0,0,0,0
8/29/1999,17,1,217,28,29,22,19,37,7,18,9,1,4,0,0,0,0,0,0,0
9/4/1999,17,1,217,28,29,22,19,37,7,19,9,1,4,0,0,0,0,0,0,0
9/5/1999,17,1,218,28,29,22,19,37,7,19,9,1,4,0,0,0,0,0,0,0
9/7/1999,17,1,219,28,29,22,19,37,7,19,9,1,4,0,0,0,0,0,0,0
9/8/1999,17,1,220,28,29,22,19,37,7,19,9,1,4,0,0,0,0,0,0,0
9/11/1999,17,1,220,28,29,22,20,37,7,19,9,1,4,0,0,0,0,0,0,0
9/12/1999,17,1,221,28,29,22,20,37,7,19,9,1,4,0,0,0,0,0,0,0
9/14/1999,17,1,221,28,29,22,21,37,7,19,9,1,4,0,0,0,0,0,0,0
9/26/1999,17,1,221,28,29,22,21,37,7,19,10,1,4,0,0,0,0,0,0,0
9/29/1999,17,1,221,28,29,22,21,37,7,19,10,1,5,0,0,0,0,0,0,0
10/1/1999,17,1,221,28,29,22,21,37,7,20,10,1,5,0,0,0,0,0,0,0
10/3/1999,17,1,222,28,29,22,21,37,7,20,10,1,5,0,0,0,0,0,0,0
11/5/1999,17,1,223,28,29,22,21,37,7,20,10,1,5,0,0,0,0,0,0,0
11/8/1999,17,1,223,29,29,22,21,37,7,20,10,1,5,0,0,0,0,0,0,0
11/11/1999,17,1,223,30,29,22,21,37,7,20,10,1,5,0,0,0,0,0,0,0
11/14/1999,17,1,224,30,29,22,21,37,7,20,10,1,5,0,0,0,0,0,0,0
11/17/1999,17,1,224,31,29,22,21,37,7,20,10,1,5,0,0,0,0,0,0,0
1/10/2000,17,1,225,31,29,22,21,37,7,20,10,1,5,0,0,0,0,0,0,0
1/12/2000,17,1,226,31,29,22,21,37,7,20,10,1,5,0,0,0,0,0,0,0
1/14/2000,17,1,227,31,29,22,21,37,7,20,10,1,5,0,0,0,0,0,0,0
1/21/2000,17,1,228,31,29,22,21,37,7,20,10,1,5,0,0,0,0,0,0,0
1/25/2000,17,1,228,31,30,22,21,37,7,20,10,1,5,0,0,0,0,0,0,0
1/26/2000,17,1,229,31,30,22,21,37,7,20,10,1,5,0,0,0,0,0,0,0
1/28/2000,17,1,230,31,30,22,21,37,7,20,10,1,5,0,0,0,0,0,0,0
1/30/2000,17,1,231,31,30,22,21,37,7,20,10,1,5,0,0,0,0,0,0,0
3/9/2000,17,1,231,31,30,22,21,37,7,20,11,1,5,0,0,0,0,0,0,0
3/12/2000,17,1,231,31,30,22,21,37,7,20,12,1,5,0,0,0,0,0,0,0
3/15/2000,17,1,232,31,30,22,21,37,7,20,12,1,5,0,0,0,0,0,0,0
3/17/2000,17,1,232,31,30,22,21,37,7,20,13,1,5,0,0,0,0,0,0,0
3/19/2000,17,1,233,31,30,22,21,37,7,20,13,1,5,0,0,0,0,0,0,0
3/22/2000,17,1,234,31,30,22,21,37,7,20,13,1,5,0,0,0,0,0,0,0
3/23/2000,17,1,234,31,31,22,21,37,7,20,13,1,5,0,0,0,0,0,0,0
3/26/2000,17,1,235,31,31,22,21,37,7,20,13,1,5,0,0,0,0,0,0,0
3/27/2000,17,1,236,31,31,22,21,37,7,20,13,1,5,0,0,0,0,0,0,0
5/30/2000,17,1,236,31,31,22,21,37,8,20,13,1,5,0,0,0,0,0,0,0
6/1/2000,17,1,237,31,31,22,21,37,8,20,13,1,5,0,0,0,0,0,0,0
6/3/2000,17,1,238,31,31,22,21,37,8,20,13,1,5,0,0,0,0,0,0,0
10/3/2000,17,1,238,31,31,22,21,37,8,20,13,1,6,0,0,0,0,0,0,0
10/7/2000,17,1,238,31,31,23,21,37,8,20,13,1,6,0,0,0,0,0,0,0
10/13/2000,17,1,238,31,31,23,21,37,8,20,14,1,6,0,0,0,0,0,0,0
10/15/2000,17,1,239,31,31,23,21,37,8,20,14,1,6,0,0,0,0,0,0,0
10/20/2000,17,1,240,31,31,23,21,37,8,20,14,1,6,0,0,0,0,0,0,0
10/22/2000,17,1,240,31,31,23,21,37,8,21,14,1,6,0,0,0,0,0,0,0
10/26/2000,17,1,240,31,31,23,21,37,8,22,14,1,6,0,0,0,0,0,0,0
10/27/2000,17,1,241,31,31,23,21,37,8,22,14,1,6,0,0,0,0,0,0,0
10/29/2000,17,1,242,31,31,23,21,37,8,22,14,1,6,0,0,0,0,0,0,0
12/2/2000,17,1,242,31,31,23,21,37,8,23,14,1,6,0,0,0,0,0,0,0
12/5/2000,17,1,242,31,31,23,21,37,8,24,14,1,6,0,0,0,0,0,0,0
12/8/2000,17,1,243,31,31,23,21,37,8,24,14,1,6,0,0,0,0,0,0,0
12/11/2000,17,1,243,31,31,23,21,37,8,25,14,1,6,0,0,0,0,0,0,0
12/14/2000,17,1,243,31,31,23,21,37,8,26,14,1,6,0,0,0,0,0,0,0
3/25/2001,17,1,243,31,31,24,21,37,8,26,14,1,6,0,0,0,0,0,0,0
3/28/2001,17,1,244,31,31,24,21,37,8,26,14,1,6,0,0,0,0,0,0,0
3/31/2001,17,1,244,31,31,25,21,37,8,26,14,1,6,0,0,0,0,0,0,0
4/3/2001,17,1,245,31,31,25,21,37,8,26,14,1,6,0,0,0,0,0,0,0
4/6/2001,17,1,246,31,31,25,21,37,8,26,14,1,6,0,0,0,0,0,0,0
6/24/2001,17,1,246,31,31,25,21,37,8,27,14,1,6,0,0,0,0,0,0,0
6/27/2001,17,1,246,31,31,25,21,37,8,28,14,1,6,0,0,0,0,0,0,0
6/30/2001,17,1,246,31,31,25,22,37,8,28,14,1,6,0,0,0,0,0,0,0
7/4/2001,17,1,246,31,31,25,23,37,8,28,14,1,6,0,0,0,0,0,0,0
7/7/2001,17,1,247,31,31,25,23,37,8,28,14,1,6,0,0,0,0,0,0,0
7/20/2001,17,1,248,31,31,25,23,37,8,28,14,1,6,0,0,0,0,0,0,0
7/22/2001,17,1,249,31,31,25,23,37,8,28,14,1,6,0,0,0,0,0,0,0
7/26/2001,17,1,250,31,31,25,23,37,8,28,14,1,6,0,0,0,0,0,0,0
7/28/2001,17,1,250,31,31,25,23,38,8,28,14,1,6,0,0,0,0,0,0,0
8/1/2001,17,1,250,31,31,25,23,39,8,28,14,1,6,0,0,0,0,0,0,0
8/2/2001,17,1,250,32,31,25,23,39,8,28,14,1,6,0,0,0,0,0,0,0
8/5/2001,17,1,251,32,31,25,23,39,8,28,14,1,6,0,0,0,0,0,0,0
10/5/2001,17,1,252,32,31,25,23,39,8,28,14,1,6,0,0,0,0,0,0,0
10/10/2001,17,1,252,32,31,25,23,39,8,28,15,1,6,0,0,0,0,0,0,0
10/12/2001,17,1,252,32,31,25,23,39,8,28,15,1,7,0,0,0,0,0,0,0
10/17/2001,17,1,253,32,31,25,23,39,8,28,15,1,7,0,0,0,0,0,0,0
10/19/2001,17,1,254,32,31,25,23,39,8,28,15,1,7,0,0,0,0,0,0,0
10/24/2001,17,1,254,32,31,25,23,39,8,28,15,1,8,0,0,0,0,0,0,0
10/26/2001,17,1,255,32,31,25,23,39,8,28,15,1,8,0,0,0,0,0,0,0
1/19/2002,18,1,255,32,31,25,23,39,8,28,15,1,8,0,0,0,0,0,0,0
1/22/2002,18,1,256,32,31,25,23,39,8,28,15,1,8,0,0,0,0,0,0,0
1/25/2002,19,1,256,32,31,25,23,39,8,28,15,1,8,0,0,0,0,0,0,0
1/28/2002,20,1,256,32,31,25,23,39,8,28,15,1,8,0,0,0,0,0,0,0
1/31/2002,20,1,257,32,31,25,23,39,8,28,15,1,8,0,0,0,0,0,0,0
2/3/2002,20,1,258,32,31,25,23,39,8,28,15,1,8,0,0,0,0,0,0,0
3/7/2002,20,1,259,32,31,25,23,39,8,28,15,1,8,0,0,0,0,0,0,0
3/10/2002,20,1,259,32,31,25,23,39,8,29,15,1,8,0,0,0,0,0,0,0
3/13/2002,20,1,260,32,31,25,23,39,8,29,15,1,8,0,0,0,0,0,0,0
3/16/2002,20,1,260,32,31,25,23,39,8,30,15,1,8,0,0,0,0,0,0,0
3/19/2002,20,1,260,32,31,25,23,39,8,31,15,1,8,0,0,0,0,0,0,0
5/29/2002,20,1,260,32,31,25,24,39,8,31,15,1,8,0,0,0,0,0,0,0
6/1/2002,20,1,261,32,31,25,24,39,8,31,15,1,8,0,0,0,0,0,0,0
6/2/2002,20,1,261,32,31,25,25,39,8,31,15,1,8,0,0,0,0,0,0,0
6/29/2002,21,1,261,32,31,25,25,39,8,31,15,1,8,0,0,0,0,0,0,0
6/30/2002,21,1,261,32,31,25,25,40,8,31,15,1,8,0,0,0,0,0,0,0
7/4/2002,22,1,261,32,31,25,25,40,8,31,15,1,8,0,0,0,0,0,0,0
7/6/2002,22,1,261,32,31,25,25,41,8,31,15,1,8,0,0,0,0,0,0,0
7/9/2002,22,1,262,32,31,25,25,41,8,31,15,1,8,0,0,0,0,0,0,0
7/11/2002,22,1,262,32,31,25,25,42,8,31,15,1,8,0,0,0,0,0,0,0
7/13/2002,23,1,262,32,31,25,25,42,8,31,15,1,8,0,0,0,0,0,0,0
9/14/2002,23,1,262,32,31,25,25,42,8,32,15,1,8,0,0,0,0,0,0,0
9/22/2002,24,1,262,32,31,25,25,42,8,32,15,1,8,0,0,0,0,0,0,0
9/25/2002,24,1,262,32,31,25,25,42,8,32,16,1,8,0,0,0,0,0,0,0
9/29/2002,24,1,262,32,31,25,25,43,8,32,16,1,8,0,0,0,0,0,0,0
9/30/2002,24,1,262,32,31,25,25,44,8,32,16,1,8,0,0,0,0,0,0,0
11/6/2002,24,1,263,32,31,25,25,44,8,32,16,1,8,0,0,0,0,0,0,0
11/9/2002,24,1,264,32,31,25,25,44,8,32,16,1,8,0,0,0,0,0,0,0
11/12/2002,24,1,264,32,31,25,26,44,8,32,16,1,8,0,0,0,0,0,0,0
11/15/2002,24,1,264,32,31,25,27,44,8,32,16,1,8,0,0,0,0,0,0,0
11/18/2002,24,1,265,32,31,25,27,44,8,32,16,1,8,0,0,0,0,0,0,0
11/21/2002,24,1,265,32,31,25,28,44,8,32,16,1,8,0,0,0,0,0,0,0
11/24/2002,24,1,266,32,31,25,28,44,8,32,16,1,8,0,0,0,0,0,0,0
12/26/2002,24,1,267,32,31,25,28,44,8,32,16,1,8,0,0,0,0,0,0,0
12/29/2002,24,1,268,32,31,25,28,44,8,32,16,1,8,0,0,0,0,0,0,0
1/1/2003,24,1,269,32,31,25,28,44,8,32,16,1,8,0,0,0,0,0,0,0
1/4/2003,24,1,270,32,31,25,28,44,8,32,16,1,8,0,0,0,0,0,0,0
1/8/2003,24,1,270,33,31,25,28,44,8,32,16,1,8,0,0,0,0,0,0,0
1/11/2003,24,1,270,34,31,25,28,44,8,32,16,1,8,0,0,0,0,0,0,0
1/14/2003,24,1,271,34,31,25,28,44,8,32,16,1,8,0,0,0,0,0,0,0
2/12/2003,24,1,271,34,31,25,28,44,8,32,16,1,8,0,0,0,0,0,1,0
2/15/2003,24,1,272,34,31,25,28,44,8,32,16,1,8,0,0,0,0,0,1,0
2/19/2003,24,1,272,34,31,25,28,44,8,33,16,1,8,0,0,0,0,0,1,0
2/23/2003,24,1,272,34,31,25,28,44,8,33,16,1,8,0,0,0,0,0,1,1
2/26/2003,25,1,272,34,31,25,28,44,8,33,16,1,8,0,0,0,0,0,1,1
3/1/2003,25,1,272,34,32,25,28,44,8,33,16,1,8,0,0,0,0,0,1,1
3/7/2003,25,1,272,34,32,25,28,44,8,33,16,1,9,0,0,0,0,0,1,1
3/10/2003,25,1,272,34,32,25,28,45,8,33,16,1,9,0,0,0,0,0,1,1
3/14/2003,25,1,272,35,32,25,28,45,8,33,16,1,9,0,0,0,0,0,1,1
3/20/2003,25,1,272,35,32,25,28,45,8,33,16,1,10,0,0,0,0,0,1,1
3/23/2003,25,1,273,35,32,25,28,45,8,33,16,1,10,0,0,0,0,0,1,1
4/11/2003,25,1,273,35,32,25,28,45,9,33,16,1,10,0,0,0,0,0,1,1
4/13/2003,25,1,273,35,32,25,28,45,9,33,17,1,10,0,0,0,0,0,1,1
4/16/2003,25,1,273,35,32,25,28,45,10,33,17,1,10,0,0,0,0,0,1,1
4/18/2003,25,1,274,35,32,25,28,45,10,33,17,1,10,0,0,0,0,0,1,1
4/21/2003,25,1,275,35,32,25,28,45,10,33,17,1,10,0,0,0,0,0,1,1
10/23/2003,25,1,276,35,32,25,28,45,10,33,17,1,10,0,0,0,0,0,1,1
10/26/2003,25,1,276,35,32,26,28,45,10,33,17,1,10,0,0,0,0,0,1,1
11/1/2003,25,1,277,35,32,26,28,45,10,33,17,1,10,0,0,0,0,0,1,1
11/6/2003,25,1,278,35,32,26,28,45,10,33,17,1,10,0,0,0,0,0,1,1
11/12/2003,25,1,279,35,32,26,28,45,10,33,17,1,10,0,0,0,0,0,1,1
11/15/2003,25,1,279,36,32,26,28,45,10,33,17,1,10,0,0,0,0,0,1,1
11/18/2003,25,1,280,36,32,26,28,45,10,33,17,1,10,0,0,0,0,0,1,1
1/9/2004,25,1,281,36,32,26,28,45,10,33,17,1,10,0,0,0,0,0,1,1
1/14/2004,25,1,281,36,32,26,28,45,10,34,17,1,10,0,0,0,0,0,1,1
1/18/2004,25,1,281,36,32,27,28,45,10,34,17,1,10,0,0,0,0,0,1,1
1/20/2004,25,1,281,36,32,27,28,45,10,35,17,1,10,0,0,0,0,0,1,1
1/22/2004,25,1,282,36,32,27,28,45,10,35,17,1,10,0,0,0,0,0,1,1
1/24/2004,25,1,282,36,32,27,28,45,10,36,17,1,10,0,0,0,0,0,1,1
2/1/2004,25,1,283,36,32,27,28,45,10,36,17,1,10,0,0,0,0,0,1,1
2/3/2004,25,1,283,36,32,27,28,45,10,37,17,1,10,0,0,0,0,0,1,1
2/6/2004,25,1,284,36,32,27,28,45,10,37,17,1,10,0,0,0,0,0,1,1
2/8/2004,25,1,285,36,32,27,28,45,10,37,17,1,10,0,0,0,0,0,1,1
3/13/2004,25,1,285,36,33,27,28,45,10,37,17,1,10,0,0,0,0,0,1,1
3/16/2004,25,1,286,36,33,27,28,45,10,37,17,1,10,0,0,0,0,0,1,1
3/19/2004,25,1,287,36,33,27,28,45,10,37,17,1,10,0,0,0,0,0,1,1
3/21/2004,25,1,287,36,34,27,28,45,10,37,17,1,10,0,0,0,0,0,1,1
3/24/2004,25,1,287,36,35,27,28,45,10,37,17,1,10,0,0,0,0,0,1,1
7/16/2004,25,1,287,36,35,27,28,45,10,37,17,2,10,0,0,0,0,0,1,1
7/18/2004,25,1,288,36,35,27,28,45,10,37,17,2,10,0,0,0,0,0,1,1
7/21/2004,25,1,288,36,35,27,28,45,11,37,17,2,10,0,0,0,0,0,1,1
7/25/2004,25,1,289,36,35,27,28,45,11,37,17,2,10,0,0,0,0,0,1,1
7/27/2004,25,1,289,36,35,27,28,46,11,37,17,2,10,0,0,0,0,0,1,1
8/1/2004,25,1,290,36,35,27,28,46,11,37,17,2,10,0,0,0,0,0,1,1
8/21/2004,25,1,291,36,35,27,28,46,11,37,17,2,10,0,0,0,0,0,1,1
8/23/2004,25,1,291,36,35,28,28,46,11,37,17,2,10,0,0,0,0,0,1,1
9/1/2004,25,1,292,36,35,28,28,46,11,37,17,2,10,0,0,0,0,0,1,1
9/3/2004,25,1,293,36,35,28,28,46,11,37,17,2,10,0,0,0,0,0,1,1
9/5/2004,26,1,293,36,35,28,28,46,11,37,17,2,10,0,0,0,0,0,1,1
9/11/2004,26,1,293,36,35,28,28,46,11,37,17,2,11,0,0,0,0,0,1,1
9/19/2004,26,1,294,36,35,28,28,46,11,37,17,2,11,0,0,0,0,0,1,1
11/13/2004,26,1,295,36,35,28,28,46,11,37,17,2,11,0,0,0,0,0,1,1
12/23/2004,26,1,295,36,35,28,28,46,12,37,17,2,11,0,0,0,0,0,1,1
12/26/2004,26,1,296,36,35,28,28,46,12,37,17,2,11,0,0,0,0,0,1,1
12/27/2004,26,1,296,36,35,28,28,46,13,37,17,2,11,0,0,0,0,0,1,1
4/2/2005,26,1,296,36,36,28,28,46,13,37,17,2,11,0,0,0,0,0,1,1
4/5/2005,26,1,296,36,37,28,28,46,13,37,17,2,11,0,0,0,0,0,1,1
4/9/2005,26,1,297,36,37,28,28,46,13,37,17,2,11,0,0,0,0,0,1,1
4/12/2005,26,1,298,36,37,28,28,46,13,37,17,2,11,0,0,0,0,0,1,1
4/15/2005,26,1,299,36,37,28,28,46,13,37,17,2,11,0,0,0,0,0,1,1
4/17/2005,26,1,300,36,37,28,28,46,13,37,17,2,11,0,0,0,0,0,1,1
7/30/2005,26,1,301,36,37,28,28,46,13,37,17,2,11,0,0,0,0,0,1,1
7/31/2005,26,1,301,36,37,28,29,46,13,37,17,2,11,0,0,0,0,0,1,1
8/3/2005,26,1,302,36,37,28,29,46,13,37,17,2,11,0,0,0,0,0,1,1
8/7/2005,26,1,302,36,37,28,30,46,13,37,17,2,11,0,0,0,0,0,1,1
8/9/2005,26,1,303,36,37,28,30,46,13,37,17,2,11,0,0,0,0,0,1,1
8/26/2005,26,1,304,36,37,28,30,46,13,37,17,2,11,0,0,0,0,0,1,1
8/29/2005,26,1,304,36,37,28,30,46,13,38,17,2,11,0,0,0,0,0,1,1
9/2/2005,26,1,304,37,37,28,30,46,13,38,17,2,11,0,0,0,0,0,1,1
9/4/2005,26,1,304,37,37,28,30,46,13,39,17,2,11,0,0,0,0,0,1,1
9/6/2005,26,1,305,37,37,28,30,46,13,39,17,2,11,0,0,0,0,0,1,1
10/25/2005,26,1,305,37,37,28,30,47,13,39,17,2,11,0,0,0,0,0,1,1
10/28/2005,26,1,305,37,37,28,30,48,13,39,17,2,11,0,0,0,0,0,1,1
10/31/2005,26,1,305,37,37,28,30,49,13,39,17,2,11,0,0,0,0,0,1,1
11/3/2005,26,1,305,37,37,28,30,50,13,39,17,2,11,0,0,0,0,0,1,1
11/6/2005,26,1,306,37,37,28,30,50,13,39,17,2,11,0,0,0,0,0,1,1
11/9/2005,26,1,306,37,37,28,30,51,13,39,17,2,11,0,0,0,0,0,1,1
11/12/2005,26,1,306,37,37,28,30,52,13,39,17,2,11,0,0,0,0,0,1,1
11/16/2005,26,1,307,37,37,28,30,52,13,39,17,2,11,0,0,0,0,0,1,1
11/19/2005,26,1,307,37,37,28,30,52,13,39,18,2,11,0,0,0,0,0,1,1
11/25/2005,26,1,308,37,37,28,30,52,13,39,18,2,11,0,0,0,0,0,1,1
11/28/2005,26,1,308,37,37,28,30,52,13,39,19,2,11,0,0,0,0,0,1,1
2/6/2006,26,1,309,37,37,28,30,52,13,39,19,2,11,0,0,0,0,0,1,1
2/11/2006,26,1,309,37,38,28,30,52,13,39,19,2,11,0,0,0,0,0,1,1
2/13/2006,26,1,309,37,39,28,30,52,13,39,19,2,11,0,0,0,0,0,1,1
2/16/2006,26,1,309,37,40,28,30,52,13,39,19,2,11,0,0,0,0,0,1,1
2/19/2006,26,1,309,37,41,28,30,52,13,39,19,2,11,0,0,0,0,0,1,1
3/28/2006,27,1,309,37,41,28,30,52,13,39,19,2,11,0,0,0,0,0,1,1
3/31/2006,28,1,309,37,41,28,30,52,13,39,19,2,11,0,0,0,0,0,1,1
4/3/2006,29,1,309,37,41,28,30,52,13,39,19,2,11,0,0,0,0,0,1,1
4/6/2006,30,1,309,37,41,28,30,52,13,39,19,2,11,0,0,0,0,0,1,1
4/12/2006,30,1,310,37,41,28,30,52,13,39,19,2,11,0,0,0,0,0,1,1
4/15/2006,31,1,310,37,41,28,30,52,13,39,19,2,11,0,0,0,0,0,1,1
4/18/2006,31,1,311,37,41,28,30,52,13,39,19,2,11,0,0,0,0,0,1,1
4/19/2006,31,1,311,37,42,28,30,52,13,39,19,2,11,0,0,0,0,0,1,1
5/18/2006,31,1,311,37,42,28,31,52,13,39,19,2,11,0,0,0,0,0,1,1
5/20/2006,31,1,312,37,42,28,31,52,13,39,19,2,11,0,0,0,0,0,1,1
5/23/2006,31,1,313,37,42,28,31,52,13,39,19,2,11,0,0,0,0,0,1,1
5/26/2006,31,1,314,37,42,28,31,52,13,39,19,2,11,0,0,0,0,0,1,1
5/28/2006,31,1,315,37,42,28,31,52,13,39,19,2,11,0,0,0,0,0,1,1
8/18/2006,31,1,315,37,42,28,31,53,13,39,19,2,11,0,0,0,0,0,1,1
9/14/2006,31,1,316,37,42,28,31,53,13,39,19,2,11,0,0,0,0,0,1,1
9/16/2006,31,1,316,37,42,29,31,53,13,39,19,2,11,0,0,0,0,0,1,1
9/20/2006,31,1,316,37,42,29,32,53,13,39,19,2,11,0,0,0,0,0,1,1
9/22/2006,31,1,317,37,42,29,32,53,13,39,19,2,11,0,0,0,0,0,1,1
10/15/2006,32,1,317,37,42,29,32,53,13,39,19,2,11,0,0,0,0,0,1,1
10/26/2006,32,1,318,37,42,29,32,53,13,39,19,2,11,0,0,0,0,0,1,1
10/29/2006,32,1,319,37,42,29,32,53,13,39,19,2,11,0,0,0,0,0,1,1
11/22/2006,32,1,320,37,42,29,32,53,13,39,19,2,11,0,0,0,0,0,1,1
11/26/2006,32,1,321,37,42,29,32,53,13,39,19,2,11,0,0,0,0,0,1,1
11/29/2006,32,1,322,37,42,29,32,53,13,39,19,2,11,0,0,0,0,0,1,1
12/3/2006,32,1,323,37,42,29,32,53,13,39,19,2,11,0,0,0,0,0,1,1
1/21/2007,32,1,323,37,42,29,33,53,13,39,19,2,11,0,0,0,0,0,1,1
1/24/2007,32,1,323,37,42,29,34,53,13,39,19,2,11,0,0,0,0,0,1,1
1/27/2007,32,1,324,37,42,29,34,53,13,39,19,2,11,0,0,0,0,0,1,1
1/31/2007,32,1,324,37,42,29,35,53,13,39,19,2,11,0,0,0,0,0,1,1
2/8/2007,32,1,325,37,42,29,35,53,13,39,19,2,11,0,0,0,0,0,1,1
2/11/2007,32,1,326,37,42,29,35,53,13,39,19,2,11,0,0,0,0,0,1,1
2/14/2007,32,1,326,37,42,29,35,54,13,39,19,2,11,0,0,0,0,0,1,1
2/17/2007,32,1,326,37,42,29,35,55,13,39,19,2,11,0,0,0,0,0,1,1
3/17/2007,32,1,327,37,42,29,35,55,13,39,19,2,11,0,0,0,0,0,1,1
3/19/2007,32,1,327,37,42,29,35,55,13,39,19,2,11,1,0,0,0,0,1,1
3/23/2007,32,1,328,37,42,29,35,55,13,39,19,2,11,1,0,0,0,0,1,1
5/10/2007,32,1,328,37,42,29,35,55,14,39,19,2,11,1,0,0,0,0,1,1
5/12/2007,32,1,328,37,42,29,35,55,15,39,19,2,11,1,0,0,0,0,1,1
6/23/2007,32,1,328,37,42,29,35,55,15,39,19,2,11,1,1,0,0,0,1,1
6/26/2007,32,1,329,37,42,29,35,55,15,39,19,2,11,1,1,0,0,0,1,1
6/29/2007,32,1,329,37,42,29,35,55,15,39,20,2,11,1,1,0,0,0,1,1
7/1/2007,32,1,329,37,42,29,35,55,15,39,21,2,11,1,1,0,0,0,1,1
8/16/2007,32,1,329,37,42,29,35,55,15,39,21,2,11,1,1,1,0,0,1,1
8/21/2007,32,1,330,37,42,29,35,55,15,39,21,2,11,1,1,1,0,0,1,1
8/24/2007,33,1,330,37,42,29,35,55,15,39,21,2,11,1,1,1,0,0,1,1
8/27/2007,33,1,331,37,42,29,35,55,15,39,21,2,11,1,1,1,0,0,1,1
8/30/2007,33,1,332,37,42,29,35,55,15,39,21,2,11,1,1,1,0,0,1,1
9/2/2007,34,1,332,37,42,29,35,55,15,39,21,2,11,1,1,1,0,0,1,1
9/5/2007,35,1,332,37,42,29,35,55,15,39,21,2,11,1,1,1,0,0,1,1
9/8/2007,35,1,333,37,42,29,35,55,15,39,21,2,11,1,1,1,0,0,1,1
9/29/2007,35,1,334,37,42,29,35,55,15,39,21,2,11,1,1,1,0,0,1,1
10/2/2007,35,1,335,37,42,29,35,55,15,39,21,2,11,1,1,1,0,0,1,1
10/5/2007,35,1,336,37,42,29,35,55,15,39,21,2,11,1,1,1,0,0,1,1
10/8/2007,35,1,336,37,42,30,35,55,15,39,21,2,11,1,1,1,0,0,1,1
10/11/2007,35,1,337,37,42,30,35,55,15,39,21,2,11,1,1,1,0,0,1,1
10/14/2007,35,1,338,37,42,30,35,55,15,39,21,2,11,1,1,1,0,0,1,1
10/17/2007,35,1,338,37,42,31,35,55,15,39,21,2,11,1,1,1,0,0,1,1
11/5/2007,35,1,338,37,43,31,35,55,15,39,21,2,11,1,1,1,0,0,1,1
11/8/2007,35,1,339,37,43,31,35,55,15,39,21,2,11,1,1,1,0,0,1,1
11/11/2007,35,1,339,37,44,31,35,55,15,39,21,2,11,1,1,1,0,0,1,1
11/15/2007,35,1,339,37,45,31,35,55,15,39,21,2,11,1,1,1,0,0,1,1
11/18/2007,35,1,340,37,45,31,35,55,15,39,21,2,11,1,1,1,0,0,1,1
2/3/2008,35,1,340,37,45,32,35,55,15,39,21,2,11,1,1,1,0,0,1,1
2/5/2008,35,1,341,37,45,32,35,55,15,39,21,2,11,1,1,1,0,0,1,1
2/10/2008,35,1,341,37,45,33,35,55,15,39,21,2,11,1,1,1,0,0,1,1
2/12/2008,35,1,342,37,45,33,35,55,15,39,21,2,11,1,1,1,0,0,1,1
2/17/2008,35,1,343,37,45,33,35,55,15,39,21,2,11,1,1,1,0,0,1,1
2/19/2008,35,1,343,37,45,33,35,56,15,39,21,2,11,1,1,1,0,0,1,1
2/24/2008,35,1,344,37,45,33,35,56,15,39,21,2,11,1,1,1,0,0,1,1
2/26/2008,35,1,344,37,45,33,35,57,15,39,21,2,11,1,1,1,0,0,1,1
3/2/2008,35,1,344,37,45,34,35,57,15,39,21,2,11,1,1,1,0,0,1,1
3/4/2008,35,1,344,37,45,35,35,57,15,39,21,2,11,1,1,1,0,0,1,1
6/10/2008,35,1,344,37,46,35,35,57,15,39,21,2,11,1,1,1,0,0,1,1
6/12/2008,35,1,344,37,46,35,35,57,16,39,21,2,11,1,1,1,0,0,1,1
6/14/2008,35,1,345,37,46,35,35,57,16,39,21,2,11,1,1,1,0,0,1,1
6/25/2008,35,1,345,37,46,35,35,57,16,39,21,2,11,1,1,1,1,0,1,1
6/26/2008,35,1,345,37,47,35,35,57,16,39,21,2,11,1,1,1,1,0,1,1
6/28/2008,35,1,345,37,47,35,35,57,17,39,21,2,11,1,1,1,1,0,1,1
7/2/2008,35,1,346,37,47,35,35,57,17,39,21,2,11,1,1,1,1,0,1,1
7/3/2008,35,1,346,37,47,35,35,58,17,39,21,2,11,1,1,1,1,0,1,1
7/6/2008,35,1,347,37,47,35,35,58,17,39,21,2,11,1,1,1,1,0,1,1
8/18/2008,35,1,348,37,47,35,35,58,17,39,21,2,11,1,1,1,1,0,1,1
8/20/2008,35,1,348,37,47,35,35,59,17,39,21,2,11,1,1,1,1,0,1,1
8/24/2008,35,1,348,37,47,35,35,60,17,39,21,2,11,1,1,1,1,0,1,1
8/27/2008,35,1,348,37,47,35,35,61,17,39,21,2,11,1,1,1,1,0,1,1
8/29/2008,35,1,349,37,47,35,35,61,17,39,21,2,11,1,1,1,1,0,1,1
11/14/2008,36,1,349,37,47,35,35,61,17,39,21,2,11,1,1,1,1,0,1,1
11/17/2008,37,1,349,37,47,35,35,61,17,39,21,2,11,1,1,1,1,0,1,1
11/20/2008,38,1,349,37,47,35,35,61,17,39,21,2,11,1,1,1,1,0,1,1
11/23/2008,39,1,349,37,47,35,35,61,17,39,21,2,11,1,1,1,1,0,1,1
11/26/2008,40,1,349,37,47,35,35,61,17,39,21,2,11,1,1,1,1,0,1,1
1/28/2009,40,1,349,37,47,35,35,62,17,39,21,2,11,1,1,1,1,0,1,1
1/31/2009,40,1,349,37,47,35,35,63,17,39,21,2,11,1,1,1,1,0,1,1
2/3/2009,40,1,349,37,47,35,35,64,17,39,21,2,11,1,1,1,1,0,1,1
2/5/2009,40,1,349,37,47,35,35,65,17,39,21,2,11,1,1,1,1,0,1,1
2/8/2009,40,1,350,37,47,35,35,65,17,39,21,2,11,1,1,1,1,0,1,1
3/3/2009,40,1,350,38,47,35,35,65,17,39,21,2,11,1,1,1,1,0,1,1
3/6/2009,40,1,350,39,47,35,35,65,17,39,21,2,11,1,1,1,1,0,1,1
3/8/2009,40,1,350,40,47,35,35,65,17,39,21,2,11,1,1,1,1,0,1,1
3/11/2009,40,1,350,41,47,35,35,65,17,39,21,2,11,1,1,1,1,0,1,1
3/14/2009,40,1,351,41,47,35,35,65,17,39,21,2,11,1,1,1,1,0,1,1
6/26/2009,40,1,351,41,47,35,36,65,17,39,21,2,11,1,1,1,1,0,1,1
6/28/2009,40,1,352,41,47,35,36,65,17,39,21,2,11,1,1,1,1,0,1,1
7/3/2009,40,1,352,41,47,35,37,65,17,39,21,2,11,1,1,1,1,0,1,1
7/5/2009,40,1,352,41,47,35,38,65,17,39,21,2,11,1,1,1,1,0,1,1
9/11/2009,40,1,352,42,47,35,38,65,17,39,21,2,11,1,1,1,1,0,1,1
9/12/2009,40,1,353,42,47,35,38,65,17,39,21,2,11,1,1,1,1,0,1,1
9/14/2009,40,1,353,42,47,35,38,66,17,39,21,2,11,1,1,1,1,0,1,1
9/26/2009,40,1,354,42,47,35,38,66,17,39,21,2,11,1,1,1,1,0,1,1
9/28/2009,40,1,354,42,47,36,38,66,17,39,21,2,11,1,1,1,1,0,1,1
9/30/2009,40,1,354,42,47,36,39,66,17,39,21,2,11,1,1,1,1,0,1,1
10/25/2009,40,1,355,42,47,36,39,66,17,39,21,2,11,1,1,1,1,0,1,1
10/28/2009,40,1,355,42,47,37,39,66,17,39,21,2,11,1,1,1,1,0,1,1
10/31/2009,40,1,355,42,47,38,39,66,17,39,21,2,11,1,1,1,1,0,1,1
11/2/2009,40,1,356,42,47,38,39,66,17,39,21,2,11,1,1,1,1,0,1,1
11/5/2009,40,1,357,42,47,38,39,66,17,39,21,2,11,1,1,1,1,0,1,1
11/8/2009,40,1,358,42,47,38,39,66,17,39,21,2,11,1,1,1,1,0,1,1
12/15/2009,40,1,358,42,47,38,39,67,17,39,21,2,11,1,1,1,1,0,1,1
12/18/2009,40,1,359,42,47,38,39,67,17,39,21,2,11,1,1,1,1,0,1,1
12/21/2009,40,1,359,42,47,38,39,68,17,39,21,2,11,1,1,1,1,0,1,1
12/24/2009,40,1,359,42,47,38,39,69,17,39,21,2,11,1,1,1,1,0,1,1
12/27/2009,40,1,360,42,47,38,39,69,17,39,21,2,11,1,1,1,1,0,1,1
1/5/2010,40,1,361,42,47,38,39,69,17,39,21,2,11,1,1,1,1,0,1,1
1/7/2010,40,1,361,42,47,38,39,69,18,39,21,2,11,1,1,1,1,0,1,1
1/10/2010,40,1,361,42,47,38,39,70,18,39,21,2,11,1,1,1,1,0,1,1
1/11/2010,40,1,361,42,47,38,39,70,19,39,21,2,11,1,1,1,1,0,1,1
1/13/2010,40,1,362,42,47,38,39,70,19,39,21,2,11,1,1,1,1,0,1,1
2/21/2010,40,1,362,42,47,38,39,70,19,39,22,2,11,1,1,1,1,0,1,1
2/24/2010,40,1,362,42,47,38,39,70,19,39,23,2,11,1,1,1,1,0,1,1
2/27/2010,40,1,363,42,47,38,39,70,19,39,23,2,11,1,1,1,1,0,1,1
5/28/2010,40,1,364,42,47,38,39,70,19,39,23,2,11,1,1,1,1,0,1,1
5/30/2010,40,1,364,42,47,38,39,71,19,39,23,2,11,1,1,1,1,0,1,1
6/3/2010,40,1,365,42,47,38,39,71,19,39,23,2,11,1,1,1,1,0,1,1
6/5/2010,40,1,366,42,47,38,39,71,19,39,23,2,11,1,1,1,1,0,1,1
6/16/2010,40,1,366,42,47,38,39,71,20,39,23,2,11,1,1,1,1,0,1,1
6/19/2010,40,1,366,42,48,38,39,71,20,39,23,2,11,1,1,1,1,0,1,1
6/22/2010,40,1,367,42,48,38,39,71,20,39,23,2,11,1,1,1,1,0,1,1
6/24/2010,40,1,367,42,48,38,39,72,20,39,23,2,11,1,1,1,1,0,1,1
8/10/2010,40,1,368,42,48,38,39,72,20,39,23,2,11,1,1,1,1,0,1,1
8/16/2010,40,1,368,42,48,38,39,73,20,39,23,2,11,1,1,1,1,0,1,1
8/22/2010,40,1,369,42,48,38,39,73,20,39,23,2,11,1,1,1,1,0,1,1
8/25/2010,40,1,369,43,48,38,39,73,20,39,23,2,11,1,1,1,1,0,1,1
8/28/2010,40,1,370,43,48,38,39,73,20,39,23,2,11,1,1,1,1,0,1,1
10/20/2010,40,1,370,43,48,39,39,73,20,39,23,2,11,1,1,1,1,0,1,1
11/28/2010,40,1,370,44,48,39,39,73,20,39,23,2,11,1,1,1,1,0,1,1
12/1/2010,40,1,370,45,48,39,39,73,20,39,23,2,11,1,1,1,1,0,1,1
12/4/2010,40,1,370,46,48,39,39,73,20,39,23,2,11,1,1,1,1,0,1,1
12/7/2010,40,1,370,47,48,39,39,73,20,39,23,2,11,1,1,1,1,0,1,1
12/10/2010,40,1,370,48,48,39,39,73,20,39,23,2,11,1,1,1,1,0,1,1
1/12/2011,40,1,371,48,48,39,39,73,20,39,23,2,11,1,1,1,1,0,1,1
1/15/2011,40,1,371,48,48,39,39,73,20,39,24,2,11,1,1,1,1,0,1,1
1/18/2011,40,1,371,48,48,39,39,73,20,39,25,2,11,1,1,1,1,0,1,1
1/21/2011,40,1,372,48,48,39,39,73,20,39,25,2,11,1,1,1,1,0,1,1
1/23/2011,40,1,373,48,48,39,39,73,20,39,25,2,11,1,1,1,1,0,1,1
2/19/2011,40,1,373,48,48,39,39,73,21,39,25,2,11,1,1,1,1,0,1,1
2/27/2011,40,1,374,48,48,39,39,73,21,39,25,2,11,1,1,1,1,0,1,1
3/6/2011,40,1,374,48,48,39,39,73,21,39,25,2,11,1,2,1,1,0,1,1
3/9/2011,40,1,374,48,48,39,39,73,21,39,25,2,11,1,2,1,1,0,2,1
3/12/2011,40,1,375,48,48,39,39,73,21,39,25,2,11,1,2,1,1,0,2,1
3/20/2011,40,1,375,48,48,39,40,73,21,39,25,2,11,1,2,1,1,0,2,1
3/24/2011,40,1,375,48,48,40,40,73,21,39,25,2,11,1,2,1,1,0,2,1
3/30/2011,40,1,375,48,49,40,40,73,21,39,25,2,11,1,2,1,1,0,2,1
4/2/2011,40,1,375,48,49,40,40,74,21,39,25,2,11,1,2,1,1,0,2,1
6/6/2011,40,1,375,48,49,40,41,74,21,39,25,2,11,1,2,1,1,0,2,1
6/8/2011,40,1,375,48,49,40,42,74,21,39,25,2,11,1,2,1,1,0,2,1
6/11/2011,40,1,375,48,49,40,43,74,21,39,25,2,11,1,2,1,1,0,2,1
6/13/2011,40,1,376,48,49,40,43,74,21,39,25,2,11,1,2,1,1,0,2,1
6/16/2011,40,1,377,48,49,40,43,74,21,39,25,2,11,1,2,1,1,0,2,1
9/3/2011,41,1,377,48,49,40,43,74,21,39,25,2,11,1,2,1,1,0,2,1
9/6/2011,41,1,378,48,49,40,43,74,21,39,25,2,11,1,2,1,1,0,2,1
9/9/2011,41,1,379,48,49,40,43,74,21,39,25,2,11,1,2,1,1,0,2,1
9/11/2011,42,1,379,48,49,40,43,74,21,39,25,2,11,1,2,1,1,0,2,1
9/16/2011,42,1,380,48,49,40,43,74,21,39,25,2,11,1,2,1,1,0,2,1
10/14/2011,43,1,380,48,49,40,43,74,21,39,25,2,11,1,2,1,1,0,2,1
10/17/2011,44,1,380,48,49,40,43,74,21,39,25,2,11,1,2,1,1,0,2,1
10/20/2011,45,1,380,48,49,40,43,74,21,39,25,2,11,1,2,1,1,0,2,1
10/23/2011,46,1,380,48,49,40,43,74,21,39,25,2,11,1,2,1,1,0,2,1
10/25/2011,47,1,380,48,49,40,43,74,21,39,25,2,11,1,2,1,1,0,2,1
11/29/2011,47,1,380,48,49,40,44,74,21,39,25,2,11,1,2,1,1,0,2,1
12/2/2011,47,1,380,48,49,40,45,74,21,39,25,2,11,1,2,1,1,0,2,1
12/5/2011,47,1,381,48,49,40,45,74,21,39,25,2,11,1,2,1,1,0,2,1
12/8/2011,47,1,381,48,49,40,46,74,21,39,25,2,11,1,2,1,1,0,2,1
12/11/2011,47,1,381,48,49,40,47,74,21,39,25,2,11,1,2,1,1,0,2,1
2/5/2012,47,1,382,48,49,40,47,74,21,39,25,2,11,1,2,1,1,0,2,1
2/8/2012,47,1,382,48,49,40,47,75,21,39,25,2,11,1,2,1,1,0,2,1
2/12/2012,47,1,382,48,49,41,47,75,21,39,25,2,11,1,2,1,1,0,2,1
2/14/2012,47,1,383,48,49,41,47,75,21,39,25,2,11,1,2,1,1,0,2,1
2/19/2012,47,1,384,48,49,41,47,75,21,39,25,2,11,1,2,1,1,0,2,1
2/21/2012,47,1,385,48,49,41,47,75,21,39,25,2,11,1,2,1,1,0,2,1
2/26/2012,47,1,386,48,49,41,47,75,21,39,25,2,11,1,2,1,1,0,2,1
2/28/2012,47,1,386,48,49,41,47,76,21,39,25,2,11,1,2,1,1,0,2,1
3/13/2012,47,1,386,48,49,41,47,77,21,39,25,2,11,1,2,1,1,0,2,1
3/16/2012,47,1,387,48,49,41,47,77,21,39,25,2,11,1,2,1,1,0,2,1
3/18/2012,47,1,387,48,50,41,47,77,21,39,25,2,11,1,2,1,1,0,2,1
7/21/2012,47,1,387,48,50,41,47,78,21,39,25,2,11,1,2,1,1,0,2,1
7/24/2012,47,1,388,48,50,41,47,78,21,39,25,2,11,1,2,1,1,0,2,1
7/28/2012,47,1,388,48,50,41,47,79,21,39,25,2,11,1,2,1,1,0,2,1
7/31/2012,47,1,388,48,50,41,47,80,21,39,25,2,11,1,2,1,1,0,2,1
8/4/2012,47,1,388,48,50,41,47,81,21,39,25,2,11,1,2,1,1,0,2,1
12/30/2012,47,1,389,48,50,41,47,81,21,39,25,2,11,1,2,1,1,0,2,1
1/3/2013,47,1,390,48,50,41,47,81,21,39,25,2,11,1,2,1,1,0,2,1
1/6/2013,47,1,390,48,51,41,47,81,21,39,25,2,11,1,2,1,1,0,2,1
1/11/2013,47,1,391,48,51,41,47,81,21,39,25,2,11,1,2,1,1,0,2,1
1/15/2013,48,1,391,48,51,41,47,81,21,39,25,2,11,1,2,1,1,0,2,1
1/19/2013,49,1,391,48,51,41,47,81,21,39,25,2,11,1,2,1,1,0,2,1
1/23/2013,50,1,391,48,51,41,47,81,21,39,25,2,11,1,2,1,1,0,2,1
1/27/2013,50,1,392,48,51,41,47,81,21,39,25,2,11,1,2,1,1,0,2,1
6/6/2013,50,1,392,48,51,41,47,81,21,39,26,2,11,1,2,1,1,0,2,1
6/11/2013,50,1,392,48,51,41,48,81,21,39,26,2,11,1,2,1,1,0,2,1
6/15/2013,50,1,392,48,52,41,48,81,21,39,26,2,11,1,2,1,1,0,2,1
6/20/2013,50,1,392,48,52,41,48,82,21,39,26,2,11,1,2,1,1,0,2,1
6/23/2013,51,1,392,48,52,41,48,82,21,39,26,2,11,1,2,1,1,0,2,1
6/30/2013,51,1,393,48,52,41,48,82,21,39,26,2,11,1,2,1,1,0,2,1
7/2/2013,51,1,394,48,52,41,48,82,21,39,26,2,11,1,2,1,1,0,2,1
7/5/2013,51,1,394,48,52,41,49,82,21,39,26,2,11,1,2,1,1,0,2,1
7/9/2013,51,1,394,48,52,41,49,83,21,39,26,2,11,1,2,1,1,0,2,1
7/11/2013,51,1,394,48,52,41,49,84,21,39,26,2,11,1,2,1,1,0,2,1
7/24/2013,51,1,394,48,52,41,49,84,21,40,26,2,11,1,2,1,1,0,2,1
7/26/2013,51,1,394,48,52,41,49,84,21,41,26,2,11,1,2,1,1,0,2,1
7/28/2013,51,1,394,48,52,41,49,84,21,42,26,2,11,1,2,1,1,0,2,1
8/1/2013,51,1,394,48,52,41,49,84,21,43,26,2,11,1,2,1,1,0,2,1
8/3/2013,51,1,394,48,52,41,49,84,21,44,26,2,11,1,2,1,1,0,2,1
10/13/2013,51,1,395,48,52,41,49,84,21,44,26,2,11,1,2,1,1,0,2,1
10/16/2013,51,1,395,48,52,42,49,84,21,44,26,2,11,1,2,1,1,0,2,1
10/19/2013,51,1,396,48,52,42,49,84,21,44,26,2,11,1,2,1,1,0,2,1
10/23/2013,51,1,397,48,52,42,49,84,21,44,26,2,11,1,2,1,1,0,2,1
10/30/2013,51,1,397,48,52,43,49,84,21,44,26,2,11,1,2,1,1,0,2,1
11/2/2013,51,1,397,48,52,44,49,84,21,44,26,2,11,1,2,1,1,0,2,1
11/21/2013,51,1,397,48,52,44,50,84,21,44,26,2,11,1,2,1,1,0,2,1
11/24/2013,51,1,398,48,52,44,50,84,21,44,26,2,11,1,2,1,1,0,2,1
11/27/2013,51,1,398,48,52,44,51,84,21,44,26,2,11,1,2,1,1,0,2,1
12/5/2013,51,1,399,48,52,44,51,84,21,44,26,2,11,1,2,1,1,0,2,1
12/8/2013,51,1,400,48,52,44,51,84,21,44,26,2,11,1,2,1,1,0,2,1
12/11/2013,51,1,400,48,52,44,51,84,21,44,27,2,11,1,2,1,1,0,2,1
1/19/2014,51,1,401,48,52,44,51,84,21,44,27,2,11,1,2,1,1,0,2,1
1/22/2014,51,1,402,48,52,44,51,84,21,44,27,2,11,1,2,1,1,0,2,1
1/25/2014,51,1,402,49,52,44,51,84,21,44,27,2,11,1,2,1,1,0,2,1
1/28/2014,51,1,403,49,52,44,51,84,21,44,27,2,11,1,2,1,1,0,2,1
1/31/2014,51,1,404,49,52,44,51,84,21,44,27,2,11,1,2,1,1,0,2,1
2/26/2014,51,1,404,49,52,44,51,84,22,44,27,2,11,1,2,1,1,0,2,1
2/28/2014,51,1,405,49,52,44,51,84,22,44,27,2,11,1,2,1,1,0,2,1
3/2/2014,51,1,406,49,52,44,51,84,22,44,27,2,11,1,2,1,1,0,2,1
3/5/2014,51,1,406,49,52,44,51,84,22,44,27,2,11,1,2,1,1,1,2,1
6/15/2014,51,1,406,49,52,44,51,84,23,44,27,2,11,1,2,1,1,1,2,1
6/17/2014,51,1,406,49,52,44,51,84,24,44,27,2,11,1,2,1,1,1,2,1
6/19/2014,51,1,406,49,52,44,51,84,25,44,27,2,11,1,2,1,1,1,2,1
8/27/2014,52,1,406,49,52,44,51,84,25,44,27,2,11,1,2,1,1,1,2,1
8/30/2014,53,1,406,49,52,44,51,84,25,44,27,2,11,1,2,1,1,1,2,1
9/2/2014,54,1,406,49,52,44,51,84,25,44,27,2,11,1,2,1,1,1,2,1
9/5/2014,54,1,407,49,52,44,51,84,25,44,27,2,11,1,2,1,1,1,2,1
10/8/2014,54,1,408,49,52,44,51,84,25,44,27,2,11,1,2,1,1,1,2,1
10/11/2014,54,1,408,49,52,44,52,84,25,44,27,2,11,1,2,1,1,1,2,1
10/17/2014,54,1,408,49,52,44,53,84,25,44,27,2,11,1,2,1,1,1,2,1
11/2/2014,54,1,408,49,52,44,53,85,25,44,27,2,11,1,2,1,1,1,2,1
11/6/2014,54,1,408,49,52,44,53,86,25,44,27,2,11,1,2,1,1,1,2,1
11/9/2014,54,1,408,49,52,44,53,87,25,44,27,2,11,1,2,1,1,1,2,1
11/13/2014,54,1,408,49,52,44,53,88,25,44,27,2,11,1,2,1,1,1,2,1
11/16/2014,54,1,408,49,52,44,53,89,25,44,27,2,11,1,2,1,1,1,2,1
1/18/2015,54,1,409,49,52,44,53,89,25,44,27,2,11,1,2,1,1,1,2,1
1/20/2015,54,1,410,49,52,44,53,89,25,44,27,2,11,1,2,1,1,1,2,1
1/26/2015,54,1,410,49,52,45,53,89,25,44,27,2,11,1,2,1,1,1,2,1
1/30/2015,54,1,411,49,52,45,53,89,25,44,27,2,11,1,2,1,1,1,2,1
2/15/2015,54,1,411,49,53,45,53,89,25,44,27,2,11,1,2,1,1,1,2,1
2/22/2015,54,1,411,49,53,45,53,89,25,44,28,2,11,1,2,1,1,1,2,1
2/28/2015,54,1,411,49,53,45,53,89,25,44,28,3,11,1,2,1,1,1,2,1
3/6/2015,54,1,411,49,53,45,54,89,25,44,28,3,11,1,2,1,1,1,2,1
3/10/2015,54,1,411,49,53,45,54,89,25,44,28,3,11,1,3,1,1,1,2,1
3/14/2015,54,1,411,49,53,45,54,89,25,45,28,3,11,1,3,1,1,1,2,1
3/19/2015,54,1,411,49,53,45,54,89,26,45,28,3,11,1,3,1,1,1,2,1
3/26/2015,54,1,412,49,53,45,54,89,26,45,28,3,11,1,3,1,1,1,2,1
6/18/2015,54,1,413,49,53,45,54,89,26,45,28,3,11,1,3,1,1,1,2,1
6/21/2015,54,1,414,49,53,45,54,89,26,45,28,3,11,1,3,1,1,1,2,1
6/24/2015,54,1,414,49,53,45,54,89,27,45,28,3,11,1,3,1,1,1,2,1
7/10/2015,54,1,414,49,53,45,54,89,27,46,28,3,11,1,3,1,1,1,2,1
7/12/2015,54,1,414,49,53,45,54,89,27,47,28,3,11,1,3,1,1,1,2,1
7/14/2015,54,1,414,49,53,45,54,89,27,48,28,3,11,1,3,1,1,1,2,1
10/11/2015,54,1,415,49,53,45,54,89,27,48,28,3,11,1,3,1,1,1,2,1
10/14/2015,54,1,415,49,53,45,54,89,27,48,29,3,11,1,3,1,1,1,2,1
10/18/2015,54,1,416,49,53,45,54,89,27,48,29,3,11,1,3,1,1,1,2,1
10/22/2015,54,1,416,49,53,45,54,89,27,48,30,3,11,1,3,1,1,1,2,1
10/25/2015,54,1,417,49,53,45,54,89,27,48,30,3,11,1,3,1,1,1,2,1
1/12/2016,54,1,418,49,53,45,54,89,27,48,30,3,11,1,3,1,1,1,2,1
1/15/2016,54,1,419,49,53,45,54,89,27,48,30,3,11,1,3,1,1,1,2,1
1/17/2016,54,1,420,49,53,45,54,89,27,48,30,3,11,1,3,1,1,1,2,1
1/20/2016,54,1,421,49,53,45,54,89,27,48,30,3,11,1,3,1,1,1,2,1
1/23/2016,54,1,421,49,53,46,54,89,27,48,30,3,11,1,3,1,1,1,2,1
6/11/2016,54,1,421,49,53,46,54,89,27,49,30,3,11,1,3,1,1,1,2,1
6/13/2016,54,1,421,49,53,46,54,89,27,50,30,3,11,1,3,1,1,1,2,1
6/15/2016,54,1,421,49,53,46,54,89,27,51,30,3,11,1,3,1,1,1,2,1
10/16/2016,54,1,421,50,53,46,54,89,27,51,30,3,11,1,3,1,1,1,2,1
10/20/2016,54,1,422,50,53,46,54,89,27,51,30,3,11,1,3,1,1,1,2,1
10/23/2016,54,1,422,51,53,46,54,89,27,51,30,3,11,1,3,1,1,1,2,1
10/26/2016,54,1,423,51,53,46,54,89,27,51,30,3,11,1,3,1,1,1,2,1
10/29/2016,54,1,423,52,53,46,54,89,27,51,30,3,11,1,3,1,1,1,2,1
1/15/2017,55,1,423,52,53,46,54,89,27,51,30,3,11,1,3,1,1,1,2,1
1/19/2017,56,1,423,52,53,46,54,89,27,51,30,3,11,1,3,1,1,1,2,1
1/22/2017,56,1,424,52,53,46,54,89,27,51,30,3,11,1,3,1,1,1,2,1
6/4/2017,56,1,424,52,54,46,54,89,27,51,30,3,11,1,3,1,1,1,2,1
6/8/2017,56,1,425,52,54,46,54,89,27,51,30,3,11,1,3,1,1,1,2,1
6/11/2017,56,1,425,52,54,46,54,89,27,51,31,3,11,1,3,1,1,1,2,1
6/15/2017,56,1,425,52,54,46,54,89,28,51,31,3,11,1,3,1,1,1,2,1
6/18/2017,56,1,426,52,54,46,54,89,28,51,31,3,11,1,3,1,1,1,2,1
6/23/2017,56,1,426,52,54,46,55,89,28,51,31,3,11,1,3,1,1,1,2,1
6/25/2017,56,1,426,52,54,46,56,89,28,51,31,3,11,1,3,1,1,1,2,1
6/30/2017,56,1,426,52,54,46,57,89,28,51,31,3,11,1,3,1,1,1,2,1
7/2/2017,56,1,427,52,54,46,57,89,28,51,31,3,11,1,3,1,1,1,2,1
7/6/2017,56,1,427,52,54,46,58,89,28,51,31,3,11,1,3,1,1,1,2,1
8/20/2017,56,1,427,52,54,46,58,90,28,51,31,3,11,1,3,1,1,1,2,1
8/24/2017,56,1,427,52,54,46,58,91,28,51,31,3,11,1,3,1,1,1,2,1
8/27/2017,56,1,427,52,54,46,58,92,28,51,31,3,11,1,3,1,1,1,2,1
8/31/2017,56,1,427,52,54,46,58,93,28,51,31,3,11,1,3,1,1,1,2,1
9/3/2017,56,1,427,52,54,46,58,94,28,51,31,3,11,1,3,1,1,1,2,1
9/17/2017,56,1,427,52,54,47,58,94,28,51,31,3,11,1,3,1,1,1,2,1
9/21/2017,56,1,427,52,54,48,58,94,28,51,31,3,11,1,3,1,1,1,2,1
9/24/2017,56,1,427,52,54,49,58,94,28,51,31,3,11,1,3,1,1,1,2,1
9/28/2017,56,1,428,52,54,49,58,94,28,51,31,3,11,1,3,1,1,1,2,1
10/1/2017,56,1,428,52,54,50,58,94,28,51,31,3,11,1,3,1,1,1,2,1
10/22/2017,56,1,429,52,54,50,58,94,28,51,31,3,11,1,3,1,1,1,2,1
10/25/2017,56,1,429,53,54,50,58,94,28,51,31,3,11,1,3,1,1,1,2,1
10/29/2017,56,1,429,54,54,50,58,94,28,51,31,3,11,1,3,1,1,1,2,1
12/10/2017,56,1,430,54,54,50,58,94,28,51,31,3,11,1,3,1,1,1,2,1
12/13/2017,56,1,430,54,54,50,58,95,28,51,31,3,11,1,3,1,1,1,2,1
12/17/2017,56,1,430,54,54,50,58,96,28,51,31,3,11,1,3,1,1,1,2,1
2/1/2018,56,1,430,54,54,50,58,96,28,51,32,3,11,1,3,1,1,1,2,1
2/4/2018,56,1,430,54,54,50,58,96,28,51,33,3,11,1,3,1,1,1,2,1
2/7/2018,56,1,430,54,54,50,58,96,28,51,34,3,11,1,3,1,1,1,2,1
2/10/2018,56,1,431,54,54,50,58,96,28,51,34,3,11,1,3,1,1,1,2,1
2/13/2018,56,1,431,54,54,50,58,96,28,51,35,3,11,1,3,1,1,1,2,1
2/16/2018,56,1,431,54,54,50,58,96,28,51,36,3,11,1,3,1,1,1,2,1
7/12/2018,57,1,431,54,54,50,58,96,28,51,36,3,11,1,3,1,1,1,2,1
7/14/2018,57,1,432,54,54,50,58,96,28,51,36,3,11,1,3,1,1,1,2,1
7/17/2018,57,1,433,54,54,50,58,96,28,51,36,3,11,1,3,1,1,1,2,1
9/18/2018,57,1,433,54,54,50,58,96,28,51,36,3,11,1,3,1,2,1,2,1
9/19/2018,57,1,433,54,55,50,58,96,28,51,36,3,11,1,3,1,2,1,2,1
9/21/2018,57,1,433,54,55,50,58,96,29,51,36,3,11,1,3,1,2,1,2,1
9/23/2018,57,1,433,54,56,50,58,96,29,51,36,3,11,1,3,1,2,1,2,1
9/25/2018,57,1,433,54,56,50,58,96,29,51,36,3,11,1,3,1,2,2,2,1
9/28/2018,57,1,433,54,56,50,58,96,30,51,36,3,11,1,3,1,2,2,2,1
10/21/2018,57,1,433,54,56,50,59,96,30,51,36,3,11,1,3,1,2,2,2,1
10/24/2018,57,1,434,54,56,50,59,96,30,51,36,3,11,1,3,1,2,2,2,1
10/27/2018,57,1,435,54,56,50,59,96,30,51,36,3,11,1,3,1,2,2,2,1
10/29/2018,57,1,435,54,56,50,60,96,30,51,36,3,11,1,3,1,2,2,2,1
11/1/2018,57,1,435,54,56,50,61,96,30,51,36,3,11,1,3,1,2,2,2,1
1/12/2019,57,1,436,54,56,50,61,96,30,51,36,3,11,1,3,1,2,2,2,1
1/15/2019,57,1,436,54,56,51,61,96,30,51,36,3,11,1,3,1,2,2,2,1
1/18/2019,57,1,436,54,56,52,61,96,30,51,36,3,11,1,3,1,2,2,2,1
1/23/2019,57,1,436,55,56,52,61,96,30,51,36,3,11,1,3,1,2,2,2,1
1/26/2019,57,1,436,56,56,52,61,96,30,51,36,3,11,1,3,1,2,2,2,1
1/28/2019,57,1,436,57,56,52,61,96,30,51,36,3,11,1,3,1,2,2,2,1
1/31/2019,57,1,437,57,56,52,61,96,30,51,36,3,11,1,3,1,2,2,2,1
2/3/2019,57,1,437,58,56,52,61,96,30,51,36,3,11,1,3,1,2,2,2,1
3/2/2019,57,1,437,58,56,53,61,96,30,51,36,3,11,1,3,1,2,2,2,1
3/5/2019,57,1,437,58,56,54,61,96,30,51,36,3,11,1,3,1,2,2,2,1
3/8/2019,57,1,438,58,56,54,61,96,30,51,36,3,11,1,3,1,2,2,2,1
3/10/2019,57,1,439,58,56,54,61,96,30,51,36,3,11,1,3,1,2,2,2,1
3/13/2019,57,1,440,58,56,54,61,96,30,51,36,3,11,1,3,1,2,2,2,1
6/5/2019,57,1,440,58,56,54,61,96,30,51,37,3,11,1,3,1,2,2,2,1
6/9/2019,57,1,440,58,56,55,61,96,30,51,37,3,11,1,3,1,2,2,2,1
6/16/2019,57,1,440,58,57,55,61,96,30,51,37,3,11,1,3,1,2,2,2,1
6/22/2019,57,1,440,58,57,55,61,96,30,51,37,3,11,1,3,1,2,3,2,1
6/27/2019,57,1,440,58,57,55,62,96,30,51,37,3,11,1,3,1,2,3,2,1
6/30/2019,57,1,441,58,57,55,62,96,30,51,37,3,11,1,3,1,2,3,2,1
7/2/2019,57,1,441,58,57,55,62,96,31,51,37,3,11,1,3,1,2,3,2,1
7/6/2019,57,1,441,58,57,55,62,97,31,51,37,3,11,1,3,1,2,3,2,1
7/9/2019,57,1,442,58,57,55,62,97,31,51,37,3,11,1,3,1,2,3,2,1
8/8/2019,57,1,442,58,57,55,63,97,31,51,37,3,11,1,3,1,2,3,2,1
8/11/2019,57,1,442,58,57,55,64,97,31,51,37,3,11,1,3,1,2,3,2,1
8/14/2019,57,1,442,58,57,55,65,97,31,51,37,3,11,1,3,1,2,3,2,1
12/15/2019,57,1,443,58,57,55,65,97,31,51,37,3,11,1,3,1,2,3,2,1
12/18/2019,57,1,443,58,57,55,66,97,31,51,37,3,11,1,3,1,2,3,2,1
12/22/2019,57,1,443,58,57,55,67,97,31,51,37,3,11,1,3,1,2,3,2,1
1/14/2020,57,1,444,58,57,55,67,97,31,51,37,3,11,1,3,1,2,3,2,1
1/17/2020,57,1,444,58,57,56,67,97,31,51,37,3,11,1,3,1,2,3,2,1
1/19/2020,57,1,444,58,57,57,67,97,31,51,37,3,11,1,3,1,2,3,2,1
2/5/2020,57,1,445,58,57,57,67,97,31,51,37,3,11,1,3,1,2,3,2,1
2/8/2020,57,1,446,58,57,57,67,97,31,51,37,3,11,1,3,1,2,3,2,1
2/11/2020,57,1,447,58,57,57,67,97,31,51,37,3,11,1,3,1,2,3,2,1
11/27/2020,57,1,448,58,57,57,67,97,31,51,37,3,11,1,3,1,2,3,2,1
11/29/2020,57,1,449,58,57,57,67,97,31,51,37,3,11,1,3,1,2,3,2,1
12/2/2020,57,1,449,58,57,58,67,97,31,51,37,3,11,1,3,1,2,3,2,1
3/23/2021,58,1,449,58,57,58,67,97,31,51,37,3,11,1,3,1,2,3,2,1
3/26/2021,58,1,450,58,57,58,67,97,31,51,37,3,11,1,3,1,2,3,2,1
3/28/2021,59,1,450,58,57,58,67,97,31,51,37,3,11,1,3,1,2,3,2,1
7/18/2021,59,1,450,58,57,58,67,98,31,51,37,3,11,1,3,1,2,3,2,1
7/20/2021,59,1,450,58,57,58,67,99,31,51,37,3,11,1,3,1,2,3,2,1
7/23/2021,59,1,451,58,57,58,67,99,31,51,37,3,11,1,3,1,2,3,2,1
1/19/2022,59,1,452,58,57,58,67,99,31,51,37,3,11,1,3,1,2,3,2,1
1/21/2022,59,1,453,58,57,58,67,99,31,51,37,3,11,1,3,1,2,3,2,1
1/23/2022,59,1,454,58,57,58,67,99,31,51,37,3,11,1,3,1,2,3,2,1
2/6/2022,59,1,454,58,57,58,68,99,31,51,37,3,11,1,3,1,2,3,2,1
2/9/2022,59,1,454,58,57,58,69,99,31,51,37,3,11,1,3,1,2,3,2,1
2/11/2022,59,1,454,58,57,58,70,99,31,51,37,3,11,1,3,1,2,3,2,1
7/12/2022,60,1,454,58,57,58,70,99,31,51,37,3,11,1,3,1,2,3,2,1
7/14/2022,60,1,455,58,57,58,70,99,31,51,37,3,11,1,3,1,2,3,2,1
7/17/2022,61,1,455,58,57,58,70,99,31,51,37,3,11,1,3,1,2,3,2,1
7/22/2022,61,1,455,58,57,58,71,99,31,51,37,3,11,1,3,1,2,3,2,1
7/24/2022,61,1,455,58,57,58,72,99,31,51,37,3,11,1,3,1,2,3,2,1
7/27/2022,61,1,455,58,57,58,73,99,31,51,37,3,11,1,3,1,2,3,2,1
8/18/2022,61,1,455,58,57,58,73,99,31,52,37,3,11,1,3,1,2,3,2,1
8/20/2022,61,1,455,58,57,58,73,99,31,53,37,3,11,1,3,1,2,3,2,1
8/22/2022,61,1,455,58,57,58,73,99,31,54,37,3,11,1,3,1,2,3,2,1
10/6/2022,61,1,456,58,57,58,73,99,31,54,37,3,11,1,3,1,2,3,2,1
10/9/2022,61,1,456,58,57,58,73,99,31,54,38,3,11,1,3,1,2,3,2,1
10/11/2022,61,1,456,58,57,58,73,99,31,54,39,3,11,1,3,1,2,3,2,1
11/25/2022,61,1,457,58,57,58,73,99,31,54,39,3,11,1,3,1,2,3,2,1
11/27/2022,61,1,457,59,57,58,73,99,31,54,39,3,11,1,3,1,2,3,2,1
11/30/2022,61,1,457,60,57,58,73,99,31,54,39,3,11,1,3,1,2,3,2,1
12/4/2022,61,1,458,60,57,58,73,99,31,54,39,3,11,1,3,1,2,3,2,1
12/7/2022,61,1,459,60,57,58,73,99,31,54,39,3,11,1,3,1,2,3,2,1
12/10/2022,61,1,459,60,57,58,73,99,32,54,39,3,11,1,3,1,2,3,2,1
