,New Zealand,England,Australia,Pakistan,West Indies,Canada,India,Sri Lanka,Bangladesh,South Africa,Zimbabwe,U.A.E.,Kenya,Netherlands,Namibia,Hong Kong,Scotland,Ireland,Afghanistan
2/11/1973,0,0,0,1,0,0,0,0,0,0,0,0,0,0,0,0,0,0,0
8/31/1974,0,1,0,1,0,0,0,0,0,0,0,0,0,0,0,0,0,0,0
9/3/1974,0,2,0,1,0,0,0,0,0,0,0,0,0,0,0,0,0,0,0
6/7/1975,0,2,0,2,0,0,0,0,0,0,0,0,0,0,0,0,0,0,0
6/11/1975,0,2,0,3,0,0,0,0,0,0,0,0,0,0,0,0,0,0,0
6/14/1975,0,2,0,3,0,0,0,1,0,0,0,0,0,0,0,0,0,0,0
10/16/1976,0,2,0,4,0,0,0,1,0,0,0,0,0,0,0,0,0,0,0
3/16/1977,0,2,0,5,0,0,0,1,0,0,0,0,0,0,0,0,0,0,0
12/23/1977,0,2,0,6,0,0,0,1,0,0,0,0,0,0,0,0,0,0,0
12/30/1977,0,2,0,7,0,0,0,1,0,0,0,0,0,0,0,0,0,0,0
1/13/1978,0,3,0,7,0,0,0,1,0,0,0,0,0,0,0,0,0,0,0
5/24/1978,0,3,0,8,0,0,0,1,0,0,0,0,0,0,0,0,0,0,0
5/26/1978,0,3,0,9,0,0,0,1,0,0,0,0,0,0,0,0,0,0,0
10/1/1978,0,3,0,10,0,0,0,1,0,0,0,0,0,0,0,0,0,0,0
10/13/1978,0,3,0,10,0,0,1,1,0,0,0,0,0,0,0,0,0,0,0
11/3/1978,0,3,0,10,0,0,2,1,0,0,0,0,0,0,0,0,0,0,0
6/9/1979,0,3,0,10,0,1,2,1,0,0,0,0,0,0,0,0,0,0,0
6/13/1979,0,3,1,10,0,1,2,1,0,0,0,0,0,0,0,0,0,0,0
6/16/1979,0,3,1,11,0,1,2,1,0,0,0,0,0,0,0,0,0,0,0
6/20/1979,0,3,1,12,0,1,2,1,0,0,0,0,0,0,0,0,0,0,0
11/21/1980,0,3,1,13,0,1,2,1,0,0,0,0,0,0,0,0,0,0,0
12/5/1980,0,3,1,14,0,1,2,1,0,0,0,0,0,0,0,0,0,0,0
12/19/1980,0,3,1,15,0,1,2,1,0,0,0,0,0,0,0,0,0,0,0
11/21/1981,0,3,1,16,0,1,2,1,0,0,0,0,0,0,0,0,0,0,0
11/22/1981,0,3,2,16,0,1,2,1,0,0,0,0,0,0,0,0,0,0,0
12/5/1981,0,3,2,16,1,1,2,1,0,0,0,0,0,0,0,0,0,0,0
12/6/1981,0,3,2,17,1,1,2,1,0,0,0,0,0,0,0,0,0,0,0
12/17/1981,0,3,3,17,1,1,2,1,0,0,0,0,0,0,0,0,0,0,0
12/19/1981,0,3,3,18,1,1,2,1,0,0,0,0,0,0,0,0,0,0,0
1/9/1982,0,3,4,18,1,1,2,1,0,0,0,0,0,0,0,0,0,0,0
1/12/1982,0,3,4,19,1,1,2,1,0,0,0,0,0,0,0,0,0,0,0
1/14/1982,0,3,4,20,1,1,2,1,0,0,0,0,0,0,0,0,0,0,0
1/16/1982,0,3,4,21,1,1,2,1,0,0,0,0,0,0,0,0,0,0,0
3/12/1982,0,3,4,21,1,1,2,2,0,0,0,0,0,0,0,0,0,0,0
3/29/1982,0,3,4,22,1,1,2,2,0,0,0,0,0,0,0,0,0,0,0
3/31/1982,0,3,4,22,1,1,2,3,0,0,0,0,0,0,0,0,0,0,0
7/17/1982,0,3,4,23,1,1,2,3,0,0,0,0,0,0,0,0,0,0,0
7/19/1982,0,3,4,24,1,1,2,3,0,0,0,0,0,0,0,0,0,0,0
9/20/1982,0,3,5,24,1,1,2,3,0,0,0,0,0,0,0,0,0,0,0
10/8/1982,0,3,6,24,1,1,2,3,0,0,0,0,0,0,0,0,0,0,0
10/22/1982,0,3,6,25,1,1,2,3,0,0,0,0,0,0,0,0,0,0,0
12/3/1982,0,3,6,25,1,1,3,3,0,0,0,0,0,0,0,0,0,0,0
12/17/1982,0,3,6,25,1,1,4,3,0,0,0,0,0,0,0,0,0,0,0
12/31/1982,0,3,6,26,1,1,4,3,0,0,0,0,0,0,0,0,0,0,0
1/21/1983,0,3,6,26,1,1,5,3,0,0,0,0,0,0,0,0,0,0,0
6/9/1983,0,3,6,26,1,1,5,4,0,0,0,0,0,0,0,0,0,0,0
6/11/1983,0,3,6,27,1,1,5,4,0,0,0,0,0,0,0,0,0,0,0
6/13/1983,0,3,6,28,1,1,5,4,0,0,0,0,0,0,0,0,0,0,0
6/16/1983,0,3,6,28,1,1,5,5,0,0,0,0,0,0,0,0,0,0,0
6/18/1983,0,3,6,29,1,1,5,5,0,0,0,0,0,0,0,0,0,0,0
6/20/1983,1,3,6,29,1,1,5,5,0,0,0,0,0,0,0,0,0,0,0
6/22/1983,1,3,6,30,1,1,5,5,0,0,0,0,0,0,0,0,0,0,0
9/10/1983,1,3,6,31,1,1,5,5,0,0,0,0,0,0,0,0,0,0,0
10/2/1983,1,3,6,32,1,1,5,5,0,0,0,0,0,0,0,0,0,0,0
1/10/1984,1,3,6,33,1,1,5,5,0,0,0,0,0,0,0,0,0,0,0
1/12/1984,1,3,6,33,2,1,5,5,0,0,0,0,0,0,0,0,0,0,0
1/14/1984,1,3,6,34,2,1,5,5,0,0,0,0,0,0,0,0,0,0,0
1/15/1984,1,3,7,34,2,1,5,5,0,0,0,0,0,0,0,0,0,0,0
1/19/1984,1,3,7,35,2,1,5,5,0,0,0,0,0,0,0,0,0,0,0
1/21/1984,1,3,7,36,2,1,5,5,0,0,0,0,0,0,0,0,0,0,0
1/25/1984,1,3,7,37,2,1,5,5,0,0,0,0,0,0,0,0,0,0,0
1/28/1984,1,3,7,38,2,1,5,5,0,0,0,0,0,0,0,0,0,0,0
1/30/1984,1,3,7,39,2,1,5,5,0,0,0,0,0,0,0,0,0,0,0
2/4/1984,1,3,7,40,2,1,5,5,0,0,0,0,0,0,0,0,0,0,0
3/9/1984,1,4,7,40,2,1,5,5,0,0,0,0,0,0,0,0,0,0,0
3/26/1984,1,4,7,41,2,1,5,5,0,0,0,0,0,0,0,0,0,0,0
4/6/1984,1,4,7,42,2,1,5,5,0,0,0,0,0,0,0,0,0,0,0
4/13/1984,1,4,7,43,2,1,5,5,0,0,0,0,0,0,0,0,0,0,0
10/12/1984,1,4,7,43,2,1,6,5,0,0,0,0,0,0,0,0,0,0,0
10/31/1984,1,4,7,44,2,1,6,5,0,0,0,0,0,0,0,0,0,0,0
11/12/1984,2,4,7,44,2,1,6,5,0,0,0,0,0,0,0,0,0,0,0
11/23/1984,3,4,7,44,2,1,6,5,0,0,0,0,0,0,0,0,0,0,0
12/2/1984,3,4,7,45,2,1,6,5,0,0,0,0,0,0,0,0,0,0,0
12/7/1984,4,4,7,45,2,1,6,5,0,0,0,0,0,0,0,0,0,0,0
1/12/1985,4,4,7,46,2,1,6,5,0,0,0,0,0,0,0,0,0,0,0
1/15/1985,4,4,7,47,2,1,6,5,0,0,0,0,0,0,0,0,0,0,0
2/6/1985,4,4,7,48,2,1,6,5,0,0,0,0,0,0,0,0,0,0,0
2/16/1985,5,4,7,48,2,1,6,5,0,0,0,0,0,0,0,0,0,0,0
2/20/1985,5,4,7,49,2,1,6,5,0,0,0,0,0,0,0,0,0,0,0
2/24/1985,5,4,8,49,2,1,6,5,0,0,0,0,0,0,0,0,0,0,0
3/2/1985,5,5,8,49,2,1,6,5,0,0,0,0,0,0,0,0,0,0,0
3/6/1985,5,5,8,49,3,1,6,5,0,0,0,0,0,0,0,0,0,0,0
3/10/1985,5,5,8,50,3,1,6,5,0,0,0,0,0,0,0,0,0,0,0
3/22/1985,5,5,8,51,3,1,6,5,0,0,0,0,0,0,0,0,0,0,0
3/26/1985,5,6,8,51,3,1,6,5,0,0,0,0,0,0,0,0,0,0,0
10/13/1985,5,6,8,51,3,1,6,6,0,0,0,0,0,0,0,0,0,0,0
10/23/1985,5,6,8,51,3,1,6,7,0,0,0,0,0,0,0,0,0,0,0
10/25/1985,5,6,8,51,3,1,6,8,0,0,0,0,0,0,0,0,0,0,0
11/3/1985,5,6,8,51,3,1,6,9,0,0,0,0,0,0,0,0,0,0,0
11/15/1985,5,6,8,52,3,1,6,9,0,0,0,0,0,0,0,0,0,0,0
11/17/1985,5,6,8,52,3,1,7,9,0,0,0,0,0,0,0,0,0,0,0
11/27/1985,5,6,8,53,3,1,7,9,0,0,0,0,0,0,0,0,0,0,0
11/29/1985,5,6,8,53,4,1,7,9,0,0,0,0,0,0,0,0,0,0,0
12/2/1985,5,6,8,54,4,1,7,9,0,0,0,0,0,0,0,0,0,0,0
12/4/1985,5,6,8,54,5,1,7,9,0,0,0,0,0,0,0,0,0,0,0
12/6/1985,5,6,8,55,5,1,7,9,0,0,0,0,0,0,0,0,0,0,0
3/2/1986,5,6,8,55,5,1,7,10,0,0,0,0,0,0,0,0,0,0,0
3/8/1986,5,6,8,55,5,1,7,11,0,0,0,0,0,0,0,0,0,0,0
3/11/1986,5,6,8,55,5,1,7,12,0,0,0,0,0,0,0,0,0,0,0
3/30/1986,5,6,8,55,5,1,7,13,0,0,0,0,0,0,0,0,0,0,0
3/31/1986,5,6,8,55,5,1,7,13,1,0,0,0,0,0,0,0,0,0,0
4/6/1986,5,6,8,56,5,1,7,13,1,0,0,0,0,0,0,0,0,0,0
4/7/1986,6,6,8,56,5,1,7,13,1,0,0,0,0,0,0,0,0,0,0
4/11/1986,6,6,9,56,5,1,7,13,1,0,0,0,0,0,0,0,0,0,0
4/15/1986,7,6,9,56,5,1,7,13,1,0,0,0,0,0,0,0,0,0,0
4/18/1986,7,6,9,56,5,1,8,13,1,0,0,0,0,0,0,0,0,0,0
10/17/1986,7,6,9,57,5,1,8,13,1,0,0,0,0,0,0,0,0,0,0
11/4/1986,7,6,9,58,5,1,8,13,1,0,0,0,0,0,0,0,0,0,0
11/14/1986,7,6,9,59,5,1,8,13,1,0,0,0,0,0,0,0,0,0,0
11/17/1986,7,6,9,60,5,1,8,13,1,0,0,0,0,0,0,0,0,0,0
11/18/1986,7,6,9,60,6,1,8,13,1,0,0,0,0,0,0,0,0,0,0
11/28/1986,7,6,9,61,6,1,8,13,1,0,0,0,0,0,0,0,0,0,0
12/2/1986,7,6,9,61,6,1,8,14,1,0,0,0,0,0,0,0,0,0,0
12/5/1986,7,6,9,61,6,1,9,14,1,0,0,0,0,0,0,0,0,0,0
12/30/1986,7,6,9,61,7,1,9,14,1,0,0,0,0,0,0,0,0,0,0
1/2/1987,7,6,10,61,7,1,9,14,1,0,0,0,0,0,0,0,0,0,0
1/5/1987,7,6,10,62,7,1,9,14,1,0,0,0,0,0,0,0,0,0,0
1/7/1987,7,6,10,63,7,1,9,14,1,0,0,0,0,0,0,0,0,0,0
1/27/1987,7,6,10,63,7,1,10,14,1,0,0,0,0,0,0,0,0,0,0
2/18/1987,7,6,10,63,7,1,11,14,1,0,0,0,0,0,0,0,0,0,0
3/20/1987,7,6,10,64,7,1,11,14,1,0,0,0,0,0,0,0,0,0,0
3/22/1987,7,6,10,64,7,1,12,14,1,0,0,0,0,0,0,0,0,0,0
3/24/1987,7,6,10,64,7,1,13,14,1,0,0,0,0,0,0,0,0,0,0
3/26/1987,7,6,10,64,7,1,14,14,1,0,0,0,0,0,0,0,0,0,0
4/3/1987,7,6,11,64,7,1,14,14,1,0,0,0,0,0,0,0,0,0,0
4/7/1987,7,6,11,65,7,1,14,14,1,0,0,0,0,0,0,0,0,0,0
4/10/1987,7,6,11,65,7,1,15,14,1,0,0,0,0,0,0,0,0,0,0
5/21/1987,7,6,11,66,7,1,15,14,1,0,0,0,0,0,0,0,0,0,0
5/23/1987,7,7,11,66,7,1,15,14,1,0,0,0,0,0,0,0,0,0,0
5/25/1987,7,7,11,67,7,1,15,14,1,0,0,0,0,0,0,0,0,0,0
10/8/1987,7,7,11,67,7,1,15,15,1,0,0,0,0,0,0,0,0,0,0
10/12/1987,7,8,11,67,7,1,15,15,1,0,0,0,0,0,0,0,0,0,0
10/16/1987,7,8,11,67,8,1,15,15,1,0,0,0,0,0,0,0,0,0,0
10/20/1987,7,9,11,67,8,1,15,15,1,0,0,0,0,0,0,0,0,0,0
10/25/1987,7,9,11,67,8,1,15,16,1,0,0,0,0,0,0,0,0,0,0
10/30/1987,7,9,11,68,8,1,15,16,1,0,0,0,0,0,0,0,0,0,0
11/4/1987,7,9,11,69,8,1,15,16,1,0,0,0,0,0,0,0,0,0,0
11/18/1987,7,9,11,70,8,1,15,16,1,0,0,0,0,0,0,0,0,0,0
11/20/1987,7,9,11,71,8,1,15,16,1,0,0,0,0,0,0,0,0,0,0
11/22/1987,7,9,11,72,8,1,15,16,1,0,0,0,0,0,0,0,0,0,0
3/12/1988,7,9,11,73,8,1,15,16,1,0,0,0,0,0,0,0,0,0,0
3/15/1988,7,9,11,74,8,1,15,16,1,0,0,0,0,0,0,0,0,0,0
3/18/1988,7,9,11,75,8,1,15,16,1,0,0,0,0,0,0,0,0,0,0
3/20/1988,7,9,11,76,8,1,15,16,1,0,0,0,0,0,0,0,0,0,0
3/30/1988,7,9,11,77,8,1,15,16,1,0,0,0,0,0,0,0,0,0,0
10/14/1988,7,9,12,77,8,1,15,16,1,0,0,0,0,0,0,0,0,0,0
10/18/1988,7,9,12,77,9,1,15,16,1,0,0,0,0,0,0,0,0,0,0
10/19/1988,7,9,12,77,9,1,16,16,1,0,0,0,0,0,0,0,0,0,0
10/22/1988,7,9,12,78,9,1,16,16,1,0,0,0,0,0,0,0,0,0,0
10/27/1988,7,9,12,79,9,1,16,16,1,0,0,0,0,0,0,0,0,0,0
10/29/1988,7,9,12,79,9,1,16,16,2,0,0,0,0,0,0,0,0,0,0
10/31/1988,7,9,12,80,9,1,16,16,2,0,0,0,0,0,0,0,0,0,0
12/10/1988,7,9,12,81,9,1,16,16,2,0,0,0,0,0,0,0,0,0,0
12/11/1988,7,9,12,82,9,1,16,16,2,0,0,0,0,0,0,0,0,0,0
12/17/1988,7,9,12,83,9,1,16,16,2,0,0,0,0,0,0,0,0,0,0
1/1/1989,7,9,12,84,9,1,16,16,2,0,0,0,0,0,0,0,0,0,0
1/2/1989,7,9,13,84,9,1,16,16,2,0,0,0,0,0,0,0,0,0,0
1/7/1989,7,9,13,84,10,1,16,16,2,0,0,0,0,0,0,0,0,0,0
1/8/1989,7,9,13,85,10,1,16,16,2,0,0,0,0,0,0,0,0,0,0
1/10/1989,7,9,13,86,10,1,16,16,2,0,0,0,0,0,0,0,0,0,0
2/6/1989,7,9,13,87,10,1,16,16,2,0,0,0,0,0,0,0,0,0,0
3/4/1989,7,9,13,88,10,1,16,16,2,0,0,0,0,0,0,0,0,0,0
3/8/1989,7,9,13,89,10,1,16,16,2,0,0,0,0,0,0,0,0,0,0
3/11/1989,8,9,13,89,10,1,16,16,2,0,0,0,0,0,0,0,0,0,0
3/14/1989,8,9,13,90,10,1,16,16,2,0,0,0,0,0,0,0,0,0,0
3/23/1989,8,9,13,90,10,1,16,17,2,0,0,0,0,0,0,0,0,0,0
3/24/1989,8,9,13,90,10,1,16,18,2,0,0,0,0,0,0,0,0,0,0
10/14/1989,8,9,13,90,11,1,16,18,2,0,0,0,0,0,0,0,0,0,0
10/15/1989,8,9,13,90,11,1,17,18,2,0,0,0,0,0,0,0,0,0,0
10/17/1989,8,9,13,90,12,1,17,18,2,0,0,0,0,0,0,0,0,0,0
10/20/1989,8,9,13,90,12,1,18,18,2,0,0,0,0,0,0,0,0,0,0
10/22/1989,8,9,13,91,12,1,18,18,2,0,0,0,0,0,0,0,0,0,0
10/23/1989,8,9,14,91,12,1,18,18,2,0,0,0,0,0,0,0,0,0,0
10/25/1989,8,9,14,92,12,1,18,18,2,0,0,0,0,0,0,0,0,0,0
10/27/1989,8,9,14,92,12,1,18,19,2,0,0,0,0,0,0,0,0,0,0
10/28/1989,8,9,14,92,12,1,19,19,2,0,0,0,0,0,0,0,0,0,0
10/30/1989,8,10,14,92,12,1,19,19,2,0,0,0,0,0,0,0,0,0,0
11/1/1989,8,10,14,92,13,1,19,19,2,0,0,0,0,0,0,0,0,0,0
12/18/1989,8,10,14,92,13,1,20,19,2,0,0,0,0,0,0,0,0,0,0
12/20/1989,8,10,14,93,13,1,20,19,2,0,0,0,0,0,0,0,0,0,0
12/22/1989,8,10,14,93,13,1,21,19,2,0,0,0,0,0,0,0,0,0,0
12/31/1989,8,10,14,94,13,1,21,19,2,0,0,0,0,0,0,0,0,0,0
1/3/1990,8,10,14,95,13,1,21,19,2,0,0,0,0,0,0,0,0,0,0
2/10/1990,8,10,14,95,13,1,21,20,2,0,0,0,0,0,0,0,0,0,0
2/11/1990,8,10,14,96,13,1,21,20,2,0,0,0,0,0,0,0,0,0,0
2/13/1990,8,10,15,96,13,1,21,20,2,0,0,0,0,0,0,0,0,0,0
2/15/1990,8,10,15,96,13,1,21,21,2,0,0,0,0,0,0,0,0,0,0
2/17/1990,8,10,15,96,13,1,21,22,2,0,0,0,0,0,0,0,0,0,0
2/20/1990,8,10,16,96,13,1,21,22,2,0,0,0,0,0,0,0,0,0,0
2/23/1990,8,10,16,97,13,1,21,22,2,0,0,0,0,0,0,0,0,0,0
2/25/1990,8,10,16,98,13,1,21,22,2,0,0,0,0,0,0,0,0,0,0
4/27/1990,8,10,16,98,13,1,22,22,2,0,0,0,0,0,0,0,0,0,0
4/29/1990,8,10,16,98,13,1,22,23,2,0,0,0,0,0,0,0,0,0,0
5/1/1990,9,10,16,98,13,1,22,23,2,0,0,0,0,0,0,0,0,0,0
5/4/1990,9,10,17,98,13,1,22,23,2,0,0,0,0,0,0,0,0,0,0
11/2/1990,10,10,17,98,13,1,22,23,2,0,0,0,0,0,0,0,0,0,0
11/4/1990,11,10,17,98,13,1,22,23,2,0,0,0,0,0,0,0,0,0,0
11/6/1990,12,10,17,98,13,1,22,23,2,0,0,0,0,0,0,0,0,0,0
11/9/1990,12,10,17,98,14,1,22,23,2,0,0,0,0,0,0,0,0,0,0
11/11/1990,12,10,17,98,15,1,22,23,2,0,0,0,0,0,0,0,0,0,0
11/13/1990,12,10,17,98,16,1,22,23,2,0,0,0,0,0,0,0,0,0,0
12/20/1990,12,10,17,99,16,1,22,23,2,0,0,0,0,0,0,0,0,0,0
12/21/1990,12,10,17,99,16,1,22,24,2,0,0,0,0,0,0,0,0,0,0
10/17/1991,12,10,17,100,16,1,22,24,2,0,0,0,0,0,0,0,0,0,0
10/18/1991,12,10,17,101,16,1,22,24,2,0,0,0,0,0,0,0,0,0,0
10/21/1991,12,10,17,101,17,1,22,24,2,0,0,0,0,0,0,0,0,0,0
10/23/1991,12,10,17,101,17,1,23,24,2,0,0,0,0,0,0,0,0,0,0
10/25/1991,12,10,17,101,17,1,24,24,2,0,0,0,0,0,0,0,0,0,0
11/20/1991,12,10,17,102,17,1,24,24,2,0,0,0,0,0,0,0,0,0,0
11/22/1991,12,10,17,103,17,1,24,24,2,0,0,0,0,0,0,0,0,0,0
11/24/1991,12,10,17,104,17,1,24,24,2,0,0,0,0,0,0,0,0,0,0
1/10/1992,12,10,17,104,17,1,24,25,2,0,0,0,0,0,0,0,0,0,0
1/13/1992,12,10,17,104,17,1,24,26,2,0,0,0,0,0,0,0,0,0,0
1/15/1992,12,10,17,104,17,1,24,27,2,0,0,0,0,0,0,0,0,0,0
1/17/1992,12,10,17,105,17,1,24,27,2,0,0,0,0,0,0,0,0,0,0
1/19/1992,12,10,17,105,17,1,24,28,2,0,0,0,0,0,0,0,0,0,0
2/23/1992,12,10,17,106,17,1,24,28,2,0,0,0,0,0,0,0,0,0,0
2/27/1992,12,10,17,106,17,1,24,28,2,0,1,0,0,0,0,0,0,0,0
3/1/1992,12,11,17,106,17,1,24,28,2,0,1,0,0,0,0,0,0,0,0
3/4/1992,12,11,17,107,17,1,24,28,2,0,1,0,0,0,0,0,0,0,0
3/8/1992,12,11,17,108,17,1,24,28,2,0,1,0,0,0,0,0,0,0,0
3/11/1992,12,11,18,108,17,1,24,28,2,0,1,0,0,0,0,0,0,0,0
3/15/1992,12,11,18,108,17,1,24,29,2,0,1,0,0,0,0,0,0,0,0
3/18/1992,13,11,18,108,17,1,24,29,2,0,1,0,0,0,0,0,0,0,0
3/21/1992,14,11,18,108,17,1,24,29,2,0,1,0,0,0,0,0,0,0,0
3/25/1992,14,12,18,108,17,1,24,29,2,0,1,0,0,0,0,0,0,0,0
5/20/1992,14,12,18,109,17,1,24,29,2,0,1,0,0,0,0,0,0,0,0
5/22/1992,14,12,18,110,17,1,24,29,2,0,1,0,0,0,0,0,0,0,0
8/20/1992,14,12,18,111,17,1,24,29,2,0,1,0,0,0,0,0,0,0,0
8/22/1992,14,13,18,111,17,1,24,29,2,0,1,0,0,0,0,0,0,0,0
8/24/1992,14,13,18,112,17,1,24,29,2,0,1,0,0,0,0,0,0,0,0
12/4/1992,14,13,18,112,18,1,24,29,2,0,1,0,0,0,0,0,0,0,0
12/10/1992,14,13,19,112,18,1,24,29,2,0,1,0,0,0,0,0,0,0,0
12/12/1992,14,13,19,113,18,1,24,29,2,0,1,0,0,0,0,0,0,0,0
12/13/1992,14,13,19,114,18,1,24,29,2,0,1,0,0,0,0,0,0,0,0
12/17/1992,14,13,19,115,18,1,24,29,2,0,1,0,0,0,0,0,0,0,0
12/26/1992,15,13,19,115,18,1,24,29,2,0,1,0,0,0,0,0,0,0,0
12/28/1992,15,13,19,116,18,1,24,29,2,0,1,0,0,0,0,0,0,0,0
12/30/1992,15,13,19,117,18,1,24,29,2,0,1,0,0,0,0,0,0,0,0
1/9/1993,15,13,19,118,18,1,24,29,2,0,1,0,0,0,0,0,0,0,0
1/12/1993,15,13,19,119,18,1,24,29,2,0,1,0,0,0,0,0,0,0,0
1/14/1993,15,13,19,120,18,1,24,29,2,0,1,0,0,0,0,0,0,0,0
2/1/1993,15,13,19,120,18,1,24,29,2,0,2,0,0,0,0,0,0,0,0
2/2/1993,15,13,19,120,18,1,24,30,2,0,2,0,0,0,0,0,0,0,0
2/4/1993,15,13,19,120,18,1,24,31,2,0,2,0,0,0,0,0,0,0,0
2/9/1993,15,13,19,120,18,1,24,31,2,1,2,0,0,0,0,0,0,0,0
2/13/1993,15,13,19,121,18,1,24,31,2,1,2,0,0,0,0,0,0,0,0
2/15/1993,15,13,19,121,18,1,24,31,2,2,2,0,0,0,0,0,0,0,0
2/19/1993,15,13,19,122,18,1,24,31,2,2,2,0,0,0,0,0,0,0,0
2/21/1993,15,13,19,122,18,1,24,31,2,3,2,0,0,0,0,0,0,0,0
2/25/1993,15,13,19,123,18,1,24,31,2,3,2,0,0,0,0,0,0,0,0
2/27/1993,15,13,19,124,18,1,24,31,2,3,2,0,0,0,0,0,0,0,0
3/2/1993,15,13,19,124,18,1,24,31,2,3,3,0,0,0,0,0,0,0,0
3/23/1993,15,13,19,125,18,1,24,31,2,3,3,0,0,0,0,0,0,0,0
3/26/1993,15,13,19,126,18,1,24,31,2,3,3,0,0,0,0,0,0,0,0
3/27/1993,15,13,19,126,19,1,24,31,2,3,3,0,0,0,0,0,0,0,0
3/30/1993,15,13,19,126,20,1,24,31,2,3,3,0,0,0,0,0,0,0,0
4/3/1993,15,13,19,126,21,1,24,31,2,3,3,0,0,0,0,0,0,0,0
10/29/1993,15,13,19,127,21,1,24,31,2,3,3,0,0,0,0,0,0,0,0
10/30/1993,15,13,19,127,21,1,24,32,2,3,3,0,0,0,0,0,0,0,0
11/1/1993,15,13,19,127,22,1,24,32,2,3,3,0,0,0,0,0,0,0,0
11/2/1993,15,13,19,127,22,1,24,33,2,3,3,0,0,0,0,0,0,0,0
11/5/1993,15,13,19,128,22,1,24,33,2,3,3,0,0,0,0,0,0,0,0
12/24/1993,15,13,19,128,22,1,24,33,2,3,4,0,0,0,0,0,0,0,0
12/25/1993,15,13,19,128,22,1,24,33,2,3,5,0,0,0,0,0,0,0,0
12/27/1993,15,13,19,128,22,1,24,33,2,3,6,0,0,0,0,0,0,0,0
3/3/1994,16,13,19,128,22,1,24,33,2,3,6,0,0,0,0,0,0,0,0
3/6/1994,17,13,19,128,22,1,24,33,2,3,6,0,0,0,0,0,0,0,0
3/9/1994,18,13,19,128,22,1,24,33,2,3,6,0,0,0,0,0,0,0,0
3/13/1994,19,13,19,128,22,1,24,33,2,3,6,0,0,0,0,0,0,0,0
3/16/1994,19,13,19,129,22,1,24,33,2,3,6,0,0,0,0,0,0,0,0
4/15/1994,19,13,19,129,22,1,25,33,2,3,6,0,0,0,0,0,0,0,0
4/17/1994,19,13,19,129,22,1,25,33,2,3,6,1,0,0,0,0,0,0,0
4/20/1994,20,13,19,129,22,1,25,33,2,3,6,1,0,0,0,0,0,0,0
4/22/1994,20,13,19,129,22,1,26,33,2,3,6,1,0,0,0,0,0,0,0
8/3/1994,20,13,19,129,22,1,26,34,2,3,6,1,0,0,0,0,0,0,0
8/6/1994,20,13,19,130,22,1,26,34,2,3,6,1,0,0,0,0,0,0,0
8/7/1994,20,13,19,130,22,1,26,35,2,3,6,1,0,0,0,0,0,0,0
8/22/1994,20,13,19,130,22,1,26,36,2,3,6,1,0,0,0,0,0,0,0
8/24/1994,20,13,19,130,22,1,26,37,2,3,6,1,0,0,0,0,0,0,0
9/7/1994,20,13,19,131,22,1,26,37,2,3,6,1,0,0,0,0,0,0,0
9/11/1994,20,13,19,132,22,1,26,37,2,3,6,1,0,0,0,0,0,0,0
10/14/1994,20,13,19,133,22,1,26,37,2,3,6,1,0,0,0,0,0,0,0
10/16/1994,20,13,19,133,22,1,26,37,2,4,6,1,0,0,0,0,0,0,0
10/20/1994,20,13,19,133,22,1,26,37,2,5,6,1,0,0,0,0,0,0,0
10/22/1994,20,13,20,133,22,1,26,37,2,5,6,1,0,0,0,0,0,0,0
10/28/1994,20,13,20,133,22,1,26,37,2,6,6,1,0,0,0,0,0,0,0
10/30/1994,20,13,20,134,22,1,26,37,2,6,6,1,0,0,0,0,0,0,0
12/2/1994,20,13,20,134,22,1,26,38,2,6,6,1,0,0,0,0,0,0,0
12/4/1994,20,13,20,134,22,1,26,39,2,6,6,1,0,0,0,0,0,0,0
12/10/1994,20,13,20,135,22,1,26,39,2,6,6,1,0,0,0,0,0,0,0
12/13/1994,21,13,20,135,22,1,26,39,2,6,6,1,0,0,0,0,0,0,0
12/17/1994,21,13,20,135,22,1,26,39,2,7,6,1,0,0,0,0,0,0,0
12/19/1994,22,13,20,135,22,1,26,39,2,7,6,1,0,0,0,0,0,0,0
1/10/1995,22,13,20,136,22,1,26,39,2,7,6,1,0,0,0,0,0,0,0
1/12/1995,22,13,20,137,22,1,26,39,2,7,6,1,0,0,0,0,0,0,0
2/22/1995,22,13,20,137,22,1,26,39,2,7,7,1,0,0,0,0,0,0,0
2/25/1995,22,13,20,137,22,1,26,39,2,7,8,1,0,0,0,0,0,0,0
2/26/1995,22,13,20,138,22,1,26,39,2,7,8,1,0,0,0,0,0,0,0
4/7/1995,22,13,20,138,22,1,27,39,2,7,8,1,0,0,0,0,0,0,0
4/8/1995,22,13,20,138,22,1,27,39,3,7,8,1,0,0,0,0,0,0,0
4/11/1995,22,13,20,139,22,1,27,39,3,7,8,1,0,0,0,0,0,0,0
9/29/1995,22,13,20,139,22,1,27,40,3,7,8,1,0,0,0,0,0,0,0
10/1/1995,22,13,20,140,22,1,27,40,3,7,8,1,0,0,0,0,0,0,0
10/3/1995,22,13,20,141,22,1,27,40,3,7,8,1,0,0,0,0,0,0,0
10/12/1995,22,13,20,141,22,1,27,41,3,7,8,1,0,0,0,0,0,0,0
10/13/1995,22,13,20,141,23,1,27,41,3,7,8,1,0,0,0,0,0,0,0
10/15/1995,22,13,20,142,23,1,27,41,3,7,8,1,0,0,0,0,0,0,0
10/17/1995,22,13,20,143,23,1,27,41,3,7,8,1,0,0,0,0,0,0,0
12/15/1995,23,13,20,143,23,1,27,41,3,7,8,1,0,0,0,0,0,0,0
12/17/1995,23,13,20,144,23,1,27,41,3,7,8,1,0,0,0,0,0,0,0
12/20/1995,24,13,20,144,23,1,27,41,3,7,8,1,0,0,0,0,0,0,0
12/23/1995,24,13,20,145,23,1,27,41,3,7,8,1,0,0,0,0,0,0,0
2/24/1996,24,13,20,145,23,1,27,41,3,7,8,2,0,0,0,0,0,0,0
2/26/1996,24,13,20,145,23,1,27,41,3,7,8,2,0,1,0,0,0,0,0
2/29/1996,24,13,20,146,23,1,27,41,3,7,8,2,0,1,0,0,0,0,0
3/3/1996,24,14,20,146,23,1,27,41,3,7,8,2,0,1,0,0,0,0,0
3/6/1996,25,14,20,146,23,1,27,41,3,7,8,2,0,1,0,0,0,0,0
3/9/1996,25,14,20,147,23,1,27,41,3,7,8,2,0,1,0,0,0,0,0
4/1/1996,25,14,20,148,23,1,27,41,3,7,8,2,0,1,0,0,0,0,0
4/2/1996,25,14,20,149,23,1,27,41,3,7,8,2,0,1,0,0,0,0,0
4/5/1996,25,14,20,149,23,1,28,41,3,7,8,2,0,1,0,0,0,0,0
4/7/1996,25,14,20,149,23,1,28,42,3,7,8,2,0,1,0,0,0,0,0
4/12/1996,25,14,20,149,23,1,29,42,3,7,8,2,0,1,0,0,0,0,0
4/13/1996,25,14,20,150,23,1,29,42,3,7,8,2,0,1,0,0,0,0,0
4/15/1996,25,14,20,151,23,1,29,42,3,7,8,2,0,1,0,0,0,0,0
4/16/1996,25,14,20,152,23,1,29,42,3,7,8,2,0,1,0,0,0,0,0
8/29/1996,25,14,20,153,23,1,29,42,3,7,8,2,0,1,0,0,0,0,0
8/31/1996,25,14,20,154,23,1,29,42,3,7,8,2,0,1,0,0,0,0,0
9/1/1996,25,15,20,154,23,1,29,42,3,7,8,2,0,1,0,0,0,0,0
9/16/1996,25,15,20,155,23,1,29,42,3,7,8,2,0,1,0,0,0,0,0
9/17/1996,25,15,20,155,23,1,30,42,3,7,8,2,0,1,0,0,0,0,0
9/18/1996,25,15,20,156,23,1,30,42,3,7,8,2,0,1,0,0,0,0,0
9/21/1996,25,15,20,156,23,1,31,42,3,7,8,2,0,1,0,0,0,0,0
9/23/1996,25,15,20,156,23,1,32,42,3,7,8,2,0,1,0,0,0,0,0
9/29/1996,25,15,20,157,23,1,32,42,3,7,8,2,0,1,0,0,0,0,0
10/2/1996,25,15,20,157,23,1,32,42,3,7,8,2,1,1,0,0,0,0,0
10/4/1996,25,15,20,157,23,1,32,43,3,7,8,2,1,1,0,0,0,0,0
10/6/1996,25,15,20,158,23,1,32,43,3,7,8,2,1,1,0,0,0,0,0
10/30/1996,25,15,20,158,23,1,32,43,3,7,9,2,1,1,0,0,0,0,0
11/1/1996,25,15,20,158,23,1,32,43,3,7,10,2,1,1,0,0,0,0,0
11/3/1996,25,15,20,158,23,1,32,43,3,7,11,2,1,1,0,0,0,0,0
11/8/1996,25,15,20,159,23,1,32,43,3,7,11,2,1,1,0,0,0,0,0
11/10/1996,26,15,20,159,23,1,32,43,3,7,11,2,1,1,0,0,0,0,0
11/12/1996,26,15,20,159,23,1,32,44,3,7,11,2,1,1,0,0,0,0,0
11/13/1996,27,15,20,159,23,1,32,44,3,7,11,2,1,1,0,0,0,0,0
11/15/1996,28,15,20,159,23,1,32,44,3,7,11,2,1,1,0,0,0,0,0
12/4/1996,29,15,20,159,23,1,32,44,3,7,11,2,1,1,0,0,0,0,0
12/6/1996,30,15,20,159,23,1,32,44,3,7,11,2,1,1,0,0,0,0,0
12/8/1996,30,15,20,160,23,1,32,44,3,7,11,2,1,1,0,0,0,0,0
12/15/1996,30,15,21,160,23,1,32,44,3,7,11,2,1,1,0,0,0,0,0
12/17/1996,30,15,21,161,23,1,32,44,3,7,11,2,1,1,0,0,0,0,0
1/1/1997,30,15,22,161,23,1,32,44,3,7,11,2,1,1,0,0,0,0,0
1/3/1997,30,15,22,162,23,1,32,44,3,7,11,2,1,1,0,0,0,0,0
1/7/1997,30,15,23,162,23,1,32,44,3,7,11,2,1,1,0,0,0,0,0
1/10/1997,30,15,23,163,23,1,32,44,3,7,11,2,1,1,0,0,0,0,0
1/14/1997,30,15,23,163,24,1,32,44,3,7,11,2,1,1,0,0,0,0,0
1/16/1997,30,15,23,164,24,1,32,44,3,7,11,2,1,1,0,0,0,0,0
1/18/1997,30,15,23,164,25,1,32,44,3,7,11,2,1,1,0,0,0,0,0
1/20/1997,30,15,23,164,26,1,32,44,3,7,11,2,1,1,0,0,0,0,0
4/4/1997,30,15,23,165,26,1,32,44,3,7,11,2,1,1,0,0,0,0,0
4/6/1997,30,15,23,165,26,1,32,44,3,7,12,2,1,1,0,0,0,0,0
4/7/1997,30,15,23,166,26,1,32,44,3,7,12,2,1,1,0,0,0,0,0
4/9/1997,30,15,23,166,26,1,32,44,3,7,13,2,1,1,0,0,0,0,0
4/11/1997,30,15,23,167,26,1,32,44,3,7,13,2,1,1,0,0,0,0,0
5/9/1997,30,15,23,168,26,1,32,44,3,7,13,2,1,1,0,0,0,0,0
5/12/1997,30,15,23,168,26,1,32,45,3,7,13,2,1,1,0,0,0,0,0
5/21/1997,30,15,23,168,26,1,33,45,3,7,13,2,1,1,0,0,0,0,0
5/24/1997,30,15,23,169,26,1,33,45,3,7,13,2,1,1,0,0,0,0,0
5/27/1997,30,15,23,170,26,1,33,45,3,7,13,2,1,1,0,0,0,0,0
7/14/1997,30,15,23,171,26,1,33,45,3,7,13,2,1,1,0,0,0,0,0
7/16/1997,30,15,23,171,26,1,33,45,4,7,13,2,1,1,0,0,0,0,0
7/20/1997,30,15,23,171,26,1,34,45,4,7,13,2,1,1,0,0,0,0,0
9/13/1997,30,15,23,172,26,1,34,45,4,7,13,2,1,1,0,0,0,0,0
9/14/1997,30,15,23,173,26,1,34,45,4,7,13,2,1,1,0,0,0,0,0
9/17/1997,30,15,23,173,26,1,35,45,4,7,13,2,1,1,0,0,0,0,0
9/18/1997,30,15,23,174,26,1,35,45,4,7,13,2,1,1,0,0,0,0,0
9/20/1997,30,15,23,175,26,1,35,45,4,7,13,2,1,1,0,0,0,0,0
9/21/1997,30,15,23,175,26,1,36,45,4,7,13,2,1,1,0,0,0,0,0
9/28/1997,30,15,23,175,26,1,37,45,4,7,13,2,1,1,0,0,0,0,0
9/30/1997,30,15,23,176,26,1,37,45,4,7,13,2,1,1,0,0,0,0,0
10/2/1997,30,15,23,176,26,1,38,45,4,7,13,2,1,1,0,0,0,0,0
11/2/1997,30,15,23,177,26,1,38,45,4,7,13,2,1,1,0,0,0,0,0
11/4/1997,30,15,23,177,27,1,38,45,4,7,13,2,1,1,0,0,0,0,0
11/5/1997,30,15,23,178,27,1,38,45,4,7,13,2,1,1,0,0,0,0,0
12/12/1997,30,15,23,179,27,1,38,45,4,7,13,2,1,1,0,0,0,0,0
12/14/1997,30,15,23,179,27,1,39,45,4,7,13,2,1,1,0,0,0,0,0
12/15/1997,30,15,23,180,27,1,39,45,4,7,13,2,1,1,0,0,0,0,0
1/11/1998,30,15,23,181,27,1,39,45,4,7,13,2,1,1,0,0,0,0,0
1/12/1998,30,15,23,181,27,1,39,45,5,7,13,2,1,1,0,0,0,0,0
1/14/1998,30,15,23,182,27,1,39,45,5,7,13,2,1,1,0,0,0,0,0
1/16/1998,30,15,23,182,27,1,40,45,5,7,13,2,1,1,0,0,0,0,0
1/18/1998,30,15,23,183,27,1,40,45,5,7,13,2,1,1,0,0,0,0,0
3/28/1998,30,15,23,183,27,1,40,45,5,7,14,2,1,1,0,0,0,0,0
3/29/1998,30,15,23,183,27,1,40,45,5,7,15,2,1,1,0,0,0,0,0
4/3/1998,30,15,23,184,27,1,40,45,5,7,15,2,1,1,0,0,0,0,0
4/7/1998,30,15,23,184,27,1,40,46,5,7,15,2,1,1,0,0,0,0,0
4/9/1998,30,15,23,184,27,1,40,47,5,7,15,2,1,1,0,0,0,0,0
4/11/1998,30,15,23,185,27,1,40,47,5,7,15,2,1,1,0,0,0,0,0
4/15/1998,30,15,23,186,27,1,40,47,5,7,15,2,1,1,0,0,0,0,0
4/17/1998,30,15,23,187,27,1,40,47,5,7,15,2,1,1,0,0,0,0,0
4/23/1998,30,15,23,188,27,1,40,47,5,7,15,2,1,1,0,0,0,0,0
9/12/1998,30,15,23,189,27,1,40,47,5,7,15,2,1,1,0,0,0,0,0
9/13/1998,30,15,23,189,27,1,41,47,5,7,15,2,1,1,0,0,0,0,0
9/16/1998,30,15,23,189,27,1,42,47,5,7,15,2,1,1,0,0,0,0,0
9/19/1998,30,15,23,189,27,1,43,47,5,7,15,2,1,1,0,0,0,0,0
9/20/1998,30,15,23,189,27,1,44,47,5,7,15,2,1,1,0,0,0,0,0
10/29/1998,30,15,23,190,27,1,44,47,5,7,15,2,1,1,0,0,0,0,0
11/6/1998,30,15,23,191,27,1,44,47,5,7,15,2,1,1,0,0,0,0,0
11/8/1998,30,15,23,192,27,1,44,47,5,7,15,2,1,1,0,0,0,0,0
11/10/1998,30,15,23,193,27,1,44,47,5,7,15,2,1,1,0,0,0,0,0
11/20/1998,30,15,23,193,27,1,44,47,5,7,16,2,1,1,0,0,0,0,0
11/22/1998,30,15,23,194,27,1,44,47,5,7,16,2,1,1,0,0,0,0,0
11/24/1998,30,15,23,194,27,1,44,47,5,7,17,2,1,1,0,0,0,0,0
3/16/1999,30,15,23,194,27,1,44,47,6,7,17,2,1,1,0,0,0,0,0
3/19/1999,30,15,23,194,27,1,44,48,6,7,17,2,1,1,0,0,0,0,0
3/24/1999,30,15,23,194,27,1,45,48,6,7,17,2,1,1,0,0,0,0,0
3/27/1999,30,15,23,195,27,1,45,48,6,7,17,2,1,1,0,0,0,0,0
4/1/1999,30,15,23,195,27,1,46,48,6,7,17,2,1,1,0,0,0,0,0
4/4/1999,30,15,23,195,27,1,47,48,6,7,17,2,1,1,0,0,0,0,0
4/7/1999,30,16,23,195,27,1,47,48,6,7,17,2,1,1,0,0,0,0,0
4/8/1999,30,16,23,195,27,1,48,48,6,7,17,2,1,1,0,0,0,0,0
4/12/1999,30,16,23,196,27,1,48,48,6,7,17,2,1,1,0,0,0,0,0
4/13/1999,30,16,23,197,27,1,48,48,6,7,17,2,1,1,0,0,0,0,0
4/16/1999,30,16,23,197,27,1,49,48,6,7,17,2,1,1,0,0,0,0,0
5/16/1999,30,16,23,197,28,1,49,48,6,7,17,2,1,1,0,0,0,0,0
5/20/1999,30,16,23,197,28,1,49,48,6,7,17,2,1,1,0,0,1,0,0
5/23/1999,30,16,24,197,28,1,49,48,6,7,17,2,1,1,0,0,1,0,0
5/28/1999,31,16,24,197,28,1,49,48,6,7,17,2,1,1,0,0,1,0,0
5/31/1999,31,16,24,198,28,1,49,48,6,7,17,2,1,1,0,0,1,0,0
6/5/1999,31,16,24,199,28,1,49,48,6,7,17,2,1,1,0,0,1,0,0
6/8/1999,31,16,24,200,28,1,49,48,6,7,17,2,1,1,0,0,1,0,0
6/11/1999,31,16,24,200,28,1,49,48,6,7,18,2,1,1,0,0,1,0,0
6/16/1999,32,16,24,200,28,1,49,48,6,7,18,2,1,1,0,0,1,0,0
6/20/1999,32,16,24,201,28,1,49,48,6,7,18,2,1,1,0,0,1,0,0
9/16/1999,32,16,24,201,29,1,49,48,6,7,18,2,1,1,0,0,1,0,0
9/18/1999,32,16,24,201,30,1,49,48,6,7,18,2,1,1,0,0,1,0,0
9/19/1999,32,16,24,201,31,1,49,48,6,7,18,2,1,1,0,0,1,0,0
10/14/1999,32,16,24,201,32,1,49,48,6,7,18,2,1,1,0,0,1,0,0
10/15/1999,32,16,24,202,32,1,49,48,6,7,18,2,1,1,0,0,1,0,0
10/18/1999,32,16,24,202,32,1,49,49,6,7,18,2,1,1,0,0,1,0,0
10/19/1999,32,16,24,202,33,1,49,49,6,7,18,2,1,1,0,0,1,0,0
10/22/1999,32,16,24,202,33,1,49,50,6,7,18,2,1,1,0,0,1,0,0
1/9/2000,32,16,25,202,33,1,49,50,6,7,18,2,1,1,0,0,1,0,0
1/10/2000,32,16,25,202,33,1,50,50,6,7,18,2,1,1,0,0,1,0,0
1/16/2000,32,16,25,203,33,1,50,50,6,7,18,2,1,1,0,0,1,0,0
1/19/2000,32,16,25,204,33,1,50,50,6,7,18,2,1,1,0,0,1,0,0
1/21/2000,32,16,25,204,33,1,51,50,6,7,18,2,1,1,0,0,1,0,0
1/23/2000,32,16,25,205,33,1,51,50,6,7,18,2,1,1,0,0,1,0,0
1/25/2000,32,16,25,206,33,1,51,50,6,7,18,2,1,1,0,0,1,0,0
1/28/2000,32,16,25,206,33,1,52,50,6,7,18,2,1,1,0,0,1,0,0
2/2/2000,32,16,25,207,33,1,52,50,6,7,18,2,1,1,0,0,1,0,0
2/4/2000,32,16,25,208,33,1,52,50,6,7,18,2,1,1,0,0,1,0,0
2/13/2000,32,16,25,209,33,1,52,50,6,7,18,2,1,1,0,0,1,0,0
2/16/2000,32,16,25,210,33,1,52,50,6,7,18,2,1,1,0,0,1,0,0
2/19/2000,32,16,25,211,33,1,52,50,6,7,18,2,1,1,0,0,1,0,0
3/23/2000,32,16,25,212,33,1,52,50,6,7,18,2,1,1,0,0,1,0,0
3/24/2000,32,16,25,213,33,1,52,50,6,7,18,2,1,1,0,0,1,0,0
3/26/2000,32,16,25,213,33,1,53,50,6,7,18,2,1,1,0,0,1,0,0
3/28/2000,32,16,25,213,33,1,53,50,6,8,18,2,1,1,0,0,1,0,0
3/31/2000,32,16,25,213,33,1,53,50,6,9,18,2,1,1,0,0,1,0,0
4/5/2000,32,16,25,213,33,1,53,50,6,9,19,2,1,1,0,0,1,0,0
4/12/2000,32,16,25,214,33,1,53,50,6,9,19,2,1,1,0,0,1,0,0
4/15/2000,32,16,25,214,33,1,53,50,6,9,20,2,1,1,0,0,1,0,0
4/16/2000,32,16,25,215,33,1,53,50,6,9,20,2,1,1,0,0,1,0,0
4/19/2000,32,16,25,215,34,1,53,50,6,9,20,2,1,1,0,0,1,0,0
4/22/2000,32,16,25,216,34,1,53,50,6,9,20,2,1,1,0,0,1,0,0
4/23/2000,32,16,25,216,35,1,53,50,6,9,20,2,1,1,0,0,1,0,0
6/2/2000,32,16,25,216,35,1,53,50,7,9,20,2,1,1,0,0,1,0,0
6/3/2000,32,16,25,216,35,1,54,50,7,9,20,2,1,1,0,0,1,0,0
6/5/2000,32,16,25,216,35,1,54,51,7,9,20,2,1,1,0,0,1,0,0
6/7/2000,32,16,25,216,35,1,54,52,7,9,20,2,1,1,0,0,1,0,0
7/5/2000,32,16,25,217,35,1,54,52,7,9,20,2,1,1,0,0,1,0,0
7/8/2000,32,16,25,218,35,1,54,52,7,9,20,2,1,1,0,0,1,0,0
7/9/2000,32,16,25,219,35,1,54,52,7,9,20,2,1,1,0,0,1,0,0
7/12/2000,32,16,25,220,35,1,54,52,7,9,20,2,1,1,0,0,1,0,0
8/20/2000,33,16,25,220,35,1,54,52,7,9,20,2,1,1,0,0,1,0,0
8/23/2000,33,16,25,220,35,1,54,52,7,10,20,2,1,1,0,0,1,0,0
8/27/2000,33,16,25,221,35,1,54,52,7,10,20,2,1,1,0,0,1,0,0
10/8/2000,33,16,25,221,35,1,54,53,7,10,20,2,1,1,0,0,1,0,0
10/11/2000,33,16,25,222,35,1,54,53,7,10,20,2,1,1,0,0,1,0,0
10/24/2000,33,16,25,223,35,1,54,53,7,10,20,2,1,1,0,0,1,0,0
10/27/2000,33,17,25,223,35,1,54,53,7,10,20,2,1,1,0,0,1,0,0
10/30/2000,33,18,25,223,35,1,54,53,7,10,20,2,1,1,0,0,1,0,0
2/17/2001,34,18,25,223,35,1,54,53,7,10,20,2,1,1,0,0,1,0,0
2/20/2001,34,18,25,224,35,1,54,53,7,10,20,2,1,1,0,0,1,0,0
2/22/2001,35,18,25,224,35,1,54,53,7,10,20,2,1,1,0,0,1,0,0
2/25/2001,35,18,25,225,35,1,54,53,7,10,20,2,1,1,0,0,1,0,0
2/28/2001,35,18,25,226,35,1,54,53,7,10,20,2,1,1,0,0,1,0,0
4/8/2001,35,18,25,226,35,1,54,54,7,10,20,2,1,1,0,0,1,0,0
4/12/2001,36,18,25,226,35,1,54,54,7,10,20,2,1,1,0,0,1,0,0
4/13/2001,36,18,25,226,35,1,54,55,7,10,20,2,1,1,0,0,1,0,0
4/15/2001,37,18,25,226,35,1,54,55,7,10,20,2,1,1,0,0,1,0,0
4/20/2001,37,18,25,227,35,1,54,55,7,10,20,2,1,1,0,0,1,0,0
6/7/2001,37,19,25,227,35,1,54,55,7,10,20,2,1,1,0,0,1,0,0
6/9/2001,37,19,25,228,35,1,54,55,7,10,20,2,1,1,0,0,1,0,0
6/12/2001,37,20,25,228,35,1,54,55,7,10,20,2,1,1,0,0,1,0,0
6/17/2001,37,21,25,228,35,1,54,55,7,10,20,2,1,1,0,0,1,0,0
6/19/2001,37,21,26,228,35,1,54,55,7,10,20,2,1,1,0,0,1,0,0
6/23/2001,37,21,26,229,35,1,54,55,7,10,20,2,1,1,0,0,1,0,0
10/27/2001,37,21,26,230,35,1,54,55,7,10,20,2,1,1,0,0,1,0,0
10/28/2001,37,21,26,230,35,1,54,55,7,10,21,2,1,1,0,0,1,0,0
10/31/2001,37,21,26,230,35,1,54,55,7,10,22,2,1,1,0,0,1,0,0
11/2/2001,37,21,26,230,35,1,54,56,7,10,22,2,1,1,0,0,1,0,0
11/4/2001,37,21,26,230,35,1,54,57,7,10,22,2,1,1,0,0,1,0,0
1/22/2002,37,21,26,230,35,1,54,57,8,10,22,2,1,1,0,0,1,0,0
1/24/2002,37,21,26,230,35,1,54,57,9,10,22,2,1,1,0,0,1,0,0
1/25/2002,37,21,26,230,35,1,54,57,10,10,22,2,1,1,0,0,1,0,0
2/14/2002,37,21,26,230,36,1,54,57,10,10,22,2,1,1,0,0,1,0,0
2/15/2002,37,21,26,230,37,1,54,57,10,10,22,2,1,1,0,0,1,0,0
2/17/2002,37,21,26,231,37,1,54,57,10,10,22,2,1,1,0,0,1,0,0
4/8/2002,37,21,26,232,37,1,54,57,10,10,22,2,1,1,0,0,1,0,0
4/11/2002,38,21,26,232,37,1,54,57,10,10,22,2,1,1,0,0,1,0,0
4/12/2002,38,21,26,233,37,1,54,57,10,10,22,2,1,1,0,0,1,0,0
4/15/2002,39,21,26,233,37,1,54,57,10,10,22,2,1,1,0,0,1,0,0
4/17/2002,39,21,26,233,37,1,54,58,10,10,22,2,1,1,0,0,1,0,0
4/21/2002,40,21,26,233,37,1,54,58,10,10,22,2,1,1,0,0,1,0,0
4/24/2002,41,21,26,233,37,1,54,58,10,10,22,2,1,1,0,0,1,0,0
4/27/2002,42,21,26,233,37,1,54,58,10,10,22,2,1,1,0,0,1,0,0
6/12/2002,42,21,26,234,37,1,54,58,10,10,22,2,1,1,0,0,1,0,0
6/15/2002,42,21,27,234,37,1,54,58,10,10,22,2,1,1,0,0,1,0,0
6/19/2002,42,21,28,234,37,1,54,58,10,10,22,2,1,1,0,0,1,0,0
8/12/2002,42,21,28,235,37,1,54,58,10,10,22,2,1,1,0,0,1,0,0
8/14/2002,42,21,28,235,37,1,54,59,10,10,22,2,1,1,0,0,1,0,0
8/17/2002,42,21,28,236,37,1,54,59,10,10,22,2,1,1,0,0,1,0,0
8/18/2002,42,21,28,237,37,1,54,59,10,10,22,2,1,1,0,0,1,0,0
8/29/2002,42,21,28,237,37,1,54,59,10,10,22,2,2,1,0,0,1,0,0
8/30/2002,42,21,28,238,37,1,54,59,10,10,22,2,2,1,0,0,1,0,0
9/1/2002,42,21,28,238,37,1,54,59,10,10,22,2,3,1,0,0,1,0,0
9/4/2002,42,21,28,239,37,1,54,59,10,10,22,2,3,1,0,0,1,0,0
9/7/2002,42,21,29,239,37,1,54,59,10,10,22,2,3,1,0,0,1,0,0
9/12/2002,42,21,29,240,37,1,54,59,10,10,22,2,3,1,0,0,1,0,0
9/21/2002,42,21,29,240,37,1,54,59,10,10,22,2,3,2,0,0,1,0,0
11/23/2002,42,21,29,240,37,1,54,59,10,10,23,2,3,2,0,0,1,0,0
11/24/2002,42,21,29,240,37,1,54,59,10,10,24,2,3,2,0,0,1,0,0
11/27/2002,42,21,29,240,37,1,54,59,10,10,25,2,3,2,0,0,1,0,0
11/30/2002,42,21,29,240,37,1,54,59,10,10,26,2,3,2,0,0,1,0,0
12/1/2002,42,21,29,240,37,1,54,59,10,10,27,2,3,2,0,0,1,0,0
12/8/2002,42,21,29,241,37,1,54,59,10,10,27,2,3,2,0,0,1,0,0
12/11/2002,42,21,29,241,37,1,54,59,10,11,27,2,3,2,0,0,1,0,0
12/13/2002,42,21,29,242,37,1,54,59,10,11,27,2,3,2,0,0,1,0,0
12/16/2002,42,21,29,243,37,1,54,59,10,11,27,2,3,2,0,0,1,0,0
12/18/2002,42,21,29,244,37,1,54,59,10,11,27,2,3,2,0,0,1,0,0
2/11/2003,42,21,29,245,37,1,54,59,10,11,27,2,3,2,0,0,1,0,0
2/16/2003,42,21,29,245,37,1,54,59,10,11,27,2,3,2,1,0,1,0,0
2/22/2003,42,21,29,246,37,1,54,59,10,11,27,2,3,2,1,0,1,0,0
2/25/2003,42,21,29,246,37,1,54,59,10,11,27,2,3,3,1,0,1,0,0
3/1/2003,42,21,29,247,37,1,54,59,10,11,27,2,3,3,1,0,1,0,0
3/4/2003,42,21,29,247,37,1,54,59,10,11,28,2,3,3,1,0,1,0,0
4/3/2003,42,21,29,247,37,1,54,59,10,11,29,2,3,3,1,0,1,0,0
4/4/2003,42,21,29,247,37,1,54,60,10,11,29,2,3,3,1,0,1,0,0
4/8/2003,42,21,29,247,37,1,54,60,10,11,29,2,4,3,1,0,1,0,0
4/10/2003,42,21,29,247,37,1,54,60,10,11,30,2,4,3,1,0,1,0,0
5/10/2003,42,21,29,247,37,1,54,61,10,11,30,2,4,3,1,0,1,0,0
5/11/2003,42,21,29,248,37,1,54,61,10,11,30,2,4,3,1,0,1,0,0
5/18/2003,42,21,29,249,37,1,54,61,10,11,30,2,4,3,1,0,1,0,0
5/20/2003,43,21,29,249,37,1,54,61,10,11,30,2,4,3,1,0,1,0,0
5/23/2003,43,21,29,250,37,1,54,61,10,11,30,2,4,3,1,0,1,0,0
6/17/2003,43,22,29,250,37,1,54,61,10,11,30,2,4,3,1,0,1,0,0
6/20/2003,43,22,29,251,37,1,54,61,10,11,30,2,4,3,1,0,1,0,0
6/22/2003,43,22,29,252,37,1,54,61,10,11,30,2,4,3,1,0,1,0,0
9/9/2003,43,22,29,252,37,1,54,61,11,11,30,2,4,3,1,0,1,0,0
9/12/2003,43,22,29,252,37,1,54,61,12,11,30,2,4,3,1,0,1,0,0
9/15/2003,43,22,29,252,37,1,54,61,13,11,30,2,4,3,1,0,1,0,0
9/18/2003,43,22,29,252,37,1,54,61,14,11,30,2,4,3,1,0,1,0,0
9/21/2003,43,22,29,252,37,1,54,61,15,11,30,2,4,3,1,0,1,0,0
10/3/2003,43,22,29,252,37,1,54,61,15,12,30,2,4,3,1,0,1,0,0
10/5/2003,43,22,29,252,37,1,54,61,15,13,30,2,4,3,1,0,1,0,0
10/7/2003,43,22,29,253,37,1,54,61,15,13,30,2,4,3,1,0,1,0,0
10/10/2003,43,22,29,254,37,1,54,61,15,13,30,2,4,3,1,0,1,0,0
10/12/2003,43,22,29,255,37,1,54,61,15,13,30,2,4,3,1,0,1,0,0
11/29/2003,44,22,29,255,37,1,54,61,15,13,30,2,4,3,1,0,1,0,0
12/1/2003,45,22,29,255,37,1,54,61,15,13,30,2,4,3,1,0,1,0,0
12/3/2003,46,22,29,255,37,1,54,61,15,13,30,2,4,3,1,0,1,0,0
12/5/2003,47,22,29,255,37,1,54,61,15,13,30,2,4,3,1,0,1,0,0
12/7/2003,48,22,29,255,37,1,54,61,15,13,30,2,4,3,1,0,1,0,0
1/3/2004,48,22,29,256,37,1,54,61,15,13,30,2,4,3,1,0,1,0,0
1/7/2004,49,22,29,256,37,1,54,61,15,13,30,2,4,3,1,0,1,0,0
1/10/2004,49,22,29,257,37,1,54,61,15,13,30,2,4,3,1,0,1,0,0
1/14/2004,49,22,29,258,37,1,54,61,15,13,30,2,4,3,1,0,1,0,0
1/17/2004,49,22,29,259,37,1,54,61,15,13,30,2,4,3,1,0,1,0,0
3/13/2004,49,22,29,260,37,1,54,61,15,13,30,2,4,3,1,0,1,0,0
3/16/2004,49,22,29,260,37,1,55,61,15,13,30,2,4,3,1,0,1,0,0
3/19/2004,49,22,29,260,37,1,56,61,15,13,30,2,4,3,1,0,1,0,0
3/21/2004,49,22,29,261,37,1,56,61,15,13,30,2,4,3,1,0,1,0,0
3/24/2004,49,22,29,262,37,1,56,61,15,13,30,2,4,3,1,0,1,0,0
7/17/2004,49,22,29,262,37,1,56,61,16,13,30,2,4,3,1,0,1,0,0
7/18/2004,49,22,29,262,37,1,56,61,16,13,30,2,4,3,1,1,1,0,0
7/21/2004,49,22,29,263,37,1,56,61,16,13,30,2,4,3,1,1,1,0,0
7/25/2004,49,22,29,263,37,1,57,61,16,13,30,2,4,3,1,1,1,0,0
7/29/2004,49,22,29,263,37,1,57,61,17,13,30,2,4,3,1,1,1,0,0
8/21/2004,49,22,29,263,37,1,58,61,17,13,30,2,4,3,1,1,1,0,0
8/28/2004,49,22,29,264,37,1,58,61,17,13,30,2,4,3,1,1,1,0,0
9/4/2004,49,22,29,265,37,1,58,61,17,13,30,2,4,3,1,1,1,0,0
200409-14,49,22,29,265,37,1,58,61,17,13,30,2,5,3,1,1,1,0,0
9/19/2004,49,22,29,265,37,1,59,61,17,13,30,2,5,3,1,1,1,0,0
9/22/2004,49,22,29,266,37,1,59,61,17,13,30,2,5,3,1,1,1,0,0
9/30/2004,49,22,29,266,37,1,59,61,17,13,31,2,5,3,1,1,1,0,0
10/3/2004,49,22,29,266,37,1,59,61,17,13,32,2,5,3,1,1,1,0,0
10/6/2004,49,22,29,266,37,1,59,62,17,13,32,2,5,3,1,1,1,0,0
10/14/2004,49,22,29,266,37,1,59,63,17,13,32,2,5,3,1,1,1,0,0
10/16/2004,49,22,29,267,37,1,59,63,17,13,32,2,5,3,1,1,1,0,0
11/13/2004,49,22,29,267,37,1,60,63,17,13,32,2,5,3,1,1,1,0,0
1/16/2005,49,22,29,268,37,1,60,63,17,13,32,2,5,3,1,1,1,0,0
1/19/2005,49,22,29,268,38,1,60,63,17,13,32,2,5,3,1,1,1,0,0
1/23/2005,49,22,29,269,38,1,60,63,17,13,32,2,5,3,1,1,1,0,0
1/28/2005,49,22,29,270,38,1,60,63,17,13,32,2,5,3,1,1,1,0,0
1/30/2005,49,22,30,270,38,1,60,63,17,13,32,2,5,3,1,1,1,0,0
2/1/2005,49,22,30,270,39,1,60,63,17,13,32,2,5,3,1,1,1,0,0
2/4/2005,49,22,30,271,39,1,60,63,17,13,32,2,5,3,1,1,1,0,0
2/6/2005,49,22,30,272,39,1,60,63,17,13,32,2,5,3,1,1,1,0,0
4/2/2005,49,22,30,273,39,1,60,63,17,13,32,2,5,3,1,1,1,0,0
4/5/2005,49,22,30,274,39,1,60,63,17,13,32,2,5,3,1,1,1,0,0
4/9/2005,49,22,30,274,39,1,61,63,17,13,32,2,5,3,1,1,1,0,0
4/12/2005,49,22,30,274,39,1,62,63,17,13,32,2,5,3,1,1,1,0,0
4/15/2005,49,22,30,274,39,1,63,63,17,13,32,2,5,3,1,1,1,0,0
4/17/2005,49,22,30,274,39,1,64,63,17,13,32,2,5,3,1,1,1,0,0
5/18/2005,49,22,30,274,40,1,64,63,17,13,32,2,5,3,1,1,1,0,0
5/21/2005,49,22,30,274,41,1,64,63,17,13,32,2,5,3,1,1,1,0,0
5/22/2005,49,22,30,274,42,1,64,63,17,13,32,2,5,3,1,1,1,0,0
12/10/2005,49,22,30,275,42,1,64,63,17,13,32,2,5,3,1,1,1,0,0
12/12/2005,49,23,30,275,42,1,64,63,17,13,32,2,5,3,1,1,1,0,0
12/15/2005,49,24,30,275,42,1,64,63,17,13,32,2,5,3,1,1,1,0,0
12/19/2005,49,25,30,275,42,1,64,63,17,13,32,2,5,3,1,1,1,0,0
12/21/2005,49,25,30,276,42,1,64,63,17,13,32,2,5,3,1,1,1,0,0
2/6/2006,49,25,30,276,42,1,65,63,17,13,32,2,5,3,1,1,1,0,0
2/11/2006,49,25,30,277,42,1,65,63,17,13,32,2,5,3,1,1,1,0,0
2/13/2006,49,25,30,278,42,1,65,63,17,13,32,2,5,3,1,1,1,0,0
2/16/2006,49,25,30,279,42,1,65,63,17,13,32,2,5,3,1,1,1,0,0
2/19/2006,49,25,30,280,42,1,65,63,17,13,32,2,5,3,1,1,1,0,0
3/17/2006,49,25,30,280,42,1,65,64,17,13,32,2,5,3,1,1,1,0,0
3/19/2006,49,25,30,280,42,1,65,65,17,13,32,2,5,3,1,1,1,0,0
3/22/2006,49,25,30,280,42,1,65,66,17,13,32,2,5,3,1,1,1,0,0
4/18/2006,49,25,30,280,42,1,66,66,17,13,32,2,5,3,1,1,1,0,0
4/19/2006,49,25,30,281,42,1,66,66,17,13,32,2,5,3,1,1,1,0,0
6/27/2006,49,25,30,281,42,1,66,66,17,13,32,2,5,3,1,1,2,0,0
8/30/2006,49,26,30,281,42,1,66,66,17,13,32,2,5,3,1,1,2,0,0
9/2/2006,49,27,30,281,42,1,66,66,17,13,32,2,5,3,1,1,2,0,0
9/5/2006,49,28,30,281,42,1,66,66,17,13,32,2,5,3,1,1,2,0,0
9/8/2006,49,28,30,282,42,1,66,66,17,13,32,2,5,3,1,1,2,0,0
9/10/2006,49,28,30,283,42,1,66,66,17,13,32,2,5,3,1,1,2,0,0
10/17/2006,49,28,30,283,42,1,66,67,17,13,32,2,5,3,1,1,2,0,0
10/25/2006,49,28,30,284,42,1,66,67,17,13,32,2,5,3,1,1,2,0,0
10/27/2006,49,28,30,285,42,1,66,67,17,13,32,2,5,3,1,1,2,0,0
12/7/2006,49,28,30,285,43,1,66,67,17,13,32,2,5,3,1,1,2,0,0
12/10/2006,49,28,30,285,44,1,66,67,17,13,32,2,5,3,1,1,2,0,0
12/13/2006,49,28,30,286,44,1,66,67,17,13,32,2,5,3,1,1,2,0,0
12/16/2006,49,28,30,286,45,1,66,67,17,13,32,2,5,3,1,1,2,0,0
2/4/2007,49,28,30,287,45,1,66,67,17,13,32,2,5,3,1,1,2,0,0
2/7/2007,49,28,30,287,45,1,66,67,17,14,32,2,5,3,1,1,2,0,0
2/9/2007,49,28,30,287,45,1,66,67,17,15,32,2,5,3,1,1,2,0,0
2/11/2007,49,28,30,288,45,1,66,67,17,15,32,2,5,3,1,1,2,0,0
2/14/2007,49,28,30,289,45,1,66,67,17,15,32,2,5,3,1,1,2,0,0
3/13/2007,49,28,30,290,45,1,66,67,17,15,32,2,5,3,1,1,2,0,0
3/17/2007,49,28,30,291,45,1,66,67,17,15,32,2,5,3,1,1,2,0,0
3/21/2007,49,28,30,291,45,1,66,67,17,15,33,2,5,3,1,1,2,0,0
5/18/2007,49,28,30,291,45,1,66,68,17,15,33,2,5,3,1,1,2,0,0
5/20/2007,49,28,30,291,45,1,66,69,17,15,33,2,5,3,1,1,2,0,0
5/22/2007,49,28,30,292,45,1,66,69,17,15,33,2,5,3,1,1,2,0,0
10/18/2007,49,28,30,293,45,1,66,69,17,15,33,2,5,3,1,1,2,0,0
10/20/2007,49,28,30,293,45,1,66,69,17,16,33,2,5,3,1,1,2,0,0
10/23/2007,49,28,30,293,45,1,66,69,17,17,33,2,5,3,1,1,2,0,0
10/26/2007,49,28,30,294,45,1,66,69,17,17,33,2,5,3,1,1,2,0,0
10/29/2007,49,28,30,295,45,1,66,69,17,17,33,2,5,3,1,1,2,0,0
11/5/2007,49,28,30,296,45,1,66,69,17,17,33,2,5,3,1,1,2,0,0
11/8/2007,49,28,30,296,45,1,67,69,17,17,33,2,5,3,1,1,2,0,0
11/11/2007,49,28,30,297,45,1,67,69,17,17,33,2,5,3,1,1,2,0,0
11/15/2007,49,28,30,298,45,1,67,69,17,17,33,2,5,3,1,1,2,0,0
11/18/2007,49,28,30,298,45,1,68,69,17,17,33,2,5,3,1,1,2,0,0
1/21/2008,49,28,30,298,45,1,68,69,17,17,34,2,5,3,1,1,2,0,0
1/24/2008,49,28,30,298,45,1,68,69,17,17,35,2,5,3,1,1,2,0,0
1/27/2008,49,28,30,298,45,1,68,69,17,17,36,2,5,3,1,1,2,0,0
1/30/2008,49,28,30,298,45,1,68,69,17,17,37,2,5,3,1,1,2,0,0
2/2/2008,49,28,30,298,45,1,68,69,17,17,38,2,5,3,1,1,2,0,0
4/8/2008,49,28,30,298,45,1,68,69,18,17,38,2,5,3,1,1,2,0,0
4/11/2008,49,28,30,298,45,1,68,69,19,17,38,2,5,3,1,1,2,0,0
4/13/2008,49,28,30,298,45,1,68,69,20,17,38,2,5,3,1,1,2,0,0
4/16/2008,49,28,30,298,45,1,68,69,21,17,38,2,5,3,1,1,2,0,0
4/19/2008,49,28,30,298,45,1,68,69,22,17,38,2,5,3,1,1,2,0,0
6/8/2008,49,28,30,298,45,1,68,69,23,17,38,2,5,3,1,1,2,0,0
6/10/2008,49,28,30,299,45,1,68,69,23,17,38,2,5,3,1,1,2,0,0
6/14/2008,49,28,30,299,45,1,69,69,23,17,38,2,5,3,1,1,2,0,0
6/24/2008,49,28,30,299,45,1,69,69,23,17,38,2,5,3,1,2,2,0,0
6/26/2008,49,28,30,300,45,1,69,69,23,17,38,2,5,3,1,2,2,0,0
6/29/2008,49,28,30,301,45,1,69,69,23,17,38,2,5,3,1,2,2,0,0
7/2/2008,49,28,30,301,45,1,70,69,23,17,38,2,5,3,1,2,2,0,0
7/4/2008,49,28,30,301,45,1,70,69,24,17,38,2,5,3,1,2,2,0,0
11/12/2008,49,28,30,301,46,1,70,69,24,17,38,2,5,3,1,2,2,0,0
11/14/2008,49,28,30,301,47,1,70,69,24,17,38,2,5,3,1,2,2,0,0
11/16/2008,49,28,30,301,48,1,70,69,24,17,38,2,5,3,1,2,2,0,0
1/20/2009,49,28,30,301,48,1,70,70,24,17,38,2,5,3,1,2,2,0,0
1/21/2009,49,28,30,302,48,1,70,70,24,17,38,2,5,3,1,2,2,0,0
1/24/2009,49,28,30,303,48,1,70,70,24,17,38,2,5,3,1,2,2,0,0
4/22/2009,49,28,31,303,48,1,70,70,24,17,38,2,5,3,1,2,2,0,0
4/24/2009,49,28,31,304,48,1,70,70,24,17,38,2,5,3,1,2,2,0,0
4/27/2009,49,28,31,305,48,1,70,70,24,17,38,2,5,3,1,2,2,0,0
5/1/2009,49,28,31,306,48,1,70,70,24,17,38,2,5,3,1,2,2,0,0
5/3/2009,49,28,32,306,48,1,70,70,24,17,38,2,5,3,1,2,2,0,0
7/30/2009,49,28,32,307,48,1,70,70,24,17,38,2,5,3,1,2,2,0,0
8/1/2009,49,28,32,308,48,1,70,70,24,17,38,2,5,3,1,2,2,0,0
8/3/2009,49,28,32,309,48,1,70,70,24,17,38,2,5,3,1,2,2,0,0
8/7/2009,49,28,32,309,48,1,70,71,24,17,38,2,5,3,1,2,2,0,0
8/9/2009,49,28,32,309,48,1,70,72,24,17,38,2,5,3,1,2,2,0,0
9/23/2009,49,28,32,309,49,1,70,72,24,17,38,2,5,3,1,2,2,0,0
9/26/2009,49,28,32,309,49,1,71,72,24,17,38,2,5,3,1,2,2,0,0
9/30/2009,49,28,32,310,49,1,71,72,24,17,38,2,5,3,1,2,2,0,0
10/3/2009,49,28,32,311,49,1,71,72,24,17,38,2,5,3,1,2,2,0,0
11/3/2009,50,28,32,311,49,1,71,72,24,17,38,2,5,3,1,2,2,0,0
11/6/2009,50,28,32,312,49,1,71,72,24,17,38,2,5,3,1,2,2,0,0
11/9/2009,50,28,32,313,49,1,71,72,24,17,38,2,5,3,1,2,2,0,0
1/22/2010,50,28,32,314,49,1,71,72,24,17,38,2,5,3,1,2,2,0,0
1/24/2010,50,28,32,315,49,1,71,72,24,17,38,2,5,3,1,2,2,0,0
1/26/2010,50,28,32,316,49,1,71,72,24,17,38,2,5,3,1,2,2,0,0
1/29/2010,50,28,32,317,49,1,71,72,24,17,38,2,5,3,1,2,2,0,0
1/31/2010,50,28,32,318,49,1,71,72,24,17,38,2,5,3,1,2,2,0,0
6/15/2010,50,28,32,319,49,1,71,72,24,17,38,2,5,3,1,2,2,0,0
6/19/2010,50,28,32,320,49,1,71,72,24,17,38,2,5,3,1,2,2,0,0
6/21/2010,50,28,32,320,49,1,71,72,25,17,38,2,5,3,1,2,2,0,0
9/10/2010,50,28,32,321,49,1,71,72,25,17,38,2,5,3,1,2,2,0,0
9/12/2010,50,28,32,322,49,1,71,72,25,17,38,2,5,3,1,2,2,0,0
9/17/2010,50,29,32,322,49,1,71,72,25,17,38,2,5,3,1,2,2,0,0
9/20/2010,50,30,32,322,49,1,71,72,25,17,38,2,5,3,1,2,2,0,0
9/22/2010,50,30,32,323,49,1,71,72,25,17,38,2,5,3,1,2,2,0,0
10/29/2010,50,30,32,324,49,1,71,72,25,17,38,2,5,3,1,2,2,0,0
10/31/2010,50,30,32,324,49,1,71,72,25,18,38,2,5,3,1,2,2,0,0
11/2/2010,50,30,32,325,49,1,71,72,25,18,38,2,5,3,1,2,2,0,0
11/5/2010,50,30,32,325,49,1,71,72,25,19,38,2,5,3,1,2,2,0,0
11/8/2010,50,30,32,326,49,1,71,72,25,19,38,2,5,3,1,2,2,0,0
1/22/2011,50,30,32,327,49,1,71,72,25,19,38,2,5,3,1,2,2,0,0
1/26/2011,51,30,32,327,49,1,71,72,25,19,38,2,5,3,1,2,2,0,0
1/29/2011,52,30,32,327,49,1,71,72,25,19,38,2,5,3,1,2,2,0,0
2/1/2011,53,30,32,327,49,1,71,72,25,19,38,2,5,3,1,2,2,0,0
2/3/2011,54,30,32,327,49,1,71,72,25,19,38,2,5,3,1,2,2,0,0
2/5/2011,54,30,32,328,49,1,71,72,25,19,38,2,5,3,1,2,2,0,0
2/23/2011,54,30,32,328,49,1,71,72,25,19,38,2,6,3,1,2,2,0,0
2/26/2011,54,30,32,328,49,1,71,73,25,19,38,2,6,3,1,2,2,0,0
3/3/2011,54,30,32,328,49,2,71,73,25,19,38,2,6,3,1,2,2,0,0
3/8/2011,54,30,32,329,49,2,71,73,25,19,38,2,6,3,1,2,2,0,0
3/14/2011,54,30,32,329,49,2,71,73,25,19,39,2,6,3,1,2,2,0,0
3/19/2011,54,30,33,329,49,2,71,73,25,19,39,2,6,3,1,2,2,0,0
3/23/2011,54,30,33,329,50,2,71,73,25,19,39,2,6,3,1,2,2,0,0
3/30/2011,54,30,33,330,50,2,71,73,25,19,39,2,6,3,1,2,2,0,0
4/23/2011,54,30,33,330,51,2,71,73,25,19,39,2,6,3,1,2,2,0,0
4/25/2011,54,30,33,330,52,2,71,73,25,19,39,2,6,3,1,2,2,0,0
4/28/2011,54,30,33,330,53,2,71,73,25,19,39,2,6,3,1,2,2,0,0
5/2/2011,54,30,33,331,53,2,71,73,25,19,39,2,6,3,1,2,2,0,0
5/5/2011,54,30,33,332,53,2,71,73,25,19,39,2,6,3,1,2,2,0,0
5/28/2011,54,30,33,332,53,2,71,73,25,19,39,2,6,3,1,2,2,1,0
5/30/2011,54,30,33,332,53,2,71,73,25,19,39,2,6,3,1,2,2,2,0
9/8/2011,54,30,33,332,53,2,71,73,25,19,40,2,6,3,1,2,2,2,0
9/11/2011,54,30,33,332,53,2,71,73,25,19,41,2,6,3,1,2,2,2,0
9/14/2011,54,30,33,332,53,2,71,73,25,19,42,2,6,3,1,2,2,2,0
11/11/2011,54,30,33,332,53,2,71,74,25,19,42,2,6,3,1,2,2,2,0
11/14/2011,54,30,33,333,53,2,71,74,25,19,42,2,6,3,1,2,2,2,0
11/18/2011,54,30,33,333,53,2,71,75,25,19,42,2,6,3,1,2,2,2,0
11/20/2011,54,30,33,333,53,2,71,76,25,19,42,2,6,3,1,2,2,2,0
11/23/2011,54,30,33,333,53,2,71,77,25,19,42,2,6,3,1,2,2,2,0
12/1/2011,54,30,33,333,53,2,71,77,26,19,42,2,6,3,1,2,2,2,0
12/3/2011,54,30,33,333,53,2,71,77,27,19,42,2,6,3,1,2,2,2,0
12/6/2011,54,30,33,333,53,2,71,77,28,19,42,2,6,3,1,2,2,2,0
2/10/2012,54,30,33,333,53,2,71,77,28,19,42,2,6,3,1,2,2,2,1
2/13/2012,54,30,33,334,53,2,71,77,28,19,42,2,6,3,1,2,2,2,1
2/15/2012,54,30,33,335,53,2,71,77,28,19,42,2,6,3,1,2,2,2,1
2/18/2012,54,30,33,336,53,2,71,77,28,19,42,2,6,3,1,2,2,2,1
2/21/2012,54,30,33,337,53,2,71,77,28,19,42,2,6,3,1,2,2,2,1
3/11/2012,54,30,33,337,53,2,71,77,29,19,42,2,6,3,1,2,2,2,1
3/15/2012,54,30,33,337,53,2,71,78,29,19,42,2,6,3,1,2,2,2,1
3/18/2012,54,30,33,338,53,2,71,78,29,19,42,2,6,3,1,2,2,2,1
3/22/2012,54,30,33,338,53,2,71,78,30,19,42,2,6,3,1,2,2,2,1
6/7/2012,54,30,33,338,53,2,71,79,30,19,42,2,6,3,1,2,2,2,1
6/9/2012,54,30,33,339,53,2,71,79,30,19,42,2,6,3,1,2,2,2,1
6/13/2012,54,30,33,339,53,2,71,80,30,19,42,2,6,3,1,2,2,2,1
6/16/2012,54,30,33,340,53,2,71,80,30,19,42,2,6,3,1,2,2,2,1
6/18/2012,54,30,33,341,53,2,71,80,30,19,42,2,6,3,1,2,2,2,1
8/28/2012,54,30,33,342,53,2,71,80,30,19,42,2,6,3,1,2,2,2,1
8/31/2012,54,30,34,342,53,2,71,80,30,19,42,2,6,3,1,2,2,2,1
9/3/2012,54,30,34,343,53,2,71,80,30,19,42,2,6,3,1,2,2,2,1
12/30/2012,54,30,34,343,53,2,72,80,30,19,42,2,6,3,1,2,2,2,1
1/3/2013,54,30,34,343,53,2,73,80,30,19,42,2,6,3,1,2,2,2,1
1/6/2013,54,30,34,344,53,2,73,80,30,19,42,2,6,3,1,2,2,2,1
3/10/2013,54,30,34,345,53,2,73,80,30,19,42,2,6,3,1,2,2,2,1
3/15/2013,54,30,34,345,53,2,73,80,30,20,42,2,6,3,1,2,2,2,1
3/17/2013,54,30,34,346,53,2,73,80,30,20,42,2,6,3,1,2,2,2,1
3/21/2013,54,30,34,346,53,2,73,80,30,21,42,2,6,3,1,2,2,2,1
3/24/2013,54,30,34,347,53,2,73,80,30,21,42,2,6,3,1,2,2,2,1
5/17/2013,54,30,34,347,53,2,73,80,30,21,42,2,6,3,1,2,3,2,1
5/23/2013,54,30,34,347,53,2,73,80,30,21,42,2,6,3,1,2,3,3,1
5/26/2013,54,30,34,347,53,2,73,80,30,21,42,2,6,3,1,2,3,4,1
6/7/2013,54,30,34,348,53,2,73,80,30,21,42,2,6,3,1,2,3,4,1
6/10/2013,54,30,34,349,53,2,73,80,30,21,42,2,6,3,1,2,3,4,1
6/15/2013,54,30,34,350,53,2,73,80,30,21,42,2,6,3,1,2,3,4,1
7/14/2013,54,30,34,350,54,2,73,80,30,21,42,2,6,3,1,2,3,4,1
7/16/2013,54,30,34,351,54,2,73,80,30,21,42,2,6,3,1,2,3,4,1
7/19/2013,54,30,34,351,55,2,73,80,30,21,42,2,6,3,1,2,3,4,1
7/21/2013,54,30,34,351,56,2,73,80,30,21,42,2,6,3,1,2,3,4,1
7/24/2013,54,30,34,351,57,2,73,80,30,21,42,2,6,3,1,2,3,4,1
8/27/2013,54,30,34,352,57,2,73,80,30,21,42,2,6,3,1,2,3,4,1
8/29/2013,54,30,34,352,57,2,73,80,30,21,43,2,6,3,1,2,3,4,1
8/31/2013,54,30,34,352,57,2,73,80,30,21,44,2,6,3,1,2,3,4,1
10/30/2013,54,30,34,353,57,2,73,80,30,21,44,2,6,3,1,2,3,4,1
11/1/2013,54,30,34,353,57,2,73,80,30,22,44,2,6,3,1,2,3,4,1
11/6/2013,54,30,34,354,57,2,73,80,30,22,44,2,6,3,1,2,3,4,1
11/8/2013,54,30,34,355,57,2,73,80,30,22,44,2,6,3,1,2,3,4,1
11/11/2013,54,30,34,356,57,2,73,80,30,22,44,2,6,3,1,2,3,4,1
11/24/2013,54,30,34,356,57,2,73,80,30,23,44,2,6,3,1,2,3,4,1
11/27/2013,54,30,34,356,57,2,73,80,30,24,44,2,6,3,1,2,3,4,1
11/30/2013,54,30,34,357,57,2,73,80,30,24,44,2,6,3,1,2,3,4,1
12/18/2013,54,30,34,357,57,2,73,81,30,24,44,2,6,3,1,2,3,4,1
12/20/2013,54,30,34,358,57,2,73,81,30,24,44,2,6,3,1,2,3,4,1
12/22/2013,54,30,34,358,57,2,73,82,30,24,44,2,6,3,1,2,3,4,1
12/25/2013,54,30,34,358,57,2,73,83,30,24,44,2,6,3,1,2,3,4,1
12/27/2013,54,30,34,359,57,2,73,83,30,24,44,2,6,3,1,2,3,4,1
2/25/2014,54,30,34,360,57,2,73,83,30,24,44,2,6,3,1,2,3,4,1
2/27/2014,54,30,34,360,57,2,73,83,30,24,44,2,6,3,1,2,3,4,2
3/2/2014,54,30,34,360,57,2,74,83,30,24,44,2,6,3,1,2,3,4,2
3/4/2014,54,30,34,360,57,2,74,83,31,24,44,2,6,3,1,2,3,4,2
3/8/2014,54,30,34,361,57,2,74,83,31,24,44,2,6,3,1,2,3,4,2
8/23/2014,54,30,34,361,57,2,74,84,31,24,44,2,6,3,1,2,3,4,2
8/26/2014,54,30,34,362,57,2,74,84,31,24,44,2,6,3,1,2,3,4,2
8/30/2014,54,30,34,363,57,2,74,84,31,24,44,2,6,3,1,2,3,4,2
10/7/2014,54,30,34,364,57,2,74,84,31,24,44,2,6,3,1,2,3,4,2
10/10/2014,54,30,34,365,57,2,74,84,31,24,44,2,6,3,1,2,3,4,2
10/12/2014,54,30,34,366,57,2,74,84,31,24,44,2,6,3,1,2,3,4,2
12/8/2014,55,30,34,366,57,2,74,84,31,24,44,2,6,3,1,2,3,4,2
12/12/2014,55,30,34,367,57,2,74,84,31,24,44,2,6,3,1,2,3,4,2
12/14/2014,56,30,34,367,57,2,74,84,31,24,44,2,6,3,1,2,3,4,2
12/17/2014,56,30,34,368,57,2,74,84,31,24,44,2,6,3,1,2,3,4,2
12/19/2014,56,30,34,369,57,2,74,84,31,24,44,2,6,3,1,2,3,4,2
1/31/2015,56,30,34,370,57,2,74,84,31,24,44,2,6,3,1,2,3,4,2
2/3/2015,56,30,34,371,57,2,74,84,31,24,44,2,6,3,1,2,3,4,2
2/15/2015,56,30,34,372,57,2,74,84,31,24,44,2,6,3,1,2,3,4,2
2/21/2015,56,30,34,373,57,2,74,84,31,24,44,2,6,3,1,2,3,4,2
3/1/2015,56,30,34,373,57,2,74,84,31,24,45,2,6,3,1,2,3,4,2
3/4/2015,56,30,34,373,57,2,74,84,31,24,45,3,6,3,1,2,3,4,2
3/7/2015,56,30,34,373,57,2,74,84,31,25,45,3,6,3,1,2,3,4,2
3/15/2015,56,30,34,373,57,2,74,84,31,25,45,3,6,3,1,2,3,5,2
3/20/2015,56,30,34,374,57,2,74,84,31,25,45,3,6,3,1,2,3,5,2
4/17/2015,56,30,34,375,57,2,74,84,31,25,45,3,6,3,1,2,3,5,2
4/19/2015,56,30,34,376,57,2,74,84,31,25,45,3,6,3,1,2,3,5,2
4/22/2015,56,30,34,377,57,2,74,84,31,25,45,3,6,3,1,2,3,5,2
5/26/2015,56,30,34,377,57,2,74,84,31,25,46,3,6,3,1,2,3,5,2
5/29/2015,56,30,34,377,57,2,74,84,31,25,47,3,6,3,1,2,3,5,2
5/31/2015,56,30,34,378,57,2,74,84,31,25,47,3,6,3,1,2,3,5,2
7/11/2015,56,30,34,378,57,2,74,85,31,25,47,3,6,3,1,2,3,5,2
7/15/2015,56,30,34,379,57,2,74,85,31,25,47,3,6,3,1,2,3,5,2
7/19/2015,56,30,34,379,57,2,74,86,31,25,47,3,6,3,1,2,3,5,2
7/22/2015,56,30,34,379,57,2,74,87,31,25,47,3,6,3,1,2,3,5,2
7/26/2015,56,30,34,380,57,2,74,87,31,25,47,3,6,3,1,2,3,5,2
10/1/2015,56,30,34,380,57,2,74,87,31,25,48,3,6,3,1,2,3,5,2
10/3/2015,56,30,34,381,57,2,74,87,31,25,48,3,6,3,1,2,3,5,2
10/5/2015,56,30,34,381,57,2,74,87,31,25,49,3,6,3,1,2,3,5,2
11/11/2015,56,31,34,381,57,2,74,87,31,25,49,3,6,3,1,2,3,5,2
11/13/2015,56,31,34,382,57,2,74,87,31,25,49,3,6,3,1,2,3,5,2
11/17/2015,56,31,34,383,57,2,74,87,31,25,49,3,6,3,1,2,3,5,2
11/20/2015,56,31,34,384,57,2,74,87,31,25,49,3,6,3,1,2,3,5,2
1/25/2016,56,31,34,385,57,2,74,87,31,25,49,3,6,3,1,2,3,5,2
1/31/2016,56,31,34,386,57,2,74,87,31,25,49,3,6,3,1,2,3,5,2
8/18/2016,56,31,34,386,57,2,74,87,31,25,49,3,6,3,1,2,3,6,2
8/24/2016,56,31,34,387,57,2,74,87,31,25,49,3,6,3,1,2,3,6,2
8/27/2016,56,31,34,388,57,2,74,87,31,25,49,3,6,3,1,2,3,6,2
8/30/2016,56,31,34,389,57,2,74,87,31,25,49,3,6,3,1,2,3,6,2
9/1/2016,56,31,34,390,57,2,74,87,31,25,49,3,6,3,1,2,3,6,2
9/4/2016,56,32,34,390,57,2,74,87,31,25,49,3,6,3,1,2,3,6,2
9/30/2016,56,32,34,390,58,2,74,87,31,25,49,3,6,3,1,2,3,6,2
10/2/2016,56,32,34,390,59,2,74,87,31,25,49,3,6,3,1,2,3,6,2
10/5/2016,56,32,34,390,60,2,74,87,31,25,49,3,6,3,1,2,3,6,2
1/13/2017,56,32,34,391,60,2,74,87,31,25,49,3,6,3,1,2,3,6,2
1/15/2017,56,32,35,391,60,2,74,87,31,25,49,3,6,3,1,2,3,6,2
1/19/2017,56,32,35,392,60,2,74,87,31,25,49,3,6,3,1,2,3,6,2
1/22/2017,56,32,35,393,60,2,74,87,31,25,49,3,6,3,1,2,3,6,2
1/26/2017,56,32,35,394,60,2,74,87,31,25,49,3,6,3,1,2,3,6,2
4/7/2017,56,32,35,395,60,2,74,87,31,25,49,3,6,3,1,2,3,6,2
4/9/2017,56,32,35,395,61,2,74,87,31,25,49,3,6,3,1,2,3,6,2
4/11/2017,56,32,35,395,62,2,74,87,31,25,49,3,6,3,1,2,3,6,2
6/4/2017,56,32,35,396,62,2,74,87,31,25,49,3,6,3,1,2,3,6,2
6/7/2017,56,32,35,396,62,2,74,87,31,26,49,3,6,3,1,2,3,6,2
6/12/2017,56,32,35,396,62,2,74,88,31,26,49,3,6,3,1,2,3,6,2
6/14/2017,56,33,35,396,62,2,74,88,31,26,49,3,6,3,1,2,3,6,2
6/18/2017,56,33,35,396,62,2,75,88,31,26,49,3,6,3,1,2,3,6,2
10/13/2017,56,33,35,396,62,2,75,89,31,26,49,3,6,3,1,2,3,6,2
10/16/2017,56,33,35,396,62,2,75,90,31,26,49,3,6,3,1,2,3,6,2
10/18/2017,56,33,35,396,62,2,75,91,31,26,49,3,6,3,1,2,3,6,2
10/20/2017,56,33,35,396,62,2,75,92,31,26,49,3,6,3,1,2,3,6,2
10/23/2017,56,33,35,396,62,2,75,93,31,26,49,3,6,3,1,2,3,6,2
1/6/2018,56,33,35,397,62,2,75,93,31,26,49,3,6,3,1,2,3,6,2
1/9/2018,56,33,35,398,62,2,75,93,31,26,49,3,6,3,1,2,3,6,2
1/13/2018,56,33,35,399,62,2,75,93,31,26,49,3,6,3,1,2,3,6,2
1/16/2018,56,33,35,400,62,2,75,93,31,26,49,3,6,3,1,2,3,6,2
1/19/2018,56,33,35,401,62,2,75,93,31,26,49,3,6,3,1,2,3,6,2
7/13/2018,56,33,35,401,62,2,75,93,31,26,50,3,6,3,1,2,3,6,2
7/16/2018,56,33,35,401,62,2,75,93,31,26,51,3,6,3,1,2,3,6,2
7/18/2018,56,33,35,401,62,2,75,93,31,26,52,3,6,3,1,2,3,6,2
7/20/2018,56,33,35,401,62,2,75,93,31,26,53,3,6,3,1,2,3,6,2
7/22/2018,56,33,35,401,62,2,75,93,31,26,54,3,6,3,1,2,3,6,2
9/16/2018,56,33,35,401,62,2,75,93,31,26,54,3,6,3,1,3,3,6,2
9/19/2018,56,33,35,402,62,2,75,93,31,26,54,3,6,3,1,3,3,6,2
9/21/2018,56,33,35,402,62,2,75,93,31,26,54,3,6,3,1,3,3,6,3
9/23/2018,56,33,35,403,62,2,75,93,31,26,54,3,6,3,1,3,3,6,3
9/26/2018,56,33,35,404,62,2,75,93,31,26,54,3,6,3,1,3,3,6,3
11/7/2018,56,33,35,405,62,2,75,93,31,26,54,3,6,3,1,3,3,6,3
11/9/2018,57,33,35,405,62,2,75,93,31,26,54,3,6,3,1,3,3,6,3
11/11/2018,58,33,35,405,62,2,75,93,31,26,54,3,6,3,1,3,3,6,3
1/19/2019,58,33,35,405,62,2,75,93,31,27,54,3,6,3,1,3,3,6,3
1/22/2019,58,33,35,406,62,2,75,93,31,27,54,3,6,3,1,3,3,6,3
1/25/2019,58,33,35,407,62,2,75,93,31,27,54,3,6,3,1,3,3,6,3
1/27/2019,58,33,35,407,62,2,75,93,31,28,54,3,6,3,1,3,3,6,3
1/30/2019,58,33,35,408,62,2,75,93,31,28,54,3,6,3,1,3,3,6,3
3/22/2019,58,33,35,409,62,2,75,93,31,28,54,3,6,3,1,3,3,6,3
3/24/2019,58,33,35,410,62,2,75,93,31,28,54,3,6,3,1,3,3,6,3
3/27/2019,58,33,35,411,62,2,75,93,31,28,54,3,6,3,1,3,3,6,3
3/29/2019,58,33,35,412,62,2,75,93,31,28,54,3,6,3,1,3,3,6,3
3/31/2019,58,33,35,413,62,2,75,93,31,28,54,3,6,3,1,3,3,6,3
5/8/2019,58,34,35,413,62,2,75,93,31,28,54,3,6,3,1,3,3,6,3
5/11/2019,58,34,35,414,62,2,75,93,31,28,54,3,6,3,1,3,3,6,3
5/14/2019,58,34,35,415,62,2,75,93,31,28,54,3,6,3,1,3,3,6,3
5/17/2019,58,34,35,416,62,2,75,93,31,28,54,3,6,3,1,3,3,6,3
5/19/2019,58,34,35,417,62,2,75,93,31,28,54,3,6,3,1,3,3,6,3
5/31/2019,58,34,35,418,62,2,75,93,31,28,54,3,6,3,1,3,3,6,3
6/3/2019,58,35,35,418,62,2,75,93,31,28,54,3,6,3,1,3,3,6,3
6/12/2019,58,35,35,419,62,2,75,93,31,28,54,3,6,3,1,3,3,6,3
6/16/2019,58,35,35,420,62,2,75,93,31,28,54,3,6,3,1,3,3,6,3
6/23/2019,58,35,35,420,62,2,75,93,31,29,54,3,6,3,1,3,3,6,3
6/26/2019,59,35,35,420,62,2,75,93,31,29,54,3,6,3,1,3,3,6,3
6/29/2019,59,35,35,420,62,2,75,93,31,29,54,3,6,3,1,3,3,6,4
7/5/2019,59,35,35,420,62,2,75,93,32,29,54,3,6,3,1,3,3,6,4
9/30/2019,59,35,35,420,62,2,75,94,32,29,54,3,6,3,1,3,3,6,4
10/2/2019,59,35,35,420,62,2,75,95,32,29,54,3,6,3,1,3,3,6,4
10/30/2020,59,35,35,420,62,2,75,95,32,29,55,3,6,3,1,3,3,6,4
11/1/2020,59,35,35,420,62,2,75,95,32,29,56,3,6,3,1,3,3,6,4
11/3/2020,59,35,35,421,62,2,75,95,32,29,56,3,6,3,1,3,3,6,4
4/2/2021,59,35,35,421,62,2,75,95,32,30,56,3,6,3,1,3,3,6,4
4/4/2021,59,35,35,422,62,2,75,95,32,30,56,3,6,3,1,3,3,6,4
4/7/2021,59,35,35,422,62,2,75,95,32,31,56,3,6,3,1,3,3,6,4
7/8/2021,59,35,35,423,62,2,75,95,32,31,56,3,6,3,1,3,3,6,4
7/10/2021,59,35,35,424,62,2,75,95,32,31,56,3,6,3,1,3,3,6,4
7/13/2021,59,35,35,425,62,2,75,95,32,31,56,3,6,3,1,3,3,6,4
3/29/2022,59,35,35,426,62,2,75,95,32,31,56,3,6,3,1,3,3,6,4
3/31/2022,59,35,36,426,62,2,75,95,32,31,56,3,6,3,1,3,3,6,4
4/2/2022,59,35,37,426,62,2,75,95,32,31,56,3,6,3,1,3,3,6,4
6/8/2022,59,35,37,426,63,2,75,95,32,31,56,3,6,3,1,3,3,6,4
6/10/2022,59,35,37,426,64,2,75,95,32,31,56,3,6,3,1,3,3,6,4
6/12/2022,59,35,37,426,65,2,75,95,32,31,56,3,6,3,1,3,3,6,4
8/16/2022,59,35,37,426,65,2,75,95,32,31,56,3,6,4,1,3,3,6,4
8/18/2022,59,35,37,426,65,2,75,95,32,31,56,3,6,5,1,3,3,6,4
8/21/2022,59,35,37,426,65,2,75,95,32,31,56,3,6,6,1,3,3,6,4
