,Australia,England,New Zealand,Pakistan,West Indies,India,Sri Lanka,South Africa,Zimbabwe,Bangladesh,Ireland,Canada,Scotland,Afghanistan,Netherlands,East Africa,U.A.E.,Kenya,Namibia
1971-01-05,0,1,0,0,0,0,0,0,0,0,0,0,0,0,0,0,0,0,0
1972-08-24,1,1,0,0,0,0,0,0,0,0,0,0,0,0,0,0,0,0,0
1972-08-26,1,2,0,0,0,0,0,0,0,0,0,0,0,0,0,0,0,0,0
1972-08-28,2,2,0,0,0,0,0,0,0,0,0,0,0,0,0,0,0,0,0
1973-07-18,2,2,1,0,0,0,0,0,0,0,0,0,0,0,0,0,0,0,0
1973-07-20,2,3,1,0,0,0,0,0,0,0,0,0,0,0,0,0,0,0,0
1973-09-05,2,3,1,0,1,0,0,0,0,0,0,0,0,0,0,0,0,0,0
1973-09-07,2,4,1,0,1,0,0,0,0,0,0,0,0,0,0,0,0,0,0
1974-07-13,2,4,1,0,1,1,0,0,0,0,0,0,0,0,0,0,0,0,0
1974-07-15,2,4,1,0,1,2,0,0,0,0,0,0,0,0,0,0,0,0,0
1974-08-31,2,5,1,0,1,2,0,0,0,0,0,0,0,0,0,0,0,0,0
1974-09-03,2,6,1,0,1,2,0,0,0,0,0,0,0,0,0,0,0,0,0
1975-01-01,3,6,1,0,1,2,0,0,0,0,0,0,0,0,0,0,0,0,0
1975-03-08,3,6,2,0,1,2,0,0,0,0,0,0,0,0,0,0,0,0,0
1975-03-09,3,6,3,0,1,2,0,0,0,0,0,0,0,0,0,0,0,0,0
1975-06-07,3,6,3,0,1,3,0,0,0,0,0,0,0,0,0,0,0,0,0
1975-06-11,3,6,4,0,1,3,0,0,0,0,0,0,0,0,0,0,0,0,0
1975-06-14,3,6,4,0,1,3,0,0,0,0,0,0,0,0,0,1,0,0,0
1975-06-18,3,7,4,0,1,3,0,0,0,0,0,0,0,0,0,1,0,0,0
1976-08-26,3,8,4,0,1,3,0,0,0,0,0,0,0,0,0,1,0,0,0
1976-08-28,3,9,4,0,1,3,0,0,0,0,0,0,0,0,0,1,0,0,0
1976-08-30,3,10,4,0,1,3,0,0,0,0,0,0,0,0,0,1,0,0,0
1977-06-02,4,10,4,0,1,3,0,0,0,0,0,0,0,0,0,1,0,0,0
1977-06-04,5,10,4,0,1,3,0,0,0,0,0,0,0,0,0,1,0,0,0
1977-06-06,5,11,4,0,1,3,0,0,0,0,0,0,0,0,0,1,0,0,0
1977-12-23,5,11,4,1,1,3,0,0,0,0,0,0,0,0,0,1,0,0,0
1977-12-30,5,11,4,2,1,3,0,0,0,0,0,0,0,0,0,1,0,0,0
1978-01-13,5,12,4,2,1,3,0,0,0,0,0,0,0,0,0,1,0,0,0
1978-05-24,5,12,4,3,1,3,0,0,0,0,0,0,0,0,0,1,0,0,0
1978-05-26,5,12,4,4,1,3,0,0,0,0,0,0,0,0,0,1,0,0,0
1978-07-15,5,12,5,4,1,3,0,0,0,0,0,0,0,0,0,1,0,0,0
1978-07-17,5,12,6,4,1,3,0,0,0,0,0,0,0,0,0,1,0,0,0
1979-01-13,6,12,6,4,1,3,0,0,0,0,0,0,0,0,0,1,0,0,0
1979-01-24,7,12,6,4,1,3,0,0,0,0,0,0,0,0,0,1,0,0,0
1979-02-04,7,13,6,4,1,3,0,0,0,0,0,0,0,0,0,1,0,0,0
1979-02-07,7,14,6,4,1,3,0,0,0,0,0,0,0,0,0,1,0,0,0
1979-06-09,8,14,6,4,1,3,0,0,0,0,0,0,0,0,0,1,0,0,0
1979-06-13,8,14,6,4,1,3,0,0,0,0,0,1,0,0,0,1,0,0,0
1979-06-16,8,14,6,5,1,3,0,0,0,0,0,1,0,0,0,1,0,0,0
1979-06-20,8,14,7,5,1,3,0,0,0,0,0,1,0,0,0,1,0,0,0
1979-06-23,8,15,7,5,1,3,0,0,0,0,0,1,0,0,0,1,0,0,0
1979-11-28,8,15,7,5,2,3,0,0,0,0,0,1,0,0,0,1,0,0,0
1979-12-08,9,15,7,5,2,3,0,0,0,0,0,1,0,0,0,1,0,0,0
1979-12-11,10,15,7,5,2,3,0,0,0,0,0,1,0,0,0,1,0,0,0
1979-12-23,10,16,7,5,2,3,0,0,0,0,0,1,0,0,0,1,0,0,0
1979-12-26,11,16,7,5,2,3,0,0,0,0,0,1,0,0,0,1,0,0,0
1980-01-14,12,16,7,5,2,3,0,0,0,0,0,1,0,0,0,1,0,0,0
1980-01-16,12,17,7,5,2,3,0,0,0,0,0,1,0,0,0,1,0,0,0
1980-01-20,12,18,7,5,2,3,0,0,0,0,0,1,0,0,0,1,0,0,0
1980-01-22,12,19,7,5,2,3,0,0,0,0,0,1,0,0,0,1,0,0,0
1980-05-28,12,20,7,5,2,3,0,0,0,0,0,1,0,0,0,1,0,0,0
1980-05-30,12,20,7,5,3,3,0,0,0,0,0,1,0,0,0,1,0,0,0
1980-08-20,13,20,7,5,3,3,0,0,0,0,0,1,0,0,0,1,0,0,0
1980-08-22,14,20,7,5,3,3,0,0,0,0,0,1,0,0,0,1,0,0,0
1981-02-04,14,21,7,5,3,3,0,0,0,0,0,1,0,0,0,1,0,0,0
1981-02-26,14,22,7,5,3,3,0,0,0,0,0,1,0,0,0,1,0,0,0
1981-06-04,15,22,7,5,3,3,0,0,0,0,0,1,0,0,0,1,0,0,0
1981-06-06,15,23,7,5,3,3,0,0,0,0,0,1,0,0,0,1,0,0,0
1981-06-08,15,24,7,5,3,3,0,0,0,0,0,1,0,0,0,1,0,0,0
1981-11-25,15,24,7,5,3,4,0,0,0,0,0,1,0,0,0,1,0,0,0
1981-12-20,15,25,7,5,3,4,0,0,0,0,0,1,0,0,0,1,0,0,0
1982-01-27,15,26,7,5,3,4,0,0,0,0,0,1,0,0,0,1,0,0,0
1982-02-13,15,26,7,5,3,4,1,0,0,0,0,1,0,0,0,1,0,0,0
1982-02-14,15,27,7,5,3,4,1,0,0,0,0,1,0,0,0,1,0,0,0
1982-06-02,15,27,7,5,3,5,1,0,0,0,0,1,0,0,0,1,0,0,0
1982-06-04,15,27,7,5,3,6,1,0,0,0,0,1,0,0,0,1,0,0,0
1982-07-17,15,27,7,6,3,6,1,0,0,0,0,1,0,0,0,1,0,0,0
1982-07-19,15,27,7,7,3,6,1,0,0,0,0,1,0,0,0,1,0,0,0
1983-01-11,15,28,7,7,3,6,1,0,0,0,0,1,0,0,0,1,0,0,0
1983-01-13,15,29,7,7,3,6,1,0,0,0,0,1,0,0,0,1,0,0,0
1983-01-15,15,29,8,7,3,6,1,0,0,0,0,1,0,0,0,1,0,0,0
1983-01-16,15,30,8,7,3,6,1,0,0,0,0,1,0,0,0,1,0,0,0
1983-01-20,15,30,9,7,3,6,1,0,0,0,0,1,0,0,0,1,0,0,0
1983-01-23,15,31,9,7,3,6,1,0,0,0,0,1,0,0,0,1,0,0,0
1983-01-26,16,31,9,7,3,6,1,0,0,0,0,1,0,0,0,1,0,0,0
1983-01-29,16,32,9,7,3,6,1,0,0,0,0,1,0,0,0,1,0,0,0
1983-01-30,17,32,9,7,3,6,1,0,0,0,0,1,0,0,0,1,0,0,0
1983-02-05,17,33,9,7,3,6,1,0,0,0,0,1,0,0,0,1,0,0,0
1983-02-19,17,34,9,7,3,6,1,0,0,0,0,1,0,0,0,1,0,0,0
1983-02-23,17,35,9,7,3,6,1,0,0,0,0,1,0,0,0,1,0,0,0
1983-02-26,17,36,9,7,3,6,1,0,0,0,0,1,0,0,0,1,0,0,0
1983-06-09,17,36,10,7,3,6,1,0,0,0,0,1,0,0,0,1,0,0,0
1983-06-11,17,36,10,7,3,6,2,0,0,0,0,1,0,0,0,1,0,0,0
1983-06-13,17,36,10,8,3,6,2,0,0,0,0,1,0,0,0,1,0,0,0
1983-06-15,17,37,10,8,3,6,2,0,0,0,0,1,0,0,0,1,0,0,0
1983-06-18,17,37,10,9,3,6,2,0,0,0,0,1,0,0,0,1,0,0,0
1983-06-20,17,37,10,9,3,6,3,0,0,0,0,1,0,0,0,1,0,0,0
1983-06-22,17,38,10,9,3,6,3,0,0,0,0,1,0,0,0,1,0,0,0
1984-02-18,17,38,11,9,3,6,3,0,0,0,0,1,0,0,0,1,0,0,0
1984-02-22,17,38,12,9,3,6,3,0,0,0,0,1,0,0,0,1,0,0,0
1984-02-25,17,39,12,9,3,6,3,0,0,0,0,1,0,0,0,1,0,0,0
1984-03-09,17,40,12,9,3,6,3,0,0,0,0,1,0,0,0,1,0,0,0
1984-03-26,17,40,12,10,3,6,3,0,0,0,0,1,0,0,0,1,0,0,0
1984-05-31,17,41,12,10,3,6,3,0,0,0,0,1,0,0,0,1,0,0,0
1984-06-02,17,41,12,10,4,6,3,0,0,0,0,1,0,0,0,1,0,0,0
1984-06-04,17,42,12,10,4,6,3,0,0,0,0,1,0,0,0,1,0,0,0
1984-12-05,17,42,12,10,4,7,3,0,0,0,0,1,0,0,0,1,0,0,0
1984-12-27,17,42,12,10,4,8,3,0,0,0,0,1,0,0,0,1,0,0,0
1985-01-20,17,42,12,10,4,9,3,0,0,0,0,1,0,0,0,1,0,0,0
1985-01-23,17,43,12,10,4,9,3,0,0,0,0,1,0,0,0,1,0,0,0
1985-01-27,17,43,12,10,4,10,3,0,0,0,0,1,0,0,0,1,0,0,0
1985-02-17,17,44,12,10,4,10,3,0,0,0,0,1,0,0,0,1,0,0,0
1985-02-26,17,45,12,10,4,10,3,0,0,0,0,1,0,0,0,1,0,0,0
1985-03-02,17,46,12,10,4,10,3,0,0,0,0,1,0,0,0,1,0,0,0
1985-03-24,17,47,12,10,4,10,3,0,0,0,0,1,0,0,0,1,0,0,0
1985-03-26,17,48,12,10,4,10,3,0,0,0,0,1,0,0,0,1,0,0,0
1985-05-30,17,49,12,10,4,10,3,0,0,0,0,1,0,0,0,1,0,0,0
1985-06-01,17,50,12,10,4,10,3,0,0,0,0,1,0,0,0,1,0,0,0
1985-06-03,18,50,12,10,4,10,3,0,0,0,0,1,0,0,0,1,0,0,0
1986-02-18,18,51,12,10,4,10,3,0,0,0,0,1,0,0,0,1,0,0,0
1986-03-04,18,51,12,10,5,10,3,0,0,0,0,1,0,0,0,1,0,0,0
1986-03-19,18,52,12,10,5,10,3,0,0,0,0,1,0,0,0,1,0,0,0
1986-03-31,18,53,12,10,5,10,3,0,0,0,0,1,0,0,0,1,0,0,0
1986-05-24,18,54,12,10,5,10,3,0,0,0,0,1,0,0,0,1,0,0,0
1986-05-26,18,54,12,10,5,11,3,0,0,0,0,1,0,0,0,1,0,0,0
1986-07-16,18,55,12,10,5,11,3,0,0,0,0,1,0,0,0,1,0,0,0
1986-07-18,18,55,13,10,5,11,3,0,0,0,0,1,0,0,0,1,0,0,0
1987-01-01,19,55,13,10,5,11,3,0,0,0,0,1,0,0,0,1,0,0,0
1987-01-03,19,55,13,10,6,11,3,0,0,0,0,1,0,0,0,1,0,0,0
1987-01-05,19,55,13,11,6,11,3,0,0,0,0,1,0,0,0,1,0,0,0
1987-01-07,19,55,13,12,6,11,3,0,0,0,0,1,0,0,0,1,0,0,0
1987-01-17,19,55,13,12,7,11,3,0,0,0,0,1,0,0,0,1,0,0,0
1987-01-18,19,56,13,12,7,11,3,0,0,0,0,1,0,0,0,1,0,0,0
1987-01-22,20,56,13,12,7,11,3,0,0,0,0,1,0,0,0,1,0,0,0
1987-01-24,20,56,13,12,8,11,3,0,0,0,0,1,0,0,0,1,0,0,0
1987-01-26,20,57,13,12,8,11,3,0,0,0,0,1,0,0,0,1,0,0,0
1987-01-30,20,58,13,12,8,11,3,0,0,0,0,1,0,0,0,1,0,0,0
1987-02-01,20,59,13,12,8,11,3,0,0,0,0,1,0,0,0,1,0,0,0
1987-02-03,20,59,13,12,9,11,3,0,0,0,0,1,0,0,0,1,0,0,0
1987-02-08,21,59,13,12,9,11,3,0,0,0,0,1,0,0,0,1,0,0,0
1987-02-11,22,59,13,12,9,11,3,0,0,0,0,1,0,0,0,1,0,0,0
1987-04-02,22,60,13,12,9,11,3,0,0,0,0,1,0,0,0,1,0,0,0
1987-04-07,22,60,13,13,9,11,3,0,0,0,0,1,0,0,0,1,0,0,0
1987-04-09,23,60,13,13,9,11,3,0,0,0,0,1,0,0,0,1,0,0,0
1987-05-21,23,60,13,14,9,11,3,0,0,0,0,1,0,0,0,1,0,0,0
1987-05-23,23,61,13,14,9,11,3,0,0,0,0,1,0,0,0,1,0,0,0
1987-05-25,23,61,13,15,9,11,3,0,0,0,0,1,0,0,0,1,0,0,0
1987-10-09,23,61,13,15,10,11,3,0,0,0,0,1,0,0,0,1,0,0,0
1987-10-12,23,62,13,15,10,11,3,0,0,0,0,1,0,0,0,1,0,0,0
1987-10-17,23,62,13,15,10,11,4,0,0,0,0,1,0,0,0,1,0,0,0
1987-10-20,23,63,13,15,10,11,4,0,0,0,0,1,0,0,0,1,0,0,0
1987-10-26,23,63,13,15,11,11,4,0,0,0,0,1,0,0,0,1,0,0,0
1987-10-30,23,63,13,15,11,11,5,0,0,0,0,1,0,0,0,1,0,0,0
1987-11-05,23,63,13,15,11,12,5,0,0,0,0,1,0,0,0,1,0,0,0
1987-11-08,23,64,13,15,11,12,5,0,0,0,0,1,0,0,0,1,0,0,0
1987-11-18,23,64,13,16,11,12,5,0,0,0,0,1,0,0,0,1,0,0,0
1987-11-20,23,64,13,17,11,12,5,0,0,0,0,1,0,0,0,1,0,0,0
1987-11-22,23,64,13,18,11,12,5,0,0,0,0,1,0,0,0,1,0,0,0
1988-02-04,23,65,13,18,11,12,5,0,0,0,0,1,0,0,0,1,0,0,0
1988-03-09,23,65,14,18,11,12,5,0,0,0,0,1,0,0,0,1,0,0,0
1988-03-12,23,65,15,18,11,12,5,0,0,0,0,1,0,0,0,1,0,0,0
1988-03-16,23,66,15,18,11,12,5,0,0,0,0,1,0,0,0,1,0,0,0
1988-03-19,23,67,15,18,11,12,5,0,0,0,0,1,0,0,0,1,0,0,0
1988-05-19,23,67,15,18,12,12,5,0,0,0,0,1,0,0,0,1,0,0,0
1988-05-21,23,67,15,18,13,12,5,0,0,0,0,1,0,0,0,1,0,0,0
1988-05-23,23,67,15,18,14,12,5,0,0,0,0,1,0,0,0,1,0,0,0
1988-09-04,23,67,15,18,14,12,6,0,0,0,0,1,0,0,0,1,0,0,0
1989-05-25,24,67,15,18,14,12,6,0,0,0,0,1,0,0,0,1,0,0,0
1989-05-27,24,68,15,18,14,12,6,0,0,0,0,1,0,0,0,1,0,0,0
1989-05-29,24,69,15,18,14,12,6,0,0,0,0,1,0,0,0,1,0,0,0
1989-10-15,24,69,15,18,14,12,7,0,0,0,0,1,0,0,0,1,0,0,0
1989-10-19,25,69,15,18,14,12,7,0,0,0,0,1,0,0,0,1,0,0,0
1989-10-22,25,69,15,19,14,12,7,0,0,0,0,1,0,0,0,1,0,0,0
1989-10-25,25,70,15,19,14,12,7,0,0,0,0,1,0,0,0,1,0,0,0
1989-10-27,25,71,15,19,14,12,7,0,0,0,0,1,0,0,0,1,0,0,0
1989-10-30,25,72,15,19,14,12,7,0,0,0,0,1,0,0,0,1,0,0,0
1990-02-14,25,72,15,19,15,12,7,0,0,0,0,1,0,0,0,1,0,0,0
1990-02-17,25,72,15,19,16,12,7,0,0,0,0,1,0,0,0,1,0,0,0
1990-03-03,25,73,15,19,16,12,7,0,0,0,0,1,0,0,0,1,0,0,0
1990-03-07,25,74,15,19,16,12,7,0,0,0,0,1,0,0,0,1,0,0,0
1990-03-15,25,75,15,19,16,12,7,0,0,0,0,1,0,0,0,1,0,0,0
1990-04-03,25,76,15,19,16,12,7,0,0,0,0,1,0,0,0,1,0,0,0
1990-05-23,25,77,15,19,16,12,7,0,0,0,0,1,0,0,0,1,0,0,0
1990-05-25,25,77,16,19,16,12,7,0,0,0,0,1,0,0,0,1,0,0,0
1990-07-18,25,78,16,19,16,12,7,0,0,0,0,1,0,0,0,1,0,0,0
1990-07-20,25,79,16,19,16,12,7,0,0,0,0,1,0,0,0,1,0,0,0
1990-12-01,25,80,16,19,16,12,7,0,0,0,0,1,0,0,0,1,0,0,0
1990-12-07,25,80,17,19,16,12,7,0,0,0,0,1,0,0,0,1,0,0,0
1990-12-09,25,81,17,19,16,12,7,0,0,0,0,1,0,0,0,1,0,0,0
1990-12-13,25,81,18,19,16,12,7,0,0,0,0,1,0,0,0,1,0,0,0
1990-12-15,25,82,18,19,16,12,7,0,0,0,0,1,0,0,0,1,0,0,0
1990-12-16,25,83,18,19,16,12,7,0,0,0,0,1,0,0,0,1,0,0,0
1991-01-01,25,84,18,19,16,12,7,0,0,0,0,1,0,0,0,1,0,0,0
1991-01-10,25,85,18,19,16,12,7,0,0,0,0,1,0,0,0,1,0,0,0
1991-02-09,25,85,19,19,16,12,7,0,0,0,0,1,0,0,0,1,0,0,0
1991-02-13,25,86,19,19,16,12,7,0,0,0,0,1,0,0,0,1,0,0,0
1991-02-16,25,87,19,19,16,12,7,0,0,0,0,1,0,0,0,1,0,0,0
1991-05-23,25,87,19,19,17,12,7,0,0,0,0,1,0,0,0,1,0,0,0
1991-05-25,25,87,19,19,18,12,7,0,0,0,0,1,0,0,0,1,0,0,0
1991-05-27,25,87,19,19,19,12,7,0,0,0,0,1,0,0,0,1,0,0,0
1992-01-11,25,87,20,19,19,12,7,0,0,0,0,1,0,0,0,1,0,0,0
1992-02-12,25,87,21,19,19,12,7,0,0,0,0,1,0,0,0,1,0,0,0
1992-02-15,25,87,22,19,19,12,7,0,0,0,0,1,0,0,0,1,0,0,0
1992-02-22,25,87,22,19,19,13,7,0,0,0,0,1,0,0,0,1,0,0,0
1992-02-27,25,87,22,19,20,13,7,0,0,0,0,1,0,0,0,1,0,0,0
1992-03-01,25,88,22,19,20,13,7,0,0,0,0,1,0,0,0,1,0,0,0
1992-03-05,26,88,22,19,20,13,7,0,0,0,0,1,0,0,0,1,0,0,0
1992-03-09,26,88,22,19,20,13,8,0,0,0,0,1,0,0,0,1,0,0,0
1992-03-12,26,88,22,19,20,13,8,1,0,0,0,1,0,0,0,1,0,0,0
1992-03-15,26,89,22,19,20,13,8,1,0,0,0,1,0,0,0,1,0,0,0
1992-03-18,26,90,22,19,20,13,8,1,0,0,0,1,0,0,0,1,0,0,0
1992-03-22,26,90,22,19,20,13,8,2,0,0,0,1,0,0,0,1,0,0,0
1992-03-25,26,91,22,19,20,13,8,2,0,0,0,1,0,0,0,1,0,0,0
1992-05-20,26,91,22,20,20,13,8,2,0,0,0,1,0,0,0,1,0,0,0
1992-05-22,26,91,22,21,20,13,8,2,0,0,0,1,0,0,0,1,0,0,0
1992-08-20,26,91,22,22,20,13,8,2,0,0,0,1,0,0,0,1,0,0,0
1992-08-22,26,92,22,22,20,13,8,2,0,0,0,1,0,0,0,1,0,0,0
1992-08-24,26,92,22,23,20,13,8,2,0,0,0,1,0,0,0,1,0,0,0
1993-01-18,26,92,22,23,20,14,8,2,0,0,0,1,0,0,0,1,0,0,0
1993-01-21,26,93,22,23,20,14,8,2,0,0,0,1,0,0,0,1,0,0,0
1993-02-26,26,93,22,23,20,15,8,2,0,0,0,1,0,0,0,1,0,0,0
1993-03-01,26,93,22,23,20,16,8,2,0,0,0,1,0,0,0,1,0,0,0
1993-03-04,26,94,22,23,20,16,8,2,0,0,0,1,0,0,0,1,0,0,0
1993-03-05,26,95,22,23,20,16,8,2,0,0,0,1,0,0,0,1,0,0,0
1993-03-10,26,96,22,23,20,16,8,2,0,0,0,1,0,0,0,1,0,0,0
1993-03-20,26,97,22,23,20,16,8,2,0,0,0,1,0,0,0,1,0,0,0
1993-05-19,26,98,22,23,20,16,8,2,0,0,0,1,0,0,0,1,0,0,0
1993-05-21,26,99,22,23,20,16,8,2,0,0,0,1,0,0,0,1,0,0,0
1993-05-23,26,100,22,23,20,16,8,2,0,0,0,1,0,0,0,1,0,0,0
1994-02-16,26,100,22,23,21,16,8,2,0,0,0,1,0,0,0,1,0,0,0
1994-02-26,26,101,22,23,21,16,8,2,0,0,0,1,0,0,0,1,0,0,0
1994-03-02,26,102,22,23,21,16,8,2,0,0,0,1,0,0,0,1,0,0,0
1994-03-05,26,103,22,23,21,16,8,2,0,0,0,1,0,0,0,1,0,0,0
1994-03-06,26,103,22,23,22,16,8,2,0,0,0,1,0,0,0,1,0,0,0
1994-05-19,26,103,23,23,22,16,8,2,0,0,0,1,0,0,0,1,0,0,0
1994-08-25,26,103,23,23,22,16,8,3,0,0,0,1,0,0,0,1,0,0,0
1994-08-27,26,103,23,23,22,16,8,4,0,0,0,1,0,0,0,1,0,0,0
1994-12-06,26,104,23,23,22,16,8,4,0,0,0,1,0,0,0,1,0,0,0
1994-12-15,26,105,23,23,22,16,8,4,0,0,0,1,0,0,0,1,0,0,0
1995-01-07,26,105,23,23,22,16,8,4,1,0,0,1,0,0,0,1,0,0,0
1995-01-10,27,105,23,23,22,16,8,4,1,0,0,1,0,0,0,1,0,0,0
1995-05-24,27,106,23,23,22,16,8,4,1,0,0,1,0,0,0,1,0,0,0
1995-05-26,27,106,23,23,23,16,8,4,1,0,0,1,0,0,0,1,0,0,0
1995-05-28,27,106,23,23,24,16,8,4,1,0,0,1,0,0,0,1,0,0,0
1996-01-09,27,107,23,23,24,16,8,4,1,0,0,1,0,0,0,1,0,0,0
1996-01-11,27,107,23,23,24,16,8,5,1,0,0,1,0,0,0,1,0,0,0
1996-01-13,27,108,23,23,24,16,8,5,1,0,0,1,0,0,0,1,0,0,0
1996-01-14,27,109,23,23,24,16,8,5,1,0,0,1,0,0,0,1,0,0,0
1996-01-17,27,110,23,23,24,16,8,5,1,0,0,1,0,0,0,1,0,0,0
1996-01-19,27,111,23,23,24,16,8,5,1,0,0,1,0,0,0,1,0,0,0
1996-01-21,27,112,23,23,24,16,8,5,1,0,0,1,0,0,0,1,0,0,0
1996-02-14,27,113,23,23,24,16,8,5,1,0,0,1,0,0,0,1,0,0,0
1996-02-18,27,113,23,23,24,16,8,5,1,0,0,1,0,0,0,1,1,0,0
1996-02-22,27,113,23,23,24,16,8,5,1,0,0,1,0,0,1,1,1,0,0
1996-02-25,27,114,23,23,24,16,8,5,1,0,0,1,0,0,1,1,1,0,0
1996-03-03,27,115,23,23,24,16,8,5,1,0,0,1,0,0,1,1,1,0,0
1996-03-09,27,116,23,23,24,16,8,5,1,0,0,1,0,0,1,1,1,0,0
1996-05-23,27,117,23,23,24,16,8,5,1,0,0,1,0,0,1,1,1,0,0
1996-05-25,27,117,23,23,24,17,8,5,1,0,0,1,0,0,1,1,1,0,0
1996-05-26,27,117,23,23,24,18,8,5,1,0,0,1,0,0,1,1,1,0,0
1996-08-29,27,117,23,24,24,18,8,5,1,0,0,1,0,0,1,1,1,0,0
1996-08-31,27,117,23,25,24,18,8,5,1,0,0,1,0,0,1,1,1,0,0
1996-09-01,27,118,23,25,24,18,8,5,1,0,0,1,0,0,1,1,1,0,0
1996-12-15,27,119,23,25,24,18,8,5,1,0,0,1,0,0,1,1,1,0,0
1997-01-01,27,120,23,25,24,18,8,5,1,0,0,1,0,0,1,1,1,0,0
1997-01-03,27,121,23,25,24,18,8,5,1,0,0,1,0,0,1,1,1,0,0
1997-02-20,27,121,24,25,24,18,8,5,1,0,0,1,0,0,1,1,1,0,0
1997-02-23,27,121,25,25,24,18,8,5,1,0,0,1,0,0,1,1,1,0,0
1997-02-26,27,121,26,25,24,18,8,5,1,0,0,1,0,0,1,1,1,0,0
1997-03-02,27,122,26,25,24,18,8,5,1,0,0,1,0,0,1,1,1,0,0
1997-03-04,27,123,26,25,24,18,8,5,1,0,0,1,0,0,1,1,1,0,0
1997-05-22,28,123,26,25,24,18,8,5,1,0,0,1,0,0,1,1,1,0,0
1997-05-24,29,123,26,25,24,18,8,5,1,0,0,1,0,0,1,1,1,0,0
1997-05-25,30,123,26,25,24,18,8,5,1,0,0,1,0,0,1,1,1,0,0
1997-12-11,30,123,26,25,24,19,8,5,1,0,0,1,0,0,1,1,1,0,0
1997-12-13,30,123,26,25,25,19,8,5,1,0,0,1,0,0,1,1,1,0,0
1997-12-15,30,123,26,26,25,19,8,5,1,0,0,1,0,0,1,1,1,0,0
1997-12-19,30,123,26,26,26,19,8,5,1,0,0,1,0,0,1,1,1,0,0
1998-03-29,30,123,26,26,27,19,8,5,1,0,0,1,0,0,1,1,1,0,0
1998-04-01,30,124,26,26,27,19,8,5,1,0,0,1,0,0,1,1,1,0,0
1998-04-04,30,125,26,26,27,19,8,5,1,0,0,1,0,0,1,1,1,0,0
1998-04-05,30,126,26,26,27,19,8,5,1,0,0,1,0,0,1,1,1,0,0
1998-04-08,30,127,26,26,27,19,8,5,1,0,0,1,0,0,1,1,1,0,0
1998-05-21,30,128,26,26,27,19,8,5,1,0,0,1,0,0,1,1,1,0,0
1998-05-23,30,129,26,26,27,19,8,5,1,0,0,1,0,0,1,1,1,0,0
1998-05-24,30,129,26,26,27,19,8,6,1,0,0,1,0,0,1,1,1,0,0
1998-08-16,30,129,26,26,27,19,9,6,1,0,0,1,0,0,1,1,1,0,0
1998-08-18,30,130,26,26,27,19,9,6,1,0,0,1,0,0,1,1,1,0,0
1998-08-20,30,131,26,26,27,19,9,6,1,0,0,1,0,0,1,1,1,0,0
1998-10-25,30,132,26,26,27,19,9,6,1,0,0,1,0,0,1,1,1,0,0
1999-01-10,31,132,26,26,27,19,9,6,1,0,0,1,0,0,1,1,1,0,0
1999-01-11,31,132,26,26,27,19,10,6,1,0,0,1,0,0,1,1,1,0,0
1999-01-15,31,133,26,26,27,19,10,6,1,0,0,1,0,0,1,1,1,0,0
1999-01-17,32,133,26,26,27,19,10,6,1,0,0,1,0,0,1,1,1,0,0
1999-01-19,32,133,26,26,27,19,11,6,1,0,0,1,0,0,1,1,1,0,0
1999-01-23,32,134,26,26,27,19,11,6,1,0,0,1,0,0,1,1,1,0,0
1999-01-26,32,135,26,26,27,19,11,6,1,0,0,1,0,0,1,1,1,0,0
1999-01-29,32,135,26,26,27,19,12,6,1,0,0,1,0,0,1,1,1,0,0
1999-02-03,32,136,26,26,27,19,12,6,1,0,0,1,0,0,1,1,1,0,0
1999-02-05,32,137,26,26,27,19,12,6,1,0,0,1,0,0,1,1,1,0,0
1999-02-10,32,138,26,26,27,19,12,6,1,0,0,1,0,0,1,1,1,0,0
1999-02-13,32,139,26,26,27,19,12,6,1,0,0,1,0,0,1,1,1,0,0
1999-04-07,32,140,26,26,27,19,12,6,1,0,0,1,0,0,1,1,1,0,0
1999-04-09,32,141,26,26,27,19,12,6,1,0,0,1,0,0,1,1,1,0,0
1999-04-11,32,142,26,26,27,19,12,6,1,0,0,1,0,0,1,1,1,0,0
1999-04-12,32,142,26,27,27,19,12,6,1,0,0,1,0,0,1,1,1,0,0
1999-05-14,32,142,26,27,27,19,13,6,1,0,0,1,0,0,1,1,1,0,0
1999-05-18,32,142,26,27,27,19,13,6,1,0,0,1,0,0,1,1,1,1,0
1999-05-22,32,143,26,27,27,19,13,6,1,0,0,1,0,0,1,1,1,1,0
1999-05-25,32,143,26,27,27,19,13,6,2,0,0,1,0,0,1,1,1,1,0
1999-05-29,32,144,26,27,27,19,13,6,2,0,0,1,0,0,1,1,1,1,0
2000-01-23,32,144,26,27,27,19,13,7,2,0,0,1,0,0,1,1,1,1,0
2000-01-26,32,145,26,27,27,19,13,7,2,0,0,1,0,0,1,1,1,1,0
2000-01-28,32,146,26,27,27,19,13,7,2,0,0,1,0,0,1,1,1,1,0
2000-01-30,32,146,26,27,27,19,13,7,3,0,0,1,0,0,1,1,1,1,0
2000-02-04,32,147,26,27,27,19,13,7,3,0,0,1,0,0,1,1,1,1,0
2000-02-13,32,148,26,27,27,19,13,7,3,0,0,1,0,0,1,1,1,1,0
2000-02-16,32,148,26,27,27,19,13,7,4,0,0,1,0,0,1,1,1,1,0
2000-02-18,32,148,26,27,27,19,13,7,5,0,0,1,0,0,1,1,1,1,0
2000-02-20,32,148,26,27,27,19,13,7,6,0,0,1,0,0,1,1,1,1,0
2000-07-08,32,149,26,27,27,19,13,7,6,0,0,1,0,0,1,1,1,1,0
2000-07-09,32,150,26,27,27,19,13,7,6,0,0,1,0,0,1,1,1,1,0
2000-07-13,32,150,26,27,27,19,13,7,7,0,0,1,0,0,1,1,1,1,0
2000-07-15,32,150,26,27,28,19,13,7,7,0,0,1,0,0,1,1,1,1,0
2000-07-18,32,150,26,27,28,19,13,7,8,0,0,1,0,0,1,1,1,1,0
2000-07-20,32,151,26,27,28,19,13,7,8,0,0,1,0,0,1,1,1,1,0
2000-07-22,32,151,26,27,28,19,13,7,9,0,0,1,0,0,1,1,1,1,0
2000-10-05,32,151,26,27,28,19,13,7,9,1,0,1,0,0,1,1,1,1,0
2000-10-10,32,152,26,27,28,19,13,7,9,1,0,1,0,0,1,1,1,1,0
2000-10-24,32,152,26,28,28,19,13,7,9,1,0,1,0,0,1,1,1,1,0
2000-10-27,32,153,26,28,28,19,13,7,9,1,0,1,0,0,1,1,1,1,0
2000-10-30,32,154,26,28,28,19,13,7,9,1,0,1,0,0,1,1,1,1,0
2001-03-23,32,155,26,28,28,19,13,7,9,1,0,1,0,0,1,1,1,1,0
2001-03-25,32,156,26,28,28,19,13,7,9,1,0,1,0,0,1,1,1,1,0
2001-03-27,32,157,26,28,28,19,13,7,9,1,0,1,0,0,1,1,1,1,0
2001-06-07,32,158,26,28,28,19,13,7,9,1,0,1,0,0,1,1,1,1,0
2001-06-10,32,159,26,28,28,19,13,7,9,1,0,1,0,0,1,1,1,1,0
2001-06-12,32,160,26,28,28,19,13,7,9,1,0,1,0,0,1,1,1,1,0
2001-06-14,32,161,26,28,28,19,13,7,9,1,0,1,0,0,1,1,1,1,0
2001-06-17,32,162,26,28,28,19,13,7,9,1,0,1,0,0,1,1,1,1,0
2001-06-21,32,163,26,28,28,19,13,7,9,1,0,1,0,0,1,1,1,1,0
2001-10-03,32,163,26,28,28,19,13,7,10,1,0,1,0,0,1,1,1,1,0
2001-10-06,32,163,26,28,28,19,13,7,11,1,0,1,0,0,1,1,1,1,0
2001-10-07,32,163,26,28,28,19,13,7,12,1,0,1,0,0,1,1,1,1,0
2001-10-10,32,163,26,28,28,19,13,7,13,1,0,1,0,0,1,1,1,1,0
2001-10-13,32,163,26,28,28,19,13,7,14,1,0,1,0,0,1,1,1,1,0
2002-01-19,32,164,26,28,28,19,13,7,14,1,0,1,0,0,1,1,1,1,0
2002-01-22,32,164,26,28,28,20,13,7,14,1,0,1,0,0,1,1,1,1,0
2002-01-25,32,165,26,28,28,20,13,7,14,1,0,1,0,0,1,1,1,1,0
2002-01-28,32,166,26,28,28,20,13,7,14,1,0,1,0,0,1,1,1,1,0
2002-01-31,32,166,26,28,28,21,13,7,14,1,0,1,0,0,1,1,1,1,0
2002-02-03,32,166,26,28,28,22,13,7,14,1,0,1,0,0,1,1,1,1,0
2002-02-13,32,167,26,28,28,22,13,7,14,1,0,1,0,0,1,1,1,1,0
2002-02-16,32,168,26,28,28,22,13,7,14,1,0,1,0,0,1,1,1,1,0
2002-02-20,32,168,27,28,28,22,13,7,14,1,0,1,0,0,1,1,1,1,0
2002-02-23,32,168,28,28,28,22,13,7,14,1,0,1,0,0,1,1,1,1,0
2002-02-26,32,169,28,28,28,22,13,7,14,1,0,1,0,0,1,1,1,1,0
2002-06-27,32,169,28,28,28,22,14,7,14,1,0,1,0,0,1,1,1,1,0
2002-06-29,32,170,28,28,28,22,14,7,14,1,0,1,0,0,1,1,1,1,0
2002-07-02,32,170,28,28,28,22,15,7,14,1,0,1,0,0,1,1,1,1,0
2002-07-04,32,171,28,28,28,22,15,7,14,1,0,1,0,0,1,1,1,1,0
2002-07-07,32,172,28,28,28,22,15,7,14,1,0,1,0,0,1,1,1,1,0
2002-07-09,32,172,28,28,28,23,15,7,14,1,0,1,0,0,1,1,1,1,0
2002-07-13,32,173,28,28,28,23,15,7,14,1,0,1,0,0,1,1,1,1,0
2002-09-18,32,173,28,28,28,23,15,7,15,1,0,1,0,0,1,1,1,1,0
2002-09-22,32,174,28,28,28,23,15,7,15,1,0,1,0,0,1,1,1,1,0
2002-12-13,32,175,28,28,28,23,15,7,15,1,0,1,0,0,1,1,1,1,0
2002-12-15,32,176,28,28,28,23,15,7,15,1,0,1,0,0,1,1,1,1,0
2002-12-17,32,176,28,28,28,23,16,7,15,1,0,1,0,0,1,1,1,1,0
2002-12-20,32,176,28,28,28,23,17,7,15,1,0,1,0,0,1,1,1,1,0
2003-01-11,32,177,28,28,28,23,17,7,15,1,0,1,0,0,1,1,1,1,0
2003-01-13,32,178,28,28,28,23,17,7,15,1,0,1,0,0,1,1,1,1,0
2003-01-17,32,178,28,28,28,23,18,7,15,1,0,1,0,0,1,1,1,1,0
2003-01-19,32,179,28,28,28,23,18,7,15,1,0,1,0,0,1,1,1,1,0
2003-01-23,32,180,28,28,28,23,18,7,15,1,0,1,0,0,1,1,1,1,0
2003-01-25,32,181,28,28,28,23,18,7,15,1,0,1,0,0,1,1,1,1,0
2003-02-16,32,181,28,28,28,23,18,7,15,1,0,1,0,0,2,1,1,1,0
2003-02-19,32,181,28,28,28,23,18,7,15,1,0,1,0,0,2,1,1,1,1
2003-02-22,32,181,28,29,28,23,18,7,15,1,0,1,0,0,2,1,1,1,1
2003-02-26,32,182,28,29,28,23,18,7,15,1,0,1,0,0,2,1,1,1,1
2003-03-02,32,183,28,29,28,23,18,7,15,1,0,1,0,0,2,1,1,1,1
2003-06-17,32,184,28,29,28,23,18,7,15,1,0,1,0,0,2,1,1,1,1
2003-06-20,32,184,28,30,28,23,18,7,15,1,0,1,0,0,2,1,1,1,1
2003-06-22,32,184,28,31,28,23,18,7,15,1,0,1,0,0,2,1,1,1,1
2003-06-26,32,185,28,31,28,23,18,7,15,1,0,1,0,0,2,1,1,1,1
2003-06-28,32,185,28,31,28,23,18,8,15,1,0,1,0,0,2,1,1,1,1
2003-07-01,32,186,28,31,28,23,18,8,15,1,0,1,0,0,2,1,1,1,1
2003-07-03,32,187,28,31,28,23,18,8,15,1,0,1,0,0,2,1,1,1,1
2003-07-06,32,187,28,31,28,23,18,8,16,1,0,1,0,0,2,1,1,1,1
2003-07-08,32,187,28,31,28,23,18,9,16,1,0,1,0,0,2,1,1,1,1
2003-07-12,32,187,28,31,28,23,18,10,16,1,0,1,0,0,2,1,1,1,1
2003-11-07,32,187,28,31,28,23,18,10,16,2,0,1,0,0,2,1,1,1,1
2003-11-10,32,187,28,31,28,23,18,10,16,3,0,1,0,0,2,1,1,1,1
2003-11-12,32,187,28,31,28,23,18,10,16,4,0,1,0,0,2,1,1,1,1
2003-11-18,32,188,28,31,28,23,18,10,16,4,0,1,0,0,2,1,1,1,1
2004-04-18,32,188,28,31,29,23,18,10,16,4,0,1,0,0,2,1,1,1,1
2004-04-24,32,188,28,31,30,23,18,10,16,4,0,1,0,0,2,1,1,1,1
2004-05-01,32,189,28,31,30,23,18,10,16,4,0,1,0,0,2,1,1,1,1
2004-05-02,32,190,28,31,30,23,18,10,16,4,0,1,0,0,2,1,1,1,1
2004-05-05,32,190,28,31,31,23,18,10,16,4,0,1,0,0,2,1,1,1,1
2004-06-27,32,191,28,31,31,23,18,10,16,4,0,1,0,0,2,1,1,1,1
2004-06-29,32,192,28,31,31,23,18,10,16,4,0,1,0,0,2,1,1,1,1
2004-07-01,32,192,28,31,32,23,18,10,16,4,0,1,0,0,2,1,1,1,1
2004-07-04,32,193,28,31,32,23,18,10,16,4,0,1,0,0,2,1,1,1,1
2004-07-06,32,194,28,31,32,23,18,10,16,4,0,1,0,0,2,1,1,1,1
2004-09-01,32,194,28,31,32,24,18,10,16,4,0,1,0,0,2,1,1,1,1
2004-09-03,32,194,28,31,32,25,18,10,16,4,0,1,0,0,2,1,1,1,1
2004-09-05,32,195,28,31,32,25,18,10,16,4,0,1,0,0,2,1,1,1,1
2004-09-10,32,195,28,31,32,25,18,10,17,4,0,1,0,0,2,1,1,1,1
2004-09-17,32,195,28,31,32,25,19,10,17,4,0,1,0,0,2,1,1,1,1
2004-09-21,33,195,28,31,32,25,19,10,17,4,0,1,0,0,2,1,1,1,1
2004-09-25,33,196,28,31,32,25,19,10,17,4,0,1,0,0,2,1,1,1,1
2004-11-28,33,196,28,31,32,25,19,10,18,4,0,1,0,0,2,1,1,1,1
2004-12-01,33,196,28,31,32,25,19,10,19,4,0,1,0,0,2,1,1,1,1
2004-12-04,33,196,28,31,32,25,19,10,20,4,0,1,0,0,2,1,1,1,1
2004-12-05,33,196,28,31,32,25,19,10,21,4,0,1,0,0,2,1,1,1,1
2005-01-30,33,196,28,31,32,25,19,11,21,4,0,1,0,0,2,1,1,1,1
2005-02-02,33,196,28,31,32,25,19,12,21,4,0,1,0,0,2,1,1,1,1
2005-02-04,33,197,28,31,32,25,19,12,21,4,0,1,0,0,2,1,1,1,1
2005-02-06,33,198,28,31,32,25,19,12,21,4,0,1,0,0,2,1,1,1,1
2005-02-09,33,199,28,31,32,25,19,12,21,4,0,1,0,0,2,1,1,1,1
2005-02-11,33,199,28,31,32,25,19,13,21,4,0,1,0,0,2,1,1,1,1
2005-02-13,33,200,28,31,32,25,19,13,21,4,0,1,0,0,2,1,1,1,1
2005-06-16,33,200,28,31,32,25,19,13,21,5,0,1,0,0,2,1,1,1,1
2005-06-19,34,200,28,31,32,25,19,13,21,5,0,1,0,0,2,1,1,1,1
2005-06-21,34,200,28,31,32,25,19,13,21,6,0,1,0,0,2,1,1,1,1
2005-06-23,34,201,28,31,32,25,19,13,21,6,0,1,0,0,2,1,1,1,1
2005-06-26,34,201,28,31,32,25,19,13,21,7,0,1,0,0,2,1,1,1,1
2005-06-28,34,202,28,31,32,25,19,13,21,7,0,1,0,0,2,1,1,1,1
2005-07-02,34,203,28,31,32,25,19,13,21,7,0,1,0,0,2,1,1,1,1
2005-07-07,35,203,28,31,32,25,19,13,21,7,0,1,0,0,2,1,1,1,1
2005-07-10,35,204,28,31,32,25,19,13,21,7,0,1,0,0,2,1,1,1,1
2005-07-12,35,205,28,31,32,25,19,13,21,7,0,1,0,0,2,1,1,1,1
2005-12-10,35,205,28,32,32,25,19,13,21,7,0,1,0,0,2,1,1,1,1
2005-12-12,35,206,28,32,32,25,19,13,21,7,0,1,0,0,2,1,1,1,1
2005-12-15,35,207,28,32,32,25,19,13,21,7,0,1,0,0,2,1,1,1,1
2005-12-19,35,208,28,32,32,25,19,13,21,7,0,1,0,0,2,1,1,1,1
2005-12-21,35,208,28,33,32,25,19,13,21,7,0,1,0,0,2,1,1,1,1
2006-03-28,35,209,28,33,32,25,19,13,21,7,0,1,0,0,2,1,1,1,1
2006-03-31,35,210,28,33,32,25,19,13,21,7,0,1,0,0,2,1,1,1,1
2006-04-03,35,211,28,33,32,25,19,13,21,7,0,1,0,0,2,1,1,1,1
2006-04-06,35,212,28,33,32,25,19,13,21,7,0,1,0,0,2,1,1,1,1
2006-04-12,35,212,28,33,32,26,19,13,21,7,0,1,0,0,2,1,1,1,1
2006-04-15,35,213,28,33,32,26,19,13,21,7,0,1,0,0,2,1,1,1,1
2006-06-13,35,213,28,33,32,26,19,13,21,7,1,1,0,0,2,1,1,1,1
2006-06-17,35,214,28,33,32,26,19,13,21,7,1,1,0,0,2,1,1,1,1
2006-06-20,35,215,28,33,32,26,19,13,21,7,1,1,0,0,2,1,1,1,1
2006-06-24,35,216,28,33,32,26,19,13,21,7,1,1,0,0,2,1,1,1,1
2006-06-28,35,217,28,33,32,26,19,13,21,7,1,1,0,0,2,1,1,1,1
2006-07-01,35,218,28,33,32,26,19,13,21,7,1,1,0,0,2,1,1,1,1
2006-08-30,35,219,28,33,32,26,19,13,21,7,1,1,0,0,2,1,1,1,1
2006-09-02,35,220,28,33,32,26,19,13,21,7,1,1,0,0,2,1,1,1,1
2006-09-05,35,221,28,33,32,26,19,13,21,7,1,1,0,0,2,1,1,1,1
2006-09-08,35,221,28,34,32,26,19,13,21,7,1,1,0,0,2,1,1,1,1
2006-09-10,35,221,28,35,32,26,19,13,21,7,1,1,0,0,2,1,1,1,1
2006-10-15,35,222,28,35,32,26,19,13,21,7,1,1,0,0,2,1,1,1,1
2006-10-21,35,223,28,35,32,26,19,13,21,7,1,1,0,0,2,1,1,1,1
2006-10-28,35,223,28,35,33,26,19,13,21,7,1,1,0,0,2,1,1,1,1
2007-01-12,35,224,28,35,33,26,19,13,21,7,1,1,0,0,2,1,1,1,1
2007-01-16,35,224,29,35,33,26,19,13,21,7,1,1,0,0,2,1,1,1,1
2007-01-19,35,225,29,35,33,26,19,13,21,7,1,1,0,0,2,1,1,1,1
2007-01-23,35,226,29,35,33,26,19,13,21,7,1,1,0,0,2,1,1,1,1
2007-01-26,35,227,29,35,33,26,19,13,21,7,1,1,0,0,2,1,1,1,1
2007-01-30,35,228,29,35,33,26,19,13,21,7,1,1,0,0,2,1,1,1,1
2007-02-02,36,228,29,35,33,26,19,13,21,7,1,1,0,0,2,1,1,1,1
2007-02-06,36,228,30,35,33,26,19,13,21,7,1,1,0,0,2,1,1,1,1
2007-02-09,37,228,30,35,33,26,19,13,21,7,1,1,0,0,2,1,1,1,1
2007-02-11,38,228,30,35,33,26,19,13,21,7,1,1,0,0,2,1,1,1,1
2007-03-16,38,229,30,35,33,26,19,13,21,7,1,1,0,0,2,1,1,1,1
2007-03-18,38,229,30,35,33,26,19,13,21,7,1,2,0,0,2,1,1,1,1
2007-03-24,38,229,30,35,33,26,19,13,21,7,1,2,0,0,2,1,1,2,1
2007-03-30,38,229,30,35,33,26,19,13,21,7,2,2,0,0,2,1,1,2,1
2007-04-04,38,230,30,35,33,26,19,13,21,7,2,2,0,0,2,1,1,2,1
2007-04-08,38,231,30,35,33,26,19,13,21,7,2,2,0,0,2,1,1,2,1
2007-04-11,38,231,30,35,33,26,19,13,21,8,2,2,0,0,2,1,1,2,1
2007-04-17,38,232,30,35,33,26,19,13,21,8,2,2,0,0,2,1,1,2,1
2007-04-21,38,232,30,35,34,26,19,13,21,8,2,2,0,0,2,1,1,2,1
2007-07-01,38,232,30,35,35,26,19,13,21,8,2,2,0,0,2,1,1,2,1
2007-07-04,38,233,30,35,35,26,19,13,21,8,2,2,0,0,2,1,1,2,1
2007-07-07,38,234,30,35,35,26,19,13,21,8,2,2,0,0,2,1,1,2,1
2007-08-21,38,234,30,35,35,27,19,13,21,8,2,2,0,0,2,1,1,2,1
2007-08-24,38,235,30,35,35,27,19,13,21,8,2,2,0,0,2,1,1,2,1
2007-08-27,38,235,30,35,35,28,19,13,21,8,2,2,0,0,2,1,1,2,1
2007-08-30,38,235,30,35,35,29,19,13,21,8,2,2,0,0,2,1,1,2,1
2007-09-02,38,236,30,35,35,29,19,13,21,8,2,2,0,0,2,1,1,2,1
2007-09-05,38,237,30,35,35,29,19,13,21,8,2,2,0,0,2,1,1,2,1
2007-09-08,38,237,30,35,35,30,19,13,21,8,2,2,0,0,2,1,1,2,1
2007-10-01,38,238,30,35,35,30,19,13,21,8,2,2,0,0,2,1,1,2,1
2007-10-04,38,238,30,35,35,30,20,13,21,8,2,2,0,0,2,1,1,2,1
2007-10-07,38,238,30,35,35,30,21,13,21,8,2,2,0,0,2,1,1,2,1
2007-10-10,38,238,30,35,35,30,22,13,21,8,2,2,0,0,2,1,1,2,1
2007-10-13,38,239,30,35,35,30,22,13,21,8,2,2,0,0,2,1,1,2,1
2008-02-09,38,240,30,35,35,30,22,13,21,8,2,2,0,0,2,1,1,2,1
2008-02-12,38,241,30,35,35,30,22,13,21,8,2,2,0,0,2,1,1,2,1
2008-02-15,38,241,31,35,35,30,22,13,21,8,2,2,0,0,2,1,1,2,1
2008-02-20,38,241,32,35,35,30,22,13,21,8,2,2,0,0,2,1,1,2,1
2008-02-23,38,242,32,35,35,30,22,13,21,8,2,2,0,0,2,1,1,2,1
2008-06-15,38,242,33,35,35,30,22,13,21,8,2,2,0,0,2,1,1,2,1
2008-06-18,38,243,33,35,35,30,22,13,21,8,2,2,0,0,2,1,1,2,1
2008-06-21,38,244,33,35,35,30,22,13,21,8,2,2,0,0,2,1,1,2,1
2008-06-25,38,245,33,35,35,30,22,13,21,8,2,2,0,0,2,1,1,2,1
2008-06-28,38,246,33,35,35,30,22,13,21,8,2,2,0,0,2,1,1,2,1
2008-08-18,38,246,33,35,35,30,22,13,21,8,2,2,1,0,2,1,1,2,1
2008-08-22,38,246,33,35,35,30,22,14,21,8,2,2,1,0,2,1,1,2,1
2008-08-26,38,246,33,35,35,30,22,15,21,8,2,2,1,0,2,1,1,2,1
2008-08-29,38,246,33,35,35,30,22,16,21,8,2,2,1,0,2,1,1,2,1
2008-08-31,38,246,33,35,35,30,22,17,21,8,2,2,1,0,2,1,1,2,1
2008-09-03,38,247,33,35,35,30,22,17,21,8,2,2,1,0,2,1,1,2,1
2008-11-14,38,248,33,35,35,30,22,17,21,8,2,2,1,0,2,1,1,2,1
2008-11-17,38,249,33,35,35,30,22,17,21,8,2,2,1,0,2,1,1,2,1
2008-11-20,38,250,33,35,35,30,22,17,21,8,2,2,1,0,2,1,1,2,1
2008-11-23,38,251,33,35,35,30,22,17,21,8,2,2,1,0,2,1,1,2,1
2008-11-26,38,252,33,35,35,30,22,17,21,8,2,2,1,0,2,1,1,2,1
2009-03-20,38,252,33,35,36,30,22,17,21,8,2,2,1,0,2,1,1,2,1
2009-03-22,38,253,33,35,36,30,22,17,21,8,2,2,1,0,2,1,1,2,1
2009-03-27,38,254,33,35,36,30,22,17,21,8,2,2,1,0,2,1,1,2,1
2009-03-29,38,254,33,35,37,30,22,17,21,8,2,2,1,0,2,1,1,2,1
2009-04-03,38,254,33,35,38,30,22,17,21,8,2,2,1,0,2,1,1,2,1
2009-05-24,38,254,33,35,39,30,22,17,21,8,2,2,1,0,2,1,1,2,1
2009-05-26,38,254,33,35,40,30,22,17,21,8,2,2,1,0,2,1,1,2,1
2009-08-27,38,254,33,35,40,30,22,17,21,8,3,2,1,0,2,1,1,2,1
2009-09-04,38,255,33,35,40,30,22,17,21,8,3,2,1,0,2,1,1,2,1
2009-09-06,38,256,33,35,40,30,22,17,21,8,3,2,1,0,2,1,1,2,1
2009-09-09,38,257,33,35,40,30,22,17,21,8,3,2,1,0,2,1,1,2,1
2009-09-12,38,258,33,35,40,30,22,17,21,8,3,2,1,0,2,1,1,2,1
2009-09-15,38,259,33,35,40,30,22,17,21,8,3,2,1,0,2,1,1,2,1
2009-09-17,38,260,33,35,40,30,22,17,21,8,3,2,1,0,2,1,1,2,1
2009-09-20,39,260,33,35,40,30,22,17,21,8,3,2,1,0,2,1,1,2,1
2009-09-25,39,260,33,35,40,30,23,17,21,8,3,2,1,0,2,1,1,2,1
2009-09-27,39,260,33,35,40,30,23,18,21,8,3,2,1,0,2,1,1,2,1
2009-09-29,39,261,33,35,40,30,23,18,21,8,3,2,1,0,2,1,1,2,1
2009-10-02,39,262,33,35,40,30,23,18,21,8,3,2,1,0,2,1,1,2,1
2009-11-22,39,262,33,35,40,30,23,19,21,8,3,2,1,0,2,1,1,2,1
2009-11-27,39,263,33,35,40,30,23,19,21,8,3,2,1,0,2,1,1,2,1
2009-11-29,39,263,33,35,40,30,23,20,21,8,3,2,1,0,2,1,1,2,1
2010-02-28,39,263,33,35,40,30,23,20,21,9,3,2,1,0,2,1,1,2,1
2010-03-02,39,263,33,35,40,30,23,20,21,10,3,2,1,0,2,1,1,2,1
2010-03-05,39,263,33,35,40,30,23,20,21,11,3,2,1,0,2,1,1,2,1
2010-06-19,39,263,33,35,40,30,23,20,21,11,3,2,2,0,2,1,1,2,1
2010-06-22,40,263,33,35,40,30,23,20,21,11,3,2,2,0,2,1,1,2,1
2010-06-24,41,263,33,35,40,30,23,20,21,11,3,2,2,0,2,1,1,2,1
2010-06-27,42,263,33,35,40,30,23,20,21,11,3,2,2,0,2,1,1,2,1
2010-06-30,42,264,33,35,40,30,23,20,21,11,3,2,2,0,2,1,1,2,1
2010-07-03,42,265,33,35,40,30,23,20,21,11,3,2,2,0,2,1,1,2,1
2010-07-08,42,265,33,35,40,30,23,20,21,12,3,2,2,0,2,1,1,2,1
2010-07-10,42,266,33,35,40,30,23,20,21,12,3,2,2,0,2,1,1,2,1
2010-07-12,42,266,33,35,40,30,23,20,21,13,3,2,2,0,2,1,1,2,1
2010-09-10,42,266,33,36,40,30,23,20,21,13,3,2,2,0,2,1,1,2,1
2010-09-12,42,266,33,37,40,30,23,20,21,13,3,2,2,0,2,1,1,2,1
2010-09-17,42,267,33,37,40,30,23,20,21,13,3,2,2,0,2,1,1,2,1
2010-09-20,42,268,33,37,40,30,23,20,21,13,3,2,2,0,2,1,1,2,1
2010-09-22,42,268,33,38,40,30,23,20,21,13,3,2,2,0,2,1,1,2,1
2011-01-16,42,269,33,38,40,30,23,20,21,13,3,2,2,0,2,1,1,2,1
2011-01-21,42,270,33,38,40,30,23,20,21,13,3,2,2,0,2,1,1,2,1
2011-01-23,42,271,33,38,40,30,23,20,21,13,3,2,2,0,2,1,1,2,1
2011-01-26,43,271,33,38,40,30,23,20,21,13,3,2,2,0,2,1,1,2,1
2011-01-30,43,272,33,38,40,30,23,20,21,13,3,2,2,0,2,1,1,2,1
2011-02-02,43,273,33,38,40,30,23,20,21,13,3,2,2,0,2,1,1,2,1
2011-02-06,43,274,33,38,40,30,23,20,21,13,3,2,2,0,2,1,1,2,1
2011-02-22,43,274,33,38,40,30,23,20,21,13,3,2,2,0,3,1,1,2,1
2011-02-27,43,274,33,38,40,31,23,20,21,13,3,2,2,0,3,1,1,2,1
2011-03-02,43,275,33,38,40,31,23,20,21,13,3,2,2,0,3,1,1,2,1
2011-03-06,43,275,33,38,40,31,23,21,21,13,3,2,2,0,3,1,1,2,1
2011-03-11,43,276,33,38,40,31,23,21,21,13,3,2,2,0,3,1,1,2,1
2011-03-17,43,276,33,38,41,31,23,21,21,13,3,2,2,0,3,1,1,2,1
2011-03-26,43,277,33,38,41,31,23,21,21,13,3,2,2,0,3,1,1,2,1
2011-06-28,43,277,33,38,41,31,24,21,21,13,3,2,2,0,3,1,1,2,1
2011-07-01,43,278,33,38,41,31,24,21,21,13,3,2,2,0,3,1,1,2,1
2011-07-03,43,279,33,38,41,31,24,21,21,13,3,2,2,0,3,1,1,2,1
2011-07-06,43,279,33,38,41,31,25,21,21,13,3,2,2,0,3,1,1,2,1
2011-07-09,43,279,33,38,41,31,26,21,21,13,3,2,2,0,3,1,1,2,1
2011-08-25,43,279,33,38,41,31,26,21,21,13,4,2,2,0,3,1,1,2,1
2011-09-03,43,280,33,38,41,31,26,21,21,13,4,2,2,0,3,1,1,2,1
2011-09-06,43,280,33,38,41,32,26,21,21,13,4,2,2,0,3,1,1,2,1
2011-09-09,43,280,33,38,41,33,26,21,21,13,4,2,2,0,3,1,1,2,1
2011-09-11,43,281,33,38,41,33,26,21,21,13,4,2,2,0,3,1,1,2,1
2011-09-16,43,281,33,38,41,34,26,21,21,13,4,2,2,0,3,1,1,2,1
2011-10-14,43,282,33,38,41,34,26,21,21,13,4,2,2,0,3,1,1,2,1
2011-10-17,43,283,33,38,41,34,26,21,21,13,4,2,2,0,3,1,1,2,1
2011-10-20,43,284,33,38,41,34,26,21,21,13,4,2,2,0,3,1,1,2,1
2011-10-23,43,285,33,38,41,34,26,21,21,13,4,2,2,0,3,1,1,2,1
2011-10-25,43,286,33,38,41,34,26,21,21,13,4,2,2,0,3,1,1,2,1
2012-02-13,43,286,33,39,41,34,26,21,21,13,4,2,2,0,3,1,1,2,1
2012-02-15,43,286,33,40,41,34,26,21,21,13,4,2,2,0,3,1,1,2,1
2012-02-18,43,286,33,41,41,34,26,21,21,13,4,2,2,0,3,1,1,2,1
2012-02-21,43,286,33,42,41,34,26,21,21,13,4,2,2,0,3,1,1,2,1
2012-06-16,43,286,33,42,42,34,26,21,21,13,4,2,2,0,3,1,1,2,1
2012-06-19,43,286,33,42,43,34,26,21,21,13,4,2,2,0,3,1,1,2,1
2012-06-29,44,286,33,42,43,34,26,21,21,13,4,2,2,0,3,1,1,2,1
2012-07-01,45,286,33,42,43,34,26,21,21,13,4,2,2,0,3,1,1,2,1
2012-07-07,46,286,33,42,43,34,26,21,21,13,4,2,2,0,3,1,1,2,1
2012-07-10,47,286,33,42,43,34,26,21,21,13,4,2,2,0,3,1,1,2,1
2012-08-24,47,287,33,42,43,34,26,21,21,13,4,2,2,0,3,1,1,2,1
2012-08-28,47,288,33,42,43,34,26,21,21,13,4,2,2,0,3,1,1,2,1
2012-08-31,47,288,33,42,43,34,26,22,21,13,4,2,2,0,3,1,1,2,1
2012-09-02,47,288,33,42,43,34,26,23,21,13,4,2,2,0,3,1,1,2,1
2012-09-05,47,289,33,42,43,34,26,23,21,13,4,2,2,0,3,1,1,2,1
2013-01-11,47,289,33,42,43,35,26,23,21,13,4,2,2,0,3,1,1,2,1
2013-01-15,47,290,33,42,43,35,26,23,21,13,4,2,2,0,3,1,1,2,1
2013-01-19,47,291,33,42,43,35,26,23,21,13,4,2,2,0,3,1,1,2,1
2013-01-23,47,292,33,42,43,35,26,23,21,13,4,2,2,0,3,1,1,2,1
2013-01-27,47,292,33,42,43,36,26,23,21,13,4,2,2,0,3,1,1,2,1
2013-02-17,47,293,33,42,43,36,26,23,21,13,4,2,2,0,3,1,1,2,1
2013-02-20,47,293,34,42,43,36,26,23,21,13,4,2,2,0,3,1,1,2,1
2013-02-23,47,293,35,42,43,36,26,23,21,13,4,2,2,0,3,1,1,2,1
2013-05-31,47,294,35,42,43,36,26,23,21,13,4,2,2,0,3,1,1,2,1
2013-06-02,47,295,35,42,43,36,26,23,21,13,4,2,2,0,3,1,1,2,1
2013-06-05,47,295,36,42,43,36,26,23,21,13,4,2,2,0,3,1,1,2,1
2013-06-08,48,295,36,42,43,36,26,23,21,13,4,2,2,0,3,1,1,2,1
2013-06-13,48,296,36,42,43,36,26,23,21,13,4,2,2,0,3,1,1,2,1
2013-06-16,48,296,37,42,43,36,26,23,21,13,4,2,2,0,3,1,1,2,1
2013-06-19,48,296,37,42,43,36,26,24,21,13,4,2,2,0,3,1,1,2,1
2013-06-23,48,297,37,42,43,36,26,24,21,13,4,2,2,0,3,1,1,2,1
2013-09-03,48,297,37,42,43,36,26,24,21,13,5,2,2,0,3,1,1,2,1
2013-09-08,48,298,37,42,43,36,26,24,21,13,5,2,2,0,3,1,1,2,1
2013-09-11,48,299,37,42,43,36,26,24,21,13,5,2,2,0,3,1,1,2,1
2013-09-14,49,299,37,42,43,36,26,24,21,13,5,2,2,0,3,1,1,2,1
2013-09-16,49,300,37,42,43,36,26,24,21,13,5,2,2,0,3,1,1,2,1
2014-01-12,49,301,37,42,43,36,26,24,21,13,5,2,2,0,3,1,1,2,1
2014-01-17,49,302,37,42,43,36,26,24,21,13,5,2,2,0,3,1,1,2,1
2014-01-19,49,303,37,42,43,36,26,24,21,13,5,2,2,0,3,1,1,2,1
2014-01-24,50,303,37,42,43,36,26,24,21,13,5,2,2,0,3,1,1,2,1
2014-01-26,50,304,37,42,43,36,26,24,21,13,5,2,2,0,3,1,1,2,1
2014-02-28,50,305,37,42,43,36,26,24,21,13,5,2,2,0,3,1,1,2,1
2014-03-02,50,305,37,42,44,36,26,24,21,13,5,2,2,0,3,1,1,2,1
2014-03-05,50,305,37,42,45,36,26,24,21,13,5,2,2,0,3,1,1,2,1
2014-05-09,50,305,37,42,45,36,26,24,21,13,5,2,3,0,3,1,1,2,1
2014-05-22,50,305,37,42,45,36,27,24,21,13,5,2,3,0,3,1,1,2,1
2014-05-25,50,306,37,42,45,36,27,24,21,13,5,2,3,0,3,1,1,2,1
2014-05-28,50,306,37,42,45,36,28,24,21,13,5,2,3,0,3,1,1,2,1
2014-05-31,50,307,37,42,45,36,28,24,21,13,5,2,3,0,3,1,1,2,1
2014-06-03,50,308,37,42,45,36,28,24,21,13,5,2,3,0,3,1,1,2,1
2014-08-27,50,309,37,42,45,36,28,24,21,13,5,2,3,0,3,1,1,2,1
2014-08-30,50,310,37,42,45,36,28,24,21,13,5,2,3,0,3,1,1,2,1
2014-09-02,50,311,37,42,45,36,28,24,21,13,5,2,3,0,3,1,1,2,1
2014-09-05,50,311,37,42,45,37,28,24,21,13,5,2,3,0,3,1,1,2,1
2014-11-26,50,312,37,42,45,37,28,24,21,13,5,2,3,0,3,1,1,2,1
2014-11-29,50,313,37,42,45,37,28,24,21,13,5,2,3,0,3,1,1,2,1
2014-12-03,50,313,37,42,45,37,29,24,21,13,5,2,3,0,3,1,1,2,1
2014-12-07,50,314,37,42,45,37,29,24,21,13,5,2,3,0,3,1,1,2,1
2014-12-10,50,314,37,42,45,37,30,24,21,13,5,2,3,0,3,1,1,2,1
2014-12-13,50,315,37,42,45,37,30,24,21,13,5,2,3,0,3,1,1,2,1
2014-12-16,50,316,37,42,45,37,30,24,21,13,5,2,3,0,3,1,1,2,1
2015-01-16,50,317,37,42,45,37,30,24,21,13,5,2,3,0,3,1,1,2,1
2015-01-20,50,317,37,42,45,38,30,24,21,13,5,2,3,0,3,1,1,2,1
2015-01-23,50,318,37,42,45,38,30,24,21,13,5,2,3,0,3,1,1,2,1
2015-01-30,50,318,37,42,45,39,30,24,21,13,5,2,3,0,3,1,1,2,1
2015-02-01,50,319,37,42,45,39,30,24,21,13,5,2,3,0,3,1,1,2,1
2015-02-14,50,320,37,42,45,39,30,24,21,13,5,2,3,0,3,1,1,2,1
2015-02-20,50,321,37,42,45,39,30,24,21,13,5,2,3,0,3,1,1,2,1
2015-02-23,50,321,37,42,45,39,30,24,21,13,5,2,4,0,3,1,1,2,1
2015-03-01,50,322,37,42,45,39,30,24,21,13,5,2,4,0,3,1,1,2,1
2015-03-09,50,323,37,42,45,39,30,24,21,13,5,2,4,0,3,1,1,2,1
2015-03-13,50,323,37,42,45,39,30,24,21,13,5,2,4,1,3,1,1,2,1
2015-05-08,50,323,37,42,45,39,30,24,21,13,6,2,4,1,3,1,1,2,1
2015-06-09,50,323,38,42,45,39,30,24,21,13,6,2,4,1,3,1,1,2,1
2015-06-12,50,324,38,42,45,39,30,24,21,13,6,2,4,1,3,1,1,2,1
2015-06-14,50,325,38,42,45,39,30,24,21,13,6,2,4,1,3,1,1,2,1
2015-06-17,50,325,39,42,45,39,30,24,21,13,6,2,4,1,3,1,1,2,1
2015-06-20,50,325,40,42,45,39,30,24,21,13,6,2,4,1,3,1,1,2,1
2015-09-03,50,326,40,42,45,39,30,24,21,13,6,2,4,1,3,1,1,2,1
2015-09-05,50,327,40,42,45,39,30,24,21,13,6,2,4,1,3,1,1,2,1
2015-09-08,51,327,40,42,45,39,30,24,21,13,6,2,4,1,3,1,1,2,1
2015-09-11,52,327,40,42,45,39,30,24,21,13,6,2,4,1,3,1,1,2,1
2015-09-13,52,328,40,42,45,39,30,24,21,13,6,2,4,1,3,1,1,2,1
2015-11-11,52,329,40,42,45,39,30,24,21,13,6,2,4,1,3,1,1,2,1
2015-11-13,52,329,40,43,45,39,30,24,21,13,6,2,4,1,3,1,1,2,1
2015-11-17,52,329,40,44,45,39,30,24,21,13,6,2,4,1,3,1,1,2,1
2015-11-20,52,329,40,45,45,39,30,24,21,13,6,2,4,1,3,1,1,2,1
2016-02-03,52,329,40,45,45,39,30,25,21,13,6,2,4,1,3,1,1,2,1
2016-02-06,52,329,40,45,45,39,30,26,21,13,6,2,4,1,3,1,1,2,1
2016-02-09,52,330,40,45,45,39,30,26,21,13,6,2,4,1,3,1,1,2,1
2016-02-12,52,331,40,45,45,39,30,26,21,13,6,2,4,1,3,1,1,2,1
2016-02-14,52,332,40,45,45,39,30,26,21,13,6,2,4,1,3,1,1,2,1
2016-06-21,52,333,40,45,45,39,30,26,21,13,6,2,4,1,3,1,1,2,1
2016-06-24,52,333,40,45,45,39,31,26,21,13,6,2,4,1,3,1,1,2,1
2016-06-26,52,334,40,45,45,39,31,26,21,13,6,2,4,1,3,1,1,2,1
2016-06-29,52,334,40,45,45,39,32,26,21,13,6,2,4,1,3,1,1,2,1
2016-07-02,52,334,40,45,45,39,33,26,21,13,6,2,4,1,3,1,1,2,1
2016-08-24,52,334,40,46,45,39,33,26,21,13,6,2,4,1,3,1,1,2,1
2016-08-27,52,334,40,47,45,39,33,26,21,13,6,2,4,1,3,1,1,2,1
2016-08-30,52,334,40,48,45,39,33,26,21,13,6,2,4,1,3,1,1,2,1
2016-09-01,52,334,40,49,45,39,33,26,21,13,6,2,4,1,3,1,1,2,1
2016-09-04,52,335,40,49,45,39,33,26,21,13,6,2,4,1,3,1,1,2,1
2016-10-07,52,335,40,49,45,39,33,26,21,14,6,2,4,1,3,1,1,2,1
2016-10-09,52,336,40,49,45,39,33,26,21,14,6,2,4,1,3,1,1,2,1
2016-10-12,52,336,40,49,45,39,33,26,21,15,6,2,4,1,3,1,1,2,1
2017-01-15,52,337,40,49,45,39,33,26,21,15,6,2,4,1,3,1,1,2,1
2017-01-19,52,338,40,49,45,39,33,26,21,15,6,2,4,1,3,1,1,2,1
2017-01-22,52,338,40,49,45,40,33,26,21,15,6,2,4,1,3,1,1,2,1
2017-03-03,52,338,40,49,46,40,33,26,21,15,6,2,4,1,3,1,1,2,1
2017-03-05,52,338,40,49,47,40,33,26,21,15,6,2,4,1,3,1,1,2,1
2017-03-09,52,338,40,49,48,40,33,26,21,15,6,2,4,1,3,1,1,2,1
2017-05-05,52,338,40,49,48,40,33,26,21,15,7,2,4,1,3,1,1,2,1
2017-05-07,52,338,40,49,48,40,33,26,21,15,8,2,4,1,3,1,1,2,1
2017-05-24,52,338,40,49,48,40,33,27,21,15,8,2,4,1,3,1,1,2,1
2017-05-27,52,338,40,49,48,40,33,28,21,15,8,2,4,1,3,1,1,2,1
2017-05-29,52,339,40,49,48,40,33,28,21,15,8,2,4,1,3,1,1,2,1
2017-06-01,52,339,40,49,48,40,33,28,21,16,8,2,4,1,3,1,1,2,1
2017-06-06,52,339,41,49,48,40,33,28,21,16,8,2,4,1,3,1,1,2,1
2017-06-10,53,339,41,49,48,40,33,28,21,16,8,2,4,1,3,1,1,2,1
2017-06-14,53,340,41,49,48,40,33,28,21,16,8,2,4,1,3,1,1,2,1
2017-09-19,53,340,41,49,49,40,33,28,21,16,8,2,4,1,3,1,1,2,1
2017-09-21,53,341,41,49,49,40,33,28,21,16,8,2,4,1,3,1,1,2,1
2017-09-24,53,341,41,49,50,40,33,28,21,16,8,2,4,1,3,1,1,2,1
2017-09-27,53,341,41,49,51,40,33,28,21,16,8,2,4,1,3,1,1,2,1
2017-09-29,53,341,41,49,52,40,33,28,21,16,8,2,4,1,3,1,1,2,1
2018-01-14,54,341,41,49,52,40,33,28,21,16,8,2,4,1,3,1,1,2,1
2018-01-19,55,341,41,49,52,40,33,28,21,16,8,2,4,1,3,1,1,2,1
2018-01-21,56,341,41,49,52,40,33,28,21,16,8,2,4,1,3,1,1,2,1
2018-01-26,56,342,41,49,52,40,33,28,21,16,8,2,4,1,3,1,1,2,1
2018-01-28,57,342,41,49,52,40,33,28,21,16,8,2,4,1,3,1,1,2,1
2018-02-25,57,343,41,49,52,40,33,28,21,16,8,2,4,1,3,1,1,2,1
2018-02-28,57,343,42,49,52,40,33,28,21,16,8,2,4,1,3,1,1,2,1
2018-03-03,57,343,43,49,52,40,33,28,21,16,8,2,4,1,3,1,1,2,1
2018-03-07,57,344,43,49,52,40,33,28,21,16,8,2,4,1,3,1,1,2,1
2018-03-10,57,344,44,49,52,40,33,28,21,16,8,2,4,1,3,1,1,2,1
2018-06-10,57,345,44,49,52,40,33,28,21,16,8,2,4,1,3,1,1,2,1
2018-06-13,58,345,44,49,52,40,33,28,21,16,8,2,4,1,3,1,1,2,1
2018-06-16,59,345,44,49,52,40,33,28,21,16,8,2,4,1,3,1,1,2,1
2018-06-19,60,345,44,49,52,40,33,28,21,16,8,2,4,1,3,1,1,2,1
2018-06-21,61,345,44,49,52,40,33,28,21,16,8,2,4,1,3,1,1,2,1
2018-06-24,62,345,44,49,52,40,33,28,21,16,8,2,4,1,3,1,1,2,1
2018-07-12,62,346,44,49,52,40,33,28,21,16,8,2,4,1,3,1,1,2,1
2018-07-14,62,346,44,49,52,41,33,28,21,16,8,2,4,1,3,1,1,2,1
2018-07-17,62,346,44,49,52,42,33,28,21,16,8,2,4,1,3,1,1,2,1
2018-10-10,62,346,44,49,52,42,34,28,21,16,8,2,4,1,3,1,1,2,1
2018-10-13,62,346,44,49,52,42,35,28,21,16,8,2,4,1,3,1,1,2,1
2018-10-17,62,346,44,49,52,42,36,28,21,16,8,2,4,1,3,1,1,2,1
2018-10-20,62,346,44,49,52,42,37,28,21,16,8,2,4,1,3,1,1,2,1
2018-10-23,62,347,44,49,52,42,37,28,21,16,8,2,4,1,3,1,1,2,1
2019-02-20,62,347,44,49,53,42,37,28,21,16,8,2,4,1,3,1,1,2,1
2019-02-22,62,348,44,49,53,42,37,28,21,16,8,2,4,1,3,1,1,2,1
2019-02-25,62,348,44,49,54,42,37,28,21,16,8,2,4,1,3,1,1,2,1
2019-02-27,62,348,44,49,55,42,37,28,21,16,8,2,4,1,3,1,1,2,1
2019-03-02,62,349,44,49,55,42,37,28,21,16,8,2,4,1,3,1,1,2,1
2019-05-03,62,349,44,49,55,42,37,28,21,16,9,2,4,1,3,1,1,2,1
2019-05-08,62,350,44,49,55,42,37,28,21,16,9,2,4,1,3,1,1,2,1
2019-05-11,62,350,44,50,55,42,37,28,21,16,9,2,4,1,3,1,1,2,1
2019-05-14,62,350,44,51,55,42,37,28,21,16,9,2,4,1,3,1,1,2,1
2019-05-17,62,350,44,52,55,42,37,28,21,16,9,2,4,1,3,1,1,2,1
2019-05-19,62,350,44,53,55,42,37,28,21,16,9,2,4,1,3,1,1,2,1
2019-05-30,62,350,44,53,55,42,37,29,21,16,9,2,4,1,3,1,1,2,1
2019-06-03,62,351,44,53,55,42,37,29,21,16,9,2,4,1,3,1,1,2,1
2019-06-08,62,351,44,53,55,42,37,29,21,17,9,2,4,1,3,1,1,2,1
2019-06-14,62,351,44,53,56,42,37,29,21,17,9,2,4,1,3,1,1,2,1
2019-06-18,62,351,44,53,56,42,37,29,21,17,9,2,4,2,3,1,1,2,1
2019-06-21,62,352,44,53,56,42,37,29,21,17,9,2,4,2,3,1,1,2,1
2019-06-25,62,353,44,53,56,42,37,29,21,17,9,2,4,2,3,1,1,2,1
2019-06-30,62,353,44,53,56,43,37,29,21,17,9,2,4,2,3,1,1,2,1
2019-07-03,62,353,45,53,56,43,37,29,21,17,9,2,4,2,3,1,1,2,1
2019-07-11,63,353,45,53,56,43,37,29,21,17,9,2,4,2,3,1,1,2,1
2019-07-14,63,354,45,53,56,43,37,29,21,17,9,2,4,2,3,1,1,2,1
2020-02-04,63,355,45,53,56,43,37,29,21,17,9,2,4,2,3,1,1,2,1
2020-02-07,63,355,45,53,56,43,37,30,21,17,9,2,4,2,3,1,1,2,1
2020-02-09,63,355,45,53,56,43,37,31,21,17,9,2,4,2,3,1,1,2,1
2020-07-30,63,355,45,53,56,43,37,31,21,17,10,2,4,2,3,1,1,2,1
2020-08-01,63,355,45,53,56,43,37,31,21,17,11,2,4,2,3,1,1,2,1
2020-08-04,63,356,45,53,56,43,37,31,21,17,11,2,4,2,3,1,1,2,1
2020-09-11,63,357,45,53,56,43,37,31,21,17,11,2,4,2,3,1,1,2,1
2020-09-13,64,357,45,53,56,43,37,31,21,17,11,2,4,2,3,1,1,2,1
2020-09-16,64,358,45,53,56,43,37,31,21,17,11,2,4,2,3,1,1,2,1
2021-03-23,64,359,45,53,56,43,37,31,21,17,11,2,4,2,3,1,1,2,1
2021-03-26,64,359,45,53,56,44,37,31,21,17,11,2,4,2,3,1,1,2,1
2021-03-28,64,360,45,53,56,44,37,31,21,17,11,2,4,2,3,1,1,2,1
2021-06-29,64,360,45,53,56,44,38,31,21,17,11,2,4,2,3,1,1,2,1
2021-07-01,64,360,45,53,56,44,39,31,21,17,11,2,4,2,3,1,1,2,1
2021-07-04,64,361,45,53,56,44,39,31,21,17,11,2,4,2,3,1,1,2,1
2021-07-08,64,361,45,54,56,44,39,31,21,17,11,2,4,2,3,1,1,2,1
2021-07-10,64,361,45,55,56,44,39,31,21,17,11,2,4,2,3,1,1,2,1
2021-07-13,64,361,45,56,56,44,39,31,21,17,11,2,4,2,3,1,1,2,1
2022-06-17,64,361,45,56,56,44,39,31,21,17,11,2,4,2,4,1,1,2,1
2022-06-19,64,361,45,56,56,44,39,31,21,17,11,2,4,2,5,1,1,2,1
2022-06-22,64,361,45,56,56,44,39,31,21,17,11,2,4,2,6,1,1,2,1
2022-07-12,64,362,45,56,56,44,39,31,21,17,11,2,4,2,6,1,1,2,1
2022-07-14,64,362,45,56,56,45,39,31,21,17,11,2,4,2,6,1,1,2,1
2022-07-17,64,363,45,56,56,45,39,31,21,17,11,2,4,2,6,1,1,2,1
2022-07-19,64,364,45,56,56,45,39,31,21,17,11,2,4,2,6,1,1,2,1
2022-07-22,64,364,45,56,56,45,39,32,21,17,11,2,4,2,6,1,1,2,1
2022-07-24,64,365,45,56,56,45,39,32,21,17,11,2,4,2,6,1,1,2,1
2022-11-17,64,366,45,56,56,45,39,32,21,17,11,2,4,2,6,1,1,2,1
2022-11-19,64,367,45,56,56,45,39,32,21,17,11,2,4,2,6,1,1,2,1
2022-11-22,64,368,45,56,56,45,39,32,21,17,11,2,4,2,6,1,1,2,1
