,England,Sri Lanka,Pakistan,Australia,New Zealand,West Indies,India,South Africa,Kenya,Bangladesh,Scotland,Zimbabwe,Canada,Netherlands,Ireland,Bermuda,U.A.E.,P.N.G.,Afghanistan
9/5/1973,0,0,0,0,0,1,0,0,0,0,0,0,0,0,0,0,0,0,0
9/7/1973,1,0,0,0,0,1,0,0,0,0,0,0,0,0,0,0,0,0,0
6/7/1975,1,1,0,0,0,1,0,0,0,0,0,0,0,0,0,0,0,0,0
6/11/1975,1,1,1,0,0,1,0,0,0,0,0,0,0,0,0,0,0,0,0
6/14/1975,1,1,1,1,0,1,0,0,0,0,0,0,0,0,0,0,0,0,0
6/18/1975,1,1,1,1,1,1,0,0,0,0,0,0,0,0,0,0,0,0,0
6/21/1975,1,1,1,2,1,1,0,0,0,0,0,0,0,0,0,0,0,0,0
12/20/1975,1,1,1,2,1,2,0,0,0,0,0,0,0,0,0,0,0,0,0
8/26/1976,2,1,1,2,1,2,0,0,0,0,0,0,0,0,0,0,0,0,0
8/28/1976,3,1,1,2,1,2,0,0,0,0,0,0,0,0,0,0,0,0,0
8/30/1976,4,1,1,2,1,2,0,0,0,0,0,0,0,0,0,0,0,0,0
3/16/1977,4,1,2,2,1,2,0,0,0,0,0,0,0,0,0,0,0,0,0
2/22/1978,4,1,2,3,1,2,0,0,0,0,0,0,0,0,0,0,0,0,0
4/12/1978,4,1,2,3,1,3,0,0,0,0,0,0,0,0,0,0,0,0,0
6/9/1979,4,1,2,3,1,3,1,0,0,0,0,0,0,0,0,0,0,0,0
6/16/1979,4,1,2,3,2,3,1,0,0,0,0,0,0,0,0,0,0,0,0
6/20/1979,4,1,3,3,2,3,1,0,0,0,0,0,0,0,0,0,0,0,0
6/23/1979,5,1,3,3,2,3,1,0,0,0,0,0,0,0,0,0,0,0,0
11/27/1979,5,1,3,3,2,4,1,0,0,0,0,0,0,0,0,0,0,0,0
11/28/1979,5,1,3,3,2,5,1,0,0,0,0,0,0,0,0,0,0,0,0
12/9/1979,5,1,3,4,2,5,1,0,0,0,0,0,0,0,0,0,0,0,0
12/21/1979,5,1,3,4,2,6,1,0,0,0,0,0,0,0,0,0,0,0,0
12/23/1979,6,1,3,4,2,6,1,0,0,0,0,0,0,0,0,0,0,0,0
1/16/1980,7,1,3,4,2,6,1,0,0,0,0,0,0,0,0,0,0,0,0
1/18/1980,7,1,3,4,2,7,1,0,0,0,0,0,0,0,0,0,0,0,0
1/20/1980,8,1,3,4,2,7,1,0,0,0,0,0,0,0,0,0,0,0,0
1/22/1980,9,1,3,4,2,7,1,0,0,0,0,0,0,0,0,0,0,0,0
2/6/1980,9,1,3,4,2,8,1,0,0,0,0,0,0,0,0,0,0,0,0
5/28/1980,10,1,3,4,2,8,1,0,0,0,0,0,0,0,0,0,0,0,0
5/30/1980,10,1,3,4,2,9,1,0,0,0,0,0,0,0,0,0,0,0,0
11/21/1980,10,1,4,4,2,9,1,0,0,0,0,0,0,0,0,0,0,0,0
12/5/1980,10,1,5,4,2,9,1,0,0,0,0,0,0,0,0,0,0,0,0
12/19/1980,10,1,6,4,2,9,1,0,0,0,0,0,0,0,0,0,0,0,0
2/4/1981,11,1,6,4,2,9,1,0,0,0,0,0,0,0,0,0,0,0,0
2/26/1981,12,1,6,4,2,9,1,0,0,0,0,0,0,0,0,0,0,0,0
11/21/1981,12,1,7,4,2,9,1,0,0,0,0,0,0,0,0,0,0,0,0
11/24/1981,12,1,7,4,2,10,1,0,0,0,0,0,0,0,0,0,0,0,0
12/5/1981,12,1,7,4,2,11,1,0,0,0,0,0,0,0,0,0,0,0,0
12/19/1981,12,1,8,4,2,11,1,0,0,0,0,0,0,0,0,0,0,0,0
12/20/1981,12,1,8,5,2,11,1,0,0,0,0,0,0,0,0,0,0,0,0
1/10/1982,12,1,8,6,2,11,1,0,0,0,0,0,0,0,0,0,0,0,0
1/12/1982,12,1,9,6,2,11,1,0,0,0,0,0,0,0,0,0,0,0,0
1/16/1982,12,1,10,6,2,11,1,0,0,0,0,0,0,0,0,0,0,0,0
1/17/1982,12,1,10,7,2,11,1,0,0,0,0,0,0,0,0,0,0,0,0
1/19/1982,12,1,10,7,2,12,1,0,0,0,0,0,0,0,0,0,0,0,0
1/23/1982,12,1,10,8,2,12,1,0,0,0,0,0,0,0,0,0,0,0,0
1/24/1982,12,1,10,9,2,12,1,0,0,0,0,0,0,0,0,0,0,0,0
1/26/1982,12,1,10,9,2,13,1,0,0,0,0,0,0,0,0,0,0,0,0
1/27/1982,12,1,10,10,2,13,1,0,0,0,0,0,0,0,0,0,0,0,0
3/9/1983,12,1,10,10,2,13,2,0,0,0,0,0,0,0,0,0,0,0,0
3/29/1983,12,1,10,10,2,14,2,0,0,0,0,0,0,0,0,0,0,0,0
4/7/1983,12,1,10,10,2,14,3,0,0,0,0,0,0,0,0,0,0,0,0
6/9/1983,12,1,10,10,2,15,3,0,0,0,0,0,0,0,0,0,0,0,0
6/11/1983,12,1,10,11,2,15,3,0,0,0,0,0,0,0,0,0,0,0,0
6/13/1983,12,1,10,11,2,15,3,0,0,0,0,1,0,0,0,0,0,0,0
6/15/1983,12,1,10,11,2,15,4,0,0,0,0,1,0,0,0,0,0,0,0
6/18/1983,12,1,10,12,2,15,4,0,0,0,0,1,0,0,0,0,0,0,0
6/20/1983,12,1,10,12,2,15,4,0,0,0,0,2,0,0,0,0,0,0,0
6/22/1983,12,1,11,12,2,15,4,0,0,0,0,2,0,0,0,0,0,0,0
6/25/1983,12,1,11,12,2,16,4,0,0,0,0,2,0,0,0,0,0,0,0
10/13/1983,12,1,11,12,2,16,5,0,0,0,0,2,0,0,0,0,0,0,0
11/9/1983,12,1,11,12,2,16,6,0,0,0,0,2,0,0,0,0,0,0,0
12/1/1983,12,1,11,12,2,16,7,0,0,0,0,2,0,0,0,0,0,0,0
12/7/1983,12,1,11,12,2,16,8,0,0,0,0,2,0,0,0,0,0,0,0
12/17/1983,12,1,11,12,2,16,9,0,0,0,0,2,0,0,0,0,0,0,0
1/8/1984,12,1,11,13,2,16,9,0,0,0,0,2,0,0,0,0,0,0,0
1/12/1984,12,1,11,13,2,17,9,0,0,0,0,2,0,0,0,0,0,0,0
1/14/1984,12,1,12,13,2,17,9,0,0,0,0,2,0,0,0,0,0,0,0
1/17/1984,12,1,12,14,2,17,9,0,0,0,0,2,0,0,0,0,0,0,0
1/19/1984,12,1,13,14,2,17,9,0,0,0,0,2,0,0,0,0,0,0,0
1/22/1984,12,1,13,15,2,17,9,0,0,0,0,2,0,0,0,0,0,0,0
1/28/1984,12,1,14,15,2,17,9,0,0,0,0,2,0,0,0,0,0,0,0
1/29/1984,12,1,14,16,2,17,9,0,0,0,0,2,0,0,0,0,0,0,0
2/4/1984,12,1,15,16,2,17,9,0,0,0,0,2,0,0,0,0,0,0,0
2/5/1984,12,1,15,16,2,18,9,0,0,0,0,2,0,0,0,0,0,0,0
2/8/1984,12,1,15,17,2,18,9,0,0,0,0,2,0,0,0,0,0,0,0
2/11/1984,12,1,15,18,2,18,9,0,0,0,0,2,0,0,0,0,0,0,0
2/12/1984,12,1,15,19,2,18,9,0,0,0,0,2,0,0,0,0,0,0,0
2/29/1984,12,1,15,20,2,18,9,0,0,0,0,2,0,0,0,0,0,0,0
3/14/1984,12,1,15,20,2,19,9,0,0,0,0,2,0,0,0,0,0,0,0
4/19/1984,12,1,15,21,2,19,9,0,0,0,0,2,0,0,0,0,0,0,0
4/26/1984,12,1,15,22,2,19,9,0,0,0,0,2,0,0,0,0,0,0,0
5/31/1984,13,1,15,22,2,19,9,0,0,0,0,2,0,0,0,0,0,0,0
6/2/1984,13,1,15,22,2,20,9,0,0,0,0,2,0,0,0,0,0,0,0
6/4/1984,14,1,15,22,2,20,9,0,0,0,0,2,0,0,0,0,0,0,0
1/6/1985,14,1,15,23,2,20,9,0,0,0,0,2,0,0,0,0,0,0,0
1/10/1985,14,2,15,23,2,20,9,0,0,0,0,2,0,0,0,0,0,0,0
1/12/1985,14,3,15,23,2,20,9,0,0,0,0,2,0,0,0,0,0,0,0
1/13/1985,14,3,15,24,2,20,9,0,0,0,0,2,0,0,0,0,0,0,0
1/15/1985,14,3,15,25,2,20,9,0,0,0,0,2,0,0,0,0,0,0,0
1/17/1985,14,4,15,25,2,20,9,0,0,0,0,2,0,0,0,0,0,0,0
1/20/1985,14,4,15,26,2,20,9,0,0,0,0,2,0,0,0,0,0,0,0
1/26/1985,14,5,15,26,2,20,9,0,0,0,0,2,0,0,0,0,0,0,0
1/27/1985,14,5,15,27,2,20,9,0,0,0,0,2,0,0,0,0,0,0,0
2/2/1985,14,6,15,27,2,20,9,0,0,0,0,2,0,0,0,0,0,0,0
2/6/1985,14,6,15,27,2,21,9,0,0,0,0,2,0,0,0,0,0,0,0
2/10/1985,14,6,15,28,2,21,9,0,0,0,0,2,0,0,0,0,0,0,0
2/12/1985,14,6,15,29,2,21,9,0,0,0,0,2,0,0,0,0,0,0,0
2/19/1985,14,6,15,29,3,21,9,0,0,0,0,2,0,0,0,0,0,0,0
2/27/1985,14,7,15,29,3,21,9,0,0,0,0,2,0,0,0,0,0,0,0
3/6/1985,14,7,15,29,3,22,9,0,0,0,0,2,0,0,0,0,0,0,0
3/9/1985,14,7,15,29,4,22,9,0,0,0,0,2,0,0,0,0,0,0,0
3/20/1985,14,7,15,29,5,22,9,0,0,0,0,2,0,0,0,0,0,0,0
3/27/1985,14,7,15,29,6,22,9,0,0,0,0,2,0,0,0,0,0,0,0
4/14/1985,14,7,15,29,7,22,9,0,0,0,0,2,0,0,0,0,0,0,0
4/17/1985,14,7,15,29,8,22,9,0,0,0,0,2,0,0,0,0,0,0,0
4/23/1985,14,7,15,29,9,22,9,0,0,0,0,2,0,0,0,0,0,0,0
11/15/1985,14,7,16,29,9,22,9,0,0,0,0,2,0,0,0,0,0,0,0
11/22/1985,14,7,16,29,9,22,10,0,0,0,0,2,0,0,0,0,0,0,0
11/27/1985,14,7,17,29,9,22,10,0,0,0,0,2,0,0,0,0,0,0,0
11/29/1985,14,7,17,29,9,23,10,0,0,0,0,2,0,0,0,0,0,0,0
12/2/1985,14,7,18,29,9,23,10,0,0,0,0,2,0,0,0,0,0,0,0
12/4/1985,14,7,18,29,9,24,10,0,0,0,0,2,0,0,0,0,0,0,0
12/6/1985,14,7,19,29,9,24,10,0,0,0,0,2,0,0,0,0,0,0,0
2/18/1986,15,7,19,29,9,24,10,0,0,0,0,2,0,0,0,0,0,0,0
3/4/1986,15,7,19,29,9,25,10,0,0,0,0,2,0,0,0,0,0,0,0
3/19/1986,16,7,19,29,9,25,10,0,0,0,0,2,0,0,0,0,0,0,0
3/31/1986,17,7,19,29,9,25,10,0,0,0,0,2,0,0,0,0,0,0,0
10/17/1986,17,7,20,29,9,25,10,0,0,0,0,2,0,0,0,0,0,0,0
11/4/1986,17,7,21,29,9,25,10,0,0,0,0,2,0,0,0,0,0,0,0
11/14/1986,17,7,22,29,9,25,10,0,0,0,0,2,0,0,0,0,0,0,0
11/17/1986,17,7,23,29,9,25,10,0,0,0,0,2,0,0,0,0,0,0,0
11/18/1986,17,7,23,29,9,26,10,0,0,0,0,2,0,0,0,0,0,0,0
11/28/1986,17,7,24,29,9,26,10,0,0,0,0,2,0,0,0,0,0,0,0
11/30/1986,17,7,24,29,9,26,11,0,0,0,0,2,0,0,0,0,0,0,0
12/3/1986,17,8,24,29,9,26,11,0,0,0,0,2,0,0,0,0,0,0,0
12/30/1986,17,8,24,29,9,27,11,0,0,0,0,2,0,0,0,0,0,0,0
1/3/1987,17,8,24,29,9,28,11,0,0,0,0,2,0,0,0,0,0,0,0
1/4/1987,17,8,24,30,9,28,11,0,0,0,0,2,0,0,0,0,0,0,0
1/17/1987,17,8,24,30,9,29,11,0,0,0,0,2,0,0,0,0,0,0,0
1/20/1987,17,8,24,31,9,29,11,0,0,0,0,2,0,0,0,0,0,0,0
1/24/1987,17,8,24,31,9,30,11,0,0,0,0,2,0,0,0,0,0,0,0
1/25/1987,17,8,24,32,9,30,11,0,0,0,0,2,0,0,0,0,0,0,0
1/28/1987,17,8,24,32,9,31,11,0,0,0,0,2,0,0,0,0,0,0,0
1/30/1987,18,8,24,32,9,31,11,0,0,0,0,2,0,0,0,0,0,0,0
2/3/1987,18,8,24,32,9,32,11,0,0,0,0,2,0,0,0,0,0,0,0
2/6/1987,18,8,24,32,9,33,11,0,0,0,0,2,0,0,0,0,0,0,0
3/18/1987,18,8,24,32,10,33,11,0,0,0,0,2,0,0,0,0,0,0,0
3/21/1987,18,8,24,32,11,33,11,0,0,0,0,2,0,0,0,0,0,0,0
3/28/1987,18,8,24,32,12,33,11,0,0,0,0,2,0,0,0,0,0,0,0
10/9/1987,18,8,24,32,12,34,11,0,0,0,0,2,0,0,0,0,0,0,0
10/13/1987,18,9,24,32,12,34,11,0,0,0,0,2,0,0,0,0,0,0,0
10/16/1987,18,9,24,32,12,35,11,0,0,0,0,2,0,0,0,0,0,0,0
10/21/1987,18,10,24,32,12,35,11,0,0,0,0,2,0,0,0,0,0,0,0
10/26/1987,18,10,24,32,12,36,11,0,0,0,0,2,0,0,0,0,0,0,0
10/30/1987,18,10,25,32,12,36,11,0,0,0,0,2,0,0,0,0,0,0,0
12/8/1987,18,10,25,32,12,36,12,0,0,0,0,2,0,0,0,0,0,0,0
12/23/1987,18,10,25,32,12,36,13,0,0,0,0,2,0,0,0,0,0,0,0
1/2/1988,18,10,25,32,12,37,13,0,0,0,0,2,0,0,0,0,0,0,0
1/5/1988,18,10,25,32,12,37,14,0,0,0,0,2,0,0,0,0,0,0,0
1/7/1988,18,10,25,32,12,37,15,0,0,0,0,2,0,0,0,0,0,0,0
1/19/1988,18,10,25,32,12,37,16,0,0,0,0,2,0,0,0,0,0,0,0
1/22/1988,18,10,25,32,12,37,17,0,0,0,0,2,0,0,0,0,0,0,0
1/25/1988,18,10,25,32,12,37,18,0,0,0,0,2,0,0,0,0,0,0,0
3/12/1988,18,10,26,32,12,37,18,0,0,0,0,2,0,0,0,0,0,0,0
3/15/1988,18,10,27,32,12,37,18,0,0,0,0,2,0,0,0,0,0,0,0
3/18/1988,18,10,28,32,12,37,18,0,0,0,0,2,0,0,0,0,0,0,0
3/20/1988,18,10,29,32,12,37,18,0,0,0,0,2,0,0,0,0,0,0,0
3/30/1988,18,10,30,32,12,37,18,0,0,0,0,2,0,0,0,0,0,0,0
5/19/1988,18,10,30,32,12,38,18,0,0,0,0,2,0,0,0,0,0,0,0
5/21/1988,18,10,30,32,12,39,18,0,0,0,0,2,0,0,0,0,0,0,0
5/23/1988,18,10,30,32,12,40,18,0,0,0,0,2,0,0,0,0,0,0,0
10/16/1988,18,10,30,32,12,41,18,0,0,0,0,2,0,0,0,0,0,0,0
10/18/1988,18,10,30,32,12,42,18,0,0,0,0,2,0,0,0,0,0,0,0
10/21/1988,18,10,30,32,12,42,19,0,0,0,0,2,0,0,0,0,0,0,0
10/22/1988,18,10,31,32,12,42,19,0,0,0,0,2,0,0,0,0,0,0,0
12/10/1988,18,10,32,32,12,42,19,0,0,0,0,2,0,0,0,0,0,0,0
12/13/1988,18,10,32,33,12,42,19,0,0,0,0,2,0,0,0,0,0,0,0
12/15/1988,18,10,32,34,12,42,19,0,0,0,0,2,0,0,0,0,0,0,0
12/17/1988,18,10,33,34,12,42,19,0,0,0,0,2,0,0,0,0,0,0,0
1/1/1989,18,10,34,34,12,42,19,0,0,0,0,2,0,0,0,0,0,0,0
1/5/1989,18,10,34,34,12,43,19,0,0,0,0,2,0,0,0,0,0,0,0
1/7/1989,18,10,34,34,12,44,19,0,0,0,0,2,0,0,0,0,0,0,0
1/12/1989,18,10,34,34,12,45,19,0,0,0,0,2,0,0,0,0,0,0,0
1/14/1989,18,10,34,34,12,46,19,0,0,0,0,2,0,0,0,0,0,0,0
1/16/1989,18,10,34,35,12,46,19,0,0,0,0,2,0,0,0,0,0,0,0
1/18/1989,18,10,34,36,12,46,19,0,0,0,0,2,0,0,0,0,0,0,0
3/7/1989,18,10,34,36,12,46,20,0,0,0,0,2,0,0,0,0,0,0,0
3/9/1989,18,10,34,36,12,46,21,0,0,0,0,2,0,0,0,0,0,0,0
3/11/1989,18,10,34,36,12,46,22,0,0,0,0,2,0,0,0,0,0,0,0
3/18/1989,18,10,34,36,12,46,23,0,0,0,0,2,0,0,0,0,0,0,0
3/21/1989,18,10,34,36,12,46,24,0,0,0,0,2,0,0,0,0,0,0,0
10/13/1989,18,10,34,36,12,46,25,0,0,0,0,2,0,0,0,0,0,0,0
10/14/1989,18,10,34,36,12,47,25,0,0,0,0,2,0,0,0,0,0,0,0
10/16/1989,18,10,34,36,12,48,25,0,0,0,0,2,0,0,0,0,0,0,0
10/17/1989,18,10,34,36,12,49,25,0,0,0,0,2,0,0,0,0,0,0,0
10/19/1989,18,10,34,36,12,50,25,0,0,0,0,2,0,0,0,0,0,0,0
10/21/1989,18,10,34,36,12,51,25,0,0,0,0,2,0,0,0,0,0,0,0
10/23/1989,18,10,34,36,12,51,26,0,0,0,0,2,0,0,0,0,0,0,0
10/25/1989,18,10,35,36,12,51,26,0,0,0,0,2,0,0,0,0,0,0,0
10/27/1989,19,10,35,36,12,51,26,0,0,0,0,2,0,0,0,0,0,0,0
10/30/1989,19,10,35,36,12,51,27,0,0,0,0,2,0,0,0,0,0,0,0
11/1/1989,19,10,35,36,12,52,27,0,0,0,0,2,0,0,0,0,0,0,0
2/14/1990,19,10,35,36,12,53,27,0,0,0,0,2,0,0,0,0,0,0,0
2/17/1990,19,10,35,36,12,54,27,0,0,0,0,2,0,0,0,0,0,0,0
3/3/1990,20,10,35,36,12,54,27,0,0,0,0,2,0,0,0,0,0,0,0
3/7/1990,21,10,35,36,12,54,27,0,0,0,0,2,0,0,0,0,0,0,0
3/15/1990,22,10,35,36,12,54,27,0,0,0,0,2,0,0,0,0,0,0,0
4/3/1990,23,10,35,36,12,54,27,0,0,0,0,2,0,0,0,0,0,0,0
11/9/1990,23,10,35,36,12,55,27,0,0,0,0,2,0,0,0,0,0,0,0
11/11/1990,23,10,35,36,12,56,27,0,0,0,0,2,0,0,0,0,0,0,0
11/13/1990,23,10,35,36,12,57,27,0,0,0,0,2,0,0,0,0,0,0,0
2/26/1991,23,10,35,36,12,58,27,0,0,0,0,2,0,0,0,0,0,0,0
3/9/1991,23,10,35,36,12,59,27,0,0,0,0,2,0,0,0,0,0,0,0
3/10/1991,23,10,35,37,12,59,27,0,0,0,0,2,0,0,0,0,0,0,0
3/13/1991,23,10,35,37,12,60,27,0,0,0,0,2,0,0,0,0,0,0,0
3/20/1991,23,10,35,37,12,61,27,0,0,0,0,2,0,0,0,0,0,0,0
5/23/1991,23,10,35,37,12,62,27,0,0,0,0,2,0,0,0,0,0,0,0
5/25/1991,23,10,35,37,12,63,27,0,0,0,0,2,0,0,0,0,0,0,0
5/27/1991,23,10,35,37,12,64,27,0,0,0,0,2,0,0,0,0,0,0,0
10/17/1991,23,10,36,37,12,64,27,0,0,0,0,2,0,0,0,0,0,0,0
10/19/1991,23,10,36,37,12,65,27,0,0,0,0,2,0,0,0,0,0,0,0
10/21/1991,23,10,36,37,12,66,27,0,0,0,0,2,0,0,0,0,0,0,0
10/22/1991,23,10,36,37,12,67,27,0,0,0,0,2,0,0,0,0,0,0,0
11/20/1991,23,10,37,37,12,67,27,0,0,0,0,2,0,0,0,0,0,0,0
11/22/1991,23,10,38,37,12,67,27,0,0,0,0,2,0,0,0,0,0,0,0
11/24/1991,23,10,39,37,12,67,27,0,0,0,0,2,0,0,0,0,0,0,0
12/6/1991,23,10,39,37,12,67,28,0,0,0,0,2,0,0,0,0,0,0,0
12/12/1991,23,10,39,37,12,68,28,0,0,0,0,2,0,0,0,0,0,0,0
12/14/1991,23,10,39,37,12,69,28,0,0,0,0,2,0,0,0,0,0,0,0
12/18/1991,23,10,39,37,12,70,28,0,0,0,0,2,0,0,0,0,0,0,0
1/9/1992,23,10,39,38,12,70,28,0,0,0,0,2,0,0,0,0,0,0,0
1/11/1992,23,10,39,38,12,70,29,0,0,0,0,2,0,0,0,0,0,0,0
1/12/1992,23,10,39,39,12,70,29,0,0,0,0,2,0,0,0,0,0,0,0
1/16/1992,23,10,39,39,12,71,29,0,0,0,0,2,0,0,0,0,0,0,0
2/23/1992,23,10,40,39,12,71,29,0,0,0,0,2,0,0,0,0,0,0,0
2/27/1992,23,10,40,39,12,72,29,0,0,0,0,2,0,0,0,0,0,0,0
2/29/1992,23,10,40,39,12,72,29,0,0,0,0,3,0,0,0,0,0,0,0
3/5/1992,23,10,40,39,12,73,29,0,0,0,0,3,0,0,0,0,0,0,0
3/8/1992,23,10,40,39,12,74,29,0,0,0,0,3,0,0,0,0,0,0,0
3/10/1992,23,10,40,39,12,74,30,0,0,0,0,3,0,0,0,0,0,0,0
3/13/1992,23,11,40,39,12,74,30,0,0,0,0,3,0,0,0,0,0,0,0
3/18/1992,23,11,40,39,12,75,30,0,0,0,0,3,0,0,0,0,0,0,0
4/7/1992,23,11,40,39,12,75,30,1,0,0,0,3,0,0,0,0,0,0,0
4/11/1992,23,11,40,39,12,75,30,2,0,0,0,3,0,0,0,0,0,0,0
4/12/1992,23,11,40,39,12,75,30,3,0,0,0,3,0,0,0,0,0,0,0
12/4/1992,23,11,40,39,12,76,30,3,0,0,0,3,0,0,0,0,0,0,0
12/6/1992,23,11,40,40,12,76,30,3,0,0,0,3,0,0,0,0,0,0,0
12/8/1992,23,11,40,40,12,77,30,3,0,0,0,3,0,0,0,0,0,0,0
12/12/1992,23,11,41,40,12,77,30,3,0,0,0,3,0,0,0,0,0,0,0
12/15/1992,23,11,41,40,12,78,30,3,0,0,0,3,0,0,0,0,0,0,0
12/17/1992,23,11,42,40,12,78,30,3,0,0,0,3,0,0,0,0,0,0,0
1/9/1993,23,11,43,40,12,78,30,3,0,0,0,3,0,0,0,0,0,0,0
1/10/1993,23,11,43,41,12,78,30,3,0,0,0,3,0,0,0,0,0,0,0
1/16/1993,23,11,43,42,12,78,30,3,0,0,0,3,0,0,0,0,0,0,0
1/18/1993,23,11,43,43,12,78,30,3,0,0,0,3,0,0,0,0,0,0,0
2/11/1993,23,11,43,43,12,79,30,3,0,0,0,3,0,0,0,0,0,0,0
2/13/1993,23,11,44,43,12,79,30,3,0,0,0,3,0,0,0,0,0,0,0
2/17/1993,23,11,44,43,12,80,30,3,0,0,0,3,0,0,0,0,0,0,0
2/19/1993,23,11,45,43,12,80,30,3,0,0,0,3,0,0,0,0,0,0,0
2/23/1993,23,11,45,43,12,80,30,4,0,0,0,3,0,0,0,0,0,0,0
2/25/1993,23,11,46,43,12,80,30,4,0,0,0,3,0,0,0,0,0,0,0
2/27/1993,23,11,47,43,12,80,30,4,0,0,0,3,0,0,0,0,0,0,0
3/23/1993,23,11,48,43,12,80,30,4,0,0,0,3,0,0,0,0,0,0,0
3/26/1993,23,11,49,43,12,80,30,4,0,0,0,3,0,0,0,0,0,0,0
3/27/1993,23,11,49,43,12,81,30,4,0,0,0,3,0,0,0,0,0,0,0
3/30/1993,23,11,49,43,12,82,30,4,0,0,0,3,0,0,0,0,0,0,0
4/3/1993,23,11,49,43,12,83,30,4,0,0,0,3,0,0,0,0,0,0,0
10/28/1993,23,12,49,43,12,83,30,4,0,0,0,3,0,0,0,0,0,0,0
10/29/1993,23,12,50,43,12,83,30,4,0,0,0,3,0,0,0,0,0,0,0
11/1/1993,23,12,50,43,12,84,30,4,0,0,0,3,0,0,0,0,0,0,0
11/3/1993,23,13,50,43,12,84,30,4,0,0,0,3,0,0,0,0,0,0,0
11/5/1993,23,13,51,43,12,84,30,4,0,0,0,3,0,0,0,0,0,0,0
11/9/1993,23,14,51,43,12,84,30,4,0,0,0,3,0,0,0,0,0,0,0
11/14/1993,23,14,51,43,12,85,30,4,0,0,0,3,0,0,0,0,0,0,0
11/16/1993,23,14,51,43,12,85,31,4,0,0,0,3,0,0,0,0,0,0,0
11/21/1993,23,14,51,43,12,85,31,4,0,0,0,4,0,0,0,0,0,0,0
11/25/1993,23,15,51,43,12,85,31,4,0,0,0,4,0,0,0,0,0,0,0
11/27/1993,23,15,51,43,12,86,31,4,0,0,0,4,0,0,0,0,0,0,0
12/1/1993,23,16,51,43,12,86,31,4,0,0,0,4,0,0,0,0,0,0,0
12/16/1993,23,16,51,43,12,87,31,4,0,0,0,4,0,0,0,0,0,0,0
12/18/1993,23,17,51,43,12,87,31,4,0,0,0,4,0,0,0,0,0,0,0
2/16/1994,23,17,51,43,12,88,31,4,0,0,0,4,0,0,0,0,0,0,0
2/26/1994,24,17,51,43,12,88,31,4,0,0,0,4,0,0,0,0,0,0,0
3/2/1994,25,17,51,43,12,88,31,4,0,0,0,4,0,0,0,0,0,0,0
3/5/1994,26,17,51,43,12,88,31,4,0,0,0,4,0,0,0,0,0,0,0
3/6/1994,26,17,51,43,12,89,31,4,0,0,0,4,0,0,0,0,0,0,0
10/17/1994,26,17,51,43,12,89,32,4,0,0,0,4,0,0,0,0,0,0,0
10/20/1994,26,17,51,43,12,90,32,4,0,0,0,4,0,0,0,0,0,0,0
10/23/1994,26,17,51,43,12,91,32,4,0,0,0,4,0,0,0,0,0,0,0
10/26/1994,26,17,51,43,13,91,32,4,0,0,0,4,0,0,0,0,0,0,0
10/30/1994,26,17,51,43,13,91,33,4,0,0,0,4,0,0,0,0,0,0,0
11/1/1994,26,17,51,43,14,91,33,4,0,0,0,4,0,0,0,0,0,0,0
11/5/1994,26,17,51,43,14,92,33,4,0,0,0,4,0,0,0,0,0,0,0
11/7/1994,26,17,51,43,14,93,33,4,0,0,0,4,0,0,0,0,0,0,0
11/9/1994,26,17,51,43,14,94,33,4,0,0,0,4,0,0,0,0,0,0,0
11/11/1994,26,17,51,43,14,95,33,4,0,0,0,4,0,0,0,0,0,0,0
1/22/1995,26,17,51,43,15,95,33,4,0,0,0,4,0,0,0,0,0,0,0
1/25/1995,26,17,51,43,16,95,33,4,0,0,0,4,0,0,0,0,0,0,0
1/28/1995,26,17,51,43,17,95,33,4,0,0,0,4,0,0,0,0,0,0,0
3/8/1995,26,17,51,44,17,95,33,4,0,0,0,4,0,0,0,0,0,0,0
3/11/1995,26,17,51,44,17,96,33,4,0,0,0,4,0,0,0,0,0,0,0
3/12/1995,26,17,51,45,17,96,33,4,0,0,0,4,0,0,0,0,0,0,0
3/15/1995,26,17,51,46,17,96,33,4,0,0,0,4,0,0,0,0,0,0,0
3/18/1995,26,17,51,47,17,96,33,4,0,0,0,4,0,0,0,0,0,0,0
5/24/1995,27,17,51,47,17,96,33,4,0,0,0,4,0,0,0,0,0,0,0
5/26/1995,27,17,51,47,17,97,33,4,0,0,0,4,0,0,0,0,0,0,0
5/28/1995,27,17,51,47,17,98,33,4,0,0,0,4,0,0,0,0,0,0,0
10/11/1995,27,17,51,47,17,99,33,4,0,0,0,4,0,0,0,0,0,0,0
10/13/1995,27,17,51,47,17,100,33,4,0,0,0,4,0,0,0,0,0,0,0
10/15/1995,27,17,52,47,17,100,33,4,0,0,0,4,0,0,0,0,0,0,0
10/16/1995,27,18,52,47,17,100,33,4,0,0,0,4,0,0,0,0,0,0,0
10/20/1995,27,18,52,47,17,101,33,4,0,0,0,4,0,0,0,0,0,0,0
12/15/1995,27,18,52,47,17,102,33,4,0,0,0,4,0,0,0,0,0,0,0
12/17/1995,27,18,52,47,17,103,33,4,0,0,0,4,0,0,0,0,0,0,0
12/19/1995,27,18,52,47,17,104,33,4,0,0,0,4,0,0,0,0,0,0,0
1/1/1996,27,18,52,47,17,105,33,4,0,0,0,4,0,0,0,0,0,0,0
1/3/1996,27,19,52,47,17,105,33,4,0,0,0,4,0,0,0,0,0,0,0
1/5/1996,27,20,52,47,17,105,33,4,0,0,0,4,0,0,0,0,0,0,0
1/7/1996,27,20,52,48,17,105,33,4,0,0,0,4,0,0,0,0,0,0,0
1/14/1996,27,20,52,48,17,106,33,4,0,0,0,4,0,0,0,0,0,0,0
2/16/1996,27,20,52,48,17,106,33,4,0,0,0,5,0,0,0,0,0,0,0
2/21/1996,27,20,52,48,17,107,33,4,0,0,0,5,0,0,0,0,0,0,0
2/29/1996,27,20,52,48,17,108,33,4,0,0,0,5,0,0,0,0,0,0,0
3/4/1996,27,20,52,49,17,108,33,4,0,0,0,5,0,0,0,0,0,0,0
3/11/1996,27,20,52,49,17,108,33,5,0,0,0,5,0,0,0,0,0,0,0
3/14/1996,27,20,52,49,17,109,33,5,0,0,0,5,0,0,0,0,0,0,0
3/26/1996,27,20,52,49,18,109,33,5,0,0,0,5,0,0,0,0,0,0,0
3/29/1996,27,20,52,49,18,110,33,5,0,0,0,5,0,0,0,0,0,0,0
3/30/1996,27,20,52,49,19,110,33,5,0,0,0,5,0,0,0,0,0,0,0
4/3/1996,27,20,52,49,19,111,33,5,0,0,0,5,0,0,0,0,0,0,0
4/6/1996,27,20,52,49,20,111,33,5,0,0,0,5,0,0,0,0,0,0,0
4/13/1996,27,20,52,49,20,112,33,5,0,0,0,5,0,0,0,0,0,0,0
12/6/1996,27,20,52,49,20,113,33,5,0,0,0,5,0,0,0,0,0,0,0
12/8/1996,27,20,52,49,20,114,33,5,0,0,0,5,0,0,0,0,0,0,0
12/17/1996,27,20,53,49,20,114,33,5,0,0,0,5,0,0,0,0,0,0,0
1/3/1997,27,20,54,49,20,114,33,5,0,0,0,5,0,0,0,0,0,0,0
1/5/1997,27,20,54,50,20,114,33,5,0,0,0,5,0,0,0,0,0,0,0
1/10/1997,27,20,55,50,20,114,33,5,0,0,0,5,0,0,0,0,0,0,0
1/12/1997,27,20,55,51,20,114,33,5,0,0,0,5,0,0,0,0,0,0,0
1/14/1997,27,20,55,51,20,115,33,5,0,0,0,5,0,0,0,0,0,0,0
1/18/1997,27,20,55,51,20,116,33,5,0,0,0,5,0,0,0,0,0,0,0
1/20/1997,27,20,55,51,20,117,33,5,0,0,0,5,0,0,0,0,0,0,0
4/26/1997,27,20,55,51,20,117,34,5,0,0,0,5,0,0,0,0,0,0,0
4/27/1997,27,20,55,51,20,118,34,5,0,0,0,5,0,0,0,0,0,0,0
4/30/1997,27,20,55,51,20,118,35,5,0,0,0,5,0,0,0,0,0,0,0
5/3/1997,27,20,55,51,20,118,36,5,0,0,0,5,0,0,0,0,0,0,0
6/6/1997,27,21,55,51,20,118,36,5,0,0,0,5,0,0,0,0,0,0,0
11/1/1997,27,21,55,51,20,119,36,5,0,0,0,5,0,0,0,0,0,0,0
11/3/1997,27,21,55,51,20,120,36,5,0,0,0,5,0,0,0,0,0,0,0
11/4/1997,27,21,55,51,20,121,36,5,0,0,0,5,0,0,0,0,0,0,0
12/12/1997,27,21,56,51,20,121,36,5,0,0,0,5,0,0,0,0,0,0,0
12/13/1997,27,21,56,51,20,122,36,5,0,0,0,5,0,0,0,0,0,0,0
12/16/1997,27,21,56,51,20,122,37,5,0,0,0,5,0,0,0,0,0,0,0
12/19/1997,27,21,56,51,20,123,37,5,0,0,0,5,0,0,0,0,0,0,0
3/29/1998,27,21,56,51,20,124,37,5,0,0,0,5,0,0,0,0,0,0,0
4/1/1998,28,21,56,51,20,124,37,5,0,0,0,5,0,0,0,0,0,0,0
4/4/1998,29,21,56,51,20,124,37,5,0,0,0,5,0,0,0,0,0,0,0
4/5/1998,30,21,56,51,20,124,37,5,0,0,0,5,0,0,0,0,0,0,0
4/8/1998,31,21,56,51,20,124,37,5,0,0,0,5,0,0,0,0,0,0,0
10/29/1998,31,21,57,51,20,124,37,5,0,0,0,5,0,0,0,0,0,0,0
10/31/1998,31,21,57,51,20,124,38,5,0,0,0,5,0,0,0,0,0,0,0
11/1/1998,31,21,57,51,20,125,38,5,0,0,0,5,0,0,0,0,0,0,0
1/22/1999,31,21,57,51,20,126,38,5,0,0,0,5,0,0,0,0,0,0,0
1/24/1999,31,21,57,51,20,126,38,6,0,0,0,5,0,0,0,0,0,0,0
1/27/1999,31,21,57,51,20,127,38,6,0,0,0,5,0,0,0,0,0,0,0
1/30/1999,31,21,57,51,20,128,38,6,0,0,0,5,0,0,0,0,0,0,0
2/2/1999,31,21,57,51,20,129,38,6,0,0,0,5,0,0,0,0,0,0,0
2/5/1999,31,21,57,51,20,130,38,6,0,0,0,5,0,0,0,0,0,0,0
2/7/1999,31,21,57,51,20,131,38,6,0,0,0,5,0,0,0,0,0,0,0
4/11/1999,31,21,57,52,20,131,38,6,0,0,0,5,0,0,0,0,0,0,0
4/14/1999,31,21,57,52,20,132,38,6,0,0,0,5,0,0,0,0,0,0,0
4/17/1999,31,21,57,53,20,132,38,6,0,0,0,5,0,0,0,0,0,0,0
4/18/1999,31,21,57,53,20,133,38,6,0,0,0,5,0,0,0,0,0,0,0
4/21/1999,31,21,57,53,20,134,38,6,0,0,0,5,0,0,0,0,0,0,0
4/24/1999,31,21,57,53,20,135,38,6,0,0,0,5,0,0,0,0,0,0,0
4/25/1999,31,21,57,54,20,135,38,6,0,0,0,5,0,0,0,0,0,0,0
5/16/1999,31,21,57,54,20,136,38,6,0,0,0,5,0,0,0,0,0,0,0
5/21/1999,31,21,57,54,20,136,38,6,0,1,0,5,0,0,0,0,0,0,0
5/24/1999,31,21,57,54,21,136,38,6,0,1,0,5,0,0,0,0,0,0,0
5/27/1999,31,21,57,54,21,136,38,6,0,1,1,5,0,0,0,0,0,0,0
5/30/1999,31,21,57,54,21,137,38,6,0,1,1,5,0,0,0,0,0,0,0
9/2/1999,31,21,57,54,21,137,38,6,0,1,1,6,0,0,0,0,0,0,0
9/5/1999,31,21,57,54,21,137,39,6,0,1,1,6,0,0,0,0,0,0,0
9/7/1999,31,21,57,54,21,137,40,6,0,1,1,6,0,0,0,0,0,0,0
9/8/1999,31,21,57,54,21,137,41,6,0,1,1,6,0,0,0,0,0,0,0
9/11/1999,31,21,57,54,21,138,41,6,0,1,1,6,0,0,0,0,0,0,0
9/12/1999,31,21,57,54,21,138,42,6,0,1,1,6,0,0,0,0,0,0,0
9/14/1999,31,21,57,54,21,139,42,6,0,1,1,6,0,0,0,0,0,0,0
9/16/1999,31,21,57,54,21,140,42,6,0,1,1,6,0,0,0,0,0,0,0
9/18/1999,31,21,57,54,21,141,42,6,0,1,1,6,0,0,0,0,0,0,0
9/19/1999,31,21,57,54,21,142,42,6,0,1,1,6,0,0,0,0,0,0,0
10/8/1999,31,21,57,54,21,142,42,6,0,2,1,6,0,0,0,0,0,0,0
10/9/1999,31,21,57,54,21,142,42,6,0,3,1,6,0,0,0,0,0,0,0
10/13/1999,31,22,57,54,21,142,42,6,0,3,1,6,0,0,0,0,0,0,0
10/14/1999,31,22,57,54,21,143,42,6,0,3,1,6,0,0,0,0,0,0,0
10/17/1999,31,22,57,54,21,144,42,6,0,3,1,6,0,0,0,0,0,0,0
10/19/1999,31,22,57,54,21,145,42,6,0,3,1,6,0,0,0,0,0,0,0
1/2/2000,31,22,57,54,21,146,42,6,0,3,1,6,0,0,0,0,0,0,0
1/4/2000,31,22,57,54,21,147,42,6,0,3,1,6,0,0,0,0,0,0,0
1/6/2000,31,22,57,54,21,148,42,6,0,3,1,6,0,0,0,0,0,0,0
1/8/2000,31,22,57,54,21,149,42,6,0,3,1,6,0,0,0,0,0,0,0
1/11/2000,31,22,57,54,21,150,42,6,0,3,1,6,0,0,0,0,0,0,0
4/1/2000,31,22,57,54,21,150,42,6,0,3,1,7,0,0,0,0,0,0,0
4/2/2000,31,22,57,54,21,150,42,6,0,3,1,8,0,0,0,0,0,0,0
4/12/2000,31,22,58,54,21,150,42,6,0,3,1,8,0,0,0,0,0,0,0
4/16/2000,31,22,59,54,21,150,42,6,0,3,1,8,0,0,0,0,0,0,0
4/19/2000,31,22,59,54,21,151,42,6,0,3,1,8,0,0,0,0,0,0,0
4/22/2000,31,22,60,54,21,151,42,6,0,3,1,8,0,0,0,0,0,0,0
4/23/2000,31,22,60,54,21,152,42,6,0,3,1,8,0,0,0,0,0,0,0
7/6/2000,31,22,60,54,21,153,42,6,0,3,1,8,0,0,0,0,0,0,0
7/9/2000,32,22,60,54,21,153,42,6,0,3,1,8,0,0,0,0,0,0,0
7/11/2000,32,22,60,54,21,154,42,6,0,3,1,8,0,0,0,0,0,0,0
7/15/2000,32,22,60,54,21,155,42,6,0,3,1,8,0,0,0,0,0,0,0
7/16/2000,32,22,60,54,21,156,42,6,0,3,1,8,0,0,0,0,0,0,0
7/20/2000,33,22,60,54,21,156,42,6,0,3,1,8,0,0,0,0,0,0,0
10/4/2000,33,22,60,54,21,157,42,6,0,3,1,8,0,0,0,0,0,0,0
1/11/2001,33,22,60,54,21,158,42,6,0,3,1,8,0,0,0,0,0,0,0
1/13/2001,33,22,60,54,21,158,42,6,0,3,1,9,0,0,0,0,0,0,0
1/14/2001,33,22,60,54,21,159,42,6,0,3,1,9,0,0,0,0,0,0,0
1/17/2001,33,22,60,54,21,160,42,6,0,3,1,9,0,0,0,0,0,0,0
1/23/2001,33,22,60,54,21,161,42,6,0,3,1,9,0,0,0,0,0,0,0
1/25/2001,33,22,60,54,21,161,42,6,0,3,1,10,0,0,0,0,0,0,0
1/26/2001,33,22,60,54,21,162,42,6,0,3,1,10,0,0,0,0,0,0,0
2/2/2001,33,22,60,54,21,162,42,6,0,3,1,11,0,0,0,0,0,0,0
2/7/2001,33,22,60,54,21,163,42,6,0,3,1,11,0,0,0,0,0,0,0
2/9/2001,33,22,60,54,21,164,42,6,0,3,1,11,0,0,0,0,0,0,0
4/28/2001,33,22,60,54,21,164,42,7,0,3,1,11,0,0,0,0,0,0,0
5/2/2001,33,22,60,54,21,165,42,7,0,3,1,11,0,0,0,0,0,0,0
5/5/2001,33,22,60,54,21,166,42,7,0,3,1,11,0,0,0,0,0,0,0
5/6/2001,33,22,60,54,21,167,42,7,0,3,1,11,0,0,0,0,0,0,0
5/9/2001,33,22,60,54,21,168,42,7,0,3,1,11,0,0,0,0,0,0,0
5/12/2001,33,22,60,54,21,169,42,7,0,3,1,11,0,0,0,0,0,0,0
5/16/2001,33,22,60,54,21,169,42,8,0,3,1,11,0,0,0,0,0,0,0
6/23/2001,33,22,60,54,21,169,42,8,0,3,1,12,0,0,0,0,0,0,0
6/30/2001,33,22,60,54,21,170,42,8,0,3,1,12,0,0,0,0,0,0,0
7/1/2001,33,22,60,54,21,170,42,8,0,3,1,13,0,0,0,0,0,0,0
7/4/2001,33,22,60,54,21,171,42,8,0,3,1,13,0,0,0,0,0,0,0
7/7/2001,33,22,60,54,21,171,43,8,0,3,1,13,0,0,0,0,0,0,0
8/15/2001,33,22,60,54,21,171,43,8,1,3,1,13,0,0,0,0,0,0,0
8/18/2001,33,22,60,54,21,171,43,8,2,3,1,13,0,0,0,0,0,0,0
8/19/2001,33,22,60,54,21,171,43,8,3,3,1,13,0,0,0,0,0,0,0
12/9/2001,33,22,60,54,21,172,43,8,3,3,1,13,0,0,0,0,0,0,0
12/11/2001,33,23,60,54,21,172,43,8,3,3,1,13,0,0,0,0,0,0,0
12/15/2001,33,23,60,54,21,173,43,8,3,3,1,13,0,0,0,0,0,0,0
12/16/2001,33,23,60,54,21,173,43,8,3,3,1,14,0,0,0,0,0,0,0
12/19/2001,33,23,60,54,21,174,43,8,3,3,1,14,0,0,0,0,0,0,0
2/14/2002,33,23,60,54,21,175,43,8,3,3,1,14,0,0,0,0,0,0,0
2/15/2002,33,23,60,54,21,176,43,8,3,3,1,14,0,0,0,0,0,0,0
2/17/2002,33,23,61,54,21,176,43,8,3,3,1,14,0,0,0,0,0,0,0
5/29/2002,33,23,61,54,21,177,43,8,3,3,1,14,0,0,0,0,0,0,0
6/1/2002,33,23,61,54,21,177,44,8,3,3,1,14,0,0,0,0,0,0,0
6/2/2002,33,23,61,54,21,178,44,8,3,3,1,14,0,0,0,0,0,0,0
6/5/2002,33,23,61,54,21,179,44,8,3,3,1,14,0,0,0,0,0,0,0
6/8/2002,33,23,61,54,22,179,44,8,3,3,1,14,0,0,0,0,0,0,0
6/9/2002,33,23,61,54,23,179,44,8,3,3,1,14,0,0,0,0,0,0,0
6/12/2002,33,23,61,54,23,180,44,8,3,3,1,14,0,0,0,0,0,0,0
6/16/2002,33,23,61,54,24,180,44,8,3,3,1,14,0,0,0,0,0,0,0
9/13/2002,33,23,61,54,24,181,44,8,3,3,1,14,0,0,0,0,0,0,0
9/17/2002,33,23,61,54,24,181,44,8,4,3,1,14,0,0,0,0,0,0,0
11/6/2002,33,23,61,54,24,181,45,8,4,3,1,14,0,0,0,0,0,0,0
11/9/2002,33,23,61,54,24,181,46,8,4,3,1,14,0,0,0,0,0,0,0
11/12/2002,33,23,61,54,24,182,46,8,4,3,1,14,0,0,0,0,0,0,0
11/15/2002,33,23,61,54,24,183,46,8,4,3,1,14,0,0,0,0,0,0,0
11/18/2002,33,23,61,54,24,183,47,8,4,3,1,14,0,0,0,0,0,0,0
11/21/2002,33,23,61,54,24,184,47,8,4,3,1,14,0,0,0,0,0,0,0
11/24/2002,33,23,61,54,24,184,48,8,4,3,1,14,0,0,0,0,0,0,0
11/29/2002,33,23,61,54,24,184,48,8,4,4,1,14,0,0,0,0,0,0,0
12/2/2002,33,23,61,54,24,184,48,8,4,5,1,14,0,0,0,0,0,0,0
12/3/2002,33,23,61,54,24,184,48,8,4,6,1,14,0,0,0,0,0,0,0
2/9/2003,33,23,61,54,24,184,48,9,4,6,1,14,0,0,0,0,0,0,0
2/13/2003,33,23,61,54,24,185,48,9,4,6,1,14,0,0,0,0,0,0,0
2/18/2003,33,23,61,54,24,185,48,9,4,7,1,14,0,0,0,0,0,0,0
2/23/2003,33,23,61,54,24,185,48,9,4,7,1,14,1,0,0,0,0,0,0
2/28/2003,33,23,61,54,24,186,48,9,4,7,1,14,1,0,0,0,0,0,0
3/4/2003,33,23,61,54,24,186,48,9,5,7,1,14,1,0,0,0,0,0,0
5/17/2003,33,23,61,54,24,187,48,9,5,7,1,14,1,0,0,0,0,0,0
5/18/2003,33,23,61,54,24,188,48,9,5,7,1,14,1,0,0,0,0,0,0
5/21/2003,33,23,61,54,24,189,48,9,5,7,1,14,1,0,0,0,0,0,0
5/24/2003,33,23,61,54,24,190,48,9,5,7,1,14,1,0,0,0,0,0,0
5/25/2003,33,23,61,55,24,190,48,9,5,7,1,14,1,0,0,0,0,0,0
5/30/2003,33,23,61,56,24,190,48,9,5,7,1,14,1,0,0,0,0,0,0
6/1/2003,33,23,61,57,24,190,48,9,5,7,1,14,1,0,0,0,0,0,0
6/7/2003,33,23,61,57,24,191,48,9,5,7,1,14,1,0,0,0,0,0,0
6/8/2003,33,23,61,57,24,192,48,9,5,7,1,14,1,0,0,0,0,0,0
6/11/2003,33,24,61,57,24,192,48,9,5,7,1,14,1,0,0,0,0,0,0
11/22/2003,33,24,61,57,24,192,48,9,5,7,1,15,1,0,0,0,0,0,0
11/23/2003,33,24,61,57,24,193,48,9,5,7,1,15,1,0,0,0,0,0,0
11/26/2003,33,24,61,57,24,194,48,9,5,7,1,15,1,0,0,0,0,0,0
11/29/2003,33,24,61,57,24,194,48,9,5,7,1,16,1,0,0,0,0,0,0
11/30/2003,33,24,61,57,24,194,48,9,5,7,1,17,1,0,0,0,0,0,0
1/25/2004,33,24,61,57,24,195,48,9,5,7,1,17,1,0,0,0,0,0,0
1/28/2004,33,24,61,57,24,196,48,9,5,7,1,17,1,0,0,0,0,0,0
1/30/2004,33,24,61,57,24,196,48,10,5,7,1,17,1,0,0,0,0,0,0
2/1/2004,33,24,61,57,24,196,48,11,5,7,1,17,1,0,0,0,0,0,0
2/4/2004,33,24,61,57,24,197,48,11,5,7,1,17,1,0,0,0,0,0,0
4/18/2004,33,24,61,57,24,198,48,11,5,7,1,17,1,0,0,0,0,0,0
4/24/2004,33,24,61,57,24,199,48,11,5,7,1,17,1,0,0,0,0,0,0
5/1/2004,34,24,61,57,24,199,48,11,5,7,1,17,1,0,0,0,0,0,0
5/2/2004,35,24,61,57,24,199,48,11,5,7,1,17,1,0,0,0,0,0,0
5/5/2004,35,24,61,57,24,200,48,11,5,7,1,17,1,0,0,0,0,0,0
5/15/2004,35,24,61,57,24,200,48,11,5,8,1,17,1,0,0,0,0,0,0
5/16/2004,35,24,61,57,24,200,48,11,5,9,1,17,1,0,0,0,0,0,0
5/19/2004,35,24,61,57,24,200,48,11,5,10,1,17,1,0,0,0,0,0,0
6/26/2004,35,24,61,57,25,200,48,11,5,10,1,17,1,0,0,0,0,0,0
6/27/2004,36,24,61,57,25,200,48,11,5,10,1,17,1,0,0,0,0,0,0
7/1/2004,36,24,61,57,25,201,48,11,5,10,1,17,1,0,0,0,0,0,0
7/3/2004,36,24,61,57,25,202,48,11,5,10,1,17,1,0,0,0,0,0,0
7/6/2004,37,24,61,57,25,202,48,11,5,10,1,17,1,0,0,0,0,0,0
7/8/2004,37,24,61,57,26,202,48,11,5,10,1,17,1,0,0,0,0,0,0
7/10/2004,37,24,61,57,26,203,48,11,5,10,1,17,1,0,0,0,0,0,0
9/15/2004,37,24,61,57,26,203,48,11,5,11,1,17,1,0,0,0,0,0,0
9/18/2004,37,24,61,57,26,203,48,12,5,11,1,17,1,0,0,0,0,0,0
9/22/2004,37,24,62,57,26,203,48,12,5,11,1,17,1,0,0,0,0,0,0
9/25/2004,38,24,62,57,26,203,48,12,5,11,1,17,1,0,0,0,0,0,0
1/14/2005,38,24,62,57,26,204,48,12,5,11,1,17,1,0,0,0,0,0,0
1/19/2005,38,24,62,57,26,205,48,12,5,11,1,17,1,0,0,0,0,0,0
1/21/2005,38,24,62,58,26,205,48,12,5,11,1,17,1,0,0,0,0,0,0
1/26/2005,38,24,62,58,26,206,48,12,5,11,1,17,1,0,0,0,0,0,0
1/28/2005,38,24,63,58,26,206,48,12,5,11,1,17,1,0,0,0,0,0,0
2/1/2005,38,24,63,58,26,207,48,12,5,11,1,17,1,0,0,0,0,0,0
5/7/2005,38,24,63,58,26,208,48,12,5,11,1,17,1,0,0,0,0,0,0
5/8/2005,38,24,63,58,26,209,48,12,5,11,1,17,1,0,0,0,0,0,0
5/11/2005,38,24,63,58,26,210,48,12,5,11,1,17,1,0,0,0,0,0,0
5/14/2005,38,24,63,58,26,211,48,12,5,11,1,17,1,0,0,0,0,0,0
5/15/2005,38,24,63,58,26,212,48,12,5,11,1,17,1,0,0,0,0,0,0
5/18/2005,38,24,63,58,26,213,48,12,5,11,1,17,1,0,0,0,0,0,0
5/21/2005,38,24,63,58,26,214,48,12,5,11,1,17,1,0,0,0,0,0,0
5/22/2005,38,24,63,58,26,215,48,12,5,11,1,17,1,0,0,0,0,0,0
7/31/2005,38,24,63,58,26,216,48,12,5,11,1,17,1,0,0,0,0,0,0
8/2/2005,38,24,63,58,26,217,48,12,5,11,1,17,1,0,0,0,0,0,0
8/6/2005,38,25,63,58,26,217,48,12,5,11,1,17,1,0,0,0,0,0,0
8/7/2005,38,25,63,58,26,218,48,12,5,11,1,17,1,0,0,0,0,0,0
2/18/2006,38,25,63,58,26,219,48,12,5,11,1,17,1,0,0,0,0,0,0
2/22/2006,38,25,63,58,26,220,48,12,5,11,1,17,1,0,0,0,0,0,0
2/25/2006,38,25,63,58,26,221,48,12,5,11,1,17,1,0,0,0,0,0,0
3/1/2006,38,25,63,58,26,222,48,12,5,11,1,17,1,0,0,0,0,0,0
3/4/2006,38,25,63,58,27,222,48,12,5,11,1,17,1,0,0,0,0,0,0
4/29/2006,38,25,63,58,27,222,48,12,5,11,1,18,1,0,0,0,0,0,0
4/30/2006,38,25,63,58,27,222,48,12,5,11,1,19,1,0,0,0,0,0,0
5/7/2006,38,25,63,58,27,222,48,12,5,11,1,20,1,0,0,0,0,0,0
5/10/2006,38,25,63,58,27,222,48,12,5,11,1,21,1,0,0,0,0,0,0
5/13/2006,38,25,63,58,27,223,48,12,5,11,1,21,1,0,0,0,0,0,0
5/14/2006,38,25,63,58,27,223,48,12,5,11,1,22,1,0,0,0,0,0,0
5/18/2006,38,25,63,58,27,224,48,12,5,11,1,22,1,0,0,0,0,0,0
5/20/2006,38,25,63,58,27,224,49,12,5,11,1,22,1,0,0,0,0,0,0
5/23/2006,38,25,63,58,27,224,50,12,5,11,1,22,1,0,0,0,0,0,0
5/26/2006,38,25,63,58,27,224,51,12,5,11,1,22,1,0,0,0,0,0,0
5/28/2006,38,25,63,58,27,224,52,12,5,11,1,22,1,0,0,0,0,0,0
9/12/2006,38,25,63,58,27,225,52,12,5,11,1,22,1,0,0,0,0,0,0
9/14/2006,38,25,63,58,27,225,53,12,5,11,1,22,1,0,0,0,0,0,0
9/18/2006,38,25,63,59,27,225,53,12,5,11,1,22,1,0,0,0,0,0,0
9/20/2006,38,25,63,59,27,226,53,12,5,11,1,22,1,0,0,0,0,0,0
9/24/2006,38,25,63,59,27,227,53,12,5,11,1,22,1,0,0,0,0,0,0
10/8/2006,38,25,63,59,27,227,53,12,5,11,1,23,1,0,0,0,0,0,0
10/11/2006,38,25,63,59,27,227,53,12,5,12,1,23,1,0,0,0,0,0,0
10/14/2006,38,25,63,59,27,228,53,12,5,12,1,23,1,0,0,0,0,0,0
10/18/2006,38,25,63,60,27,228,53,12,5,12,1,23,1,0,0,0,0,0,0
10/26/2006,38,25,63,60,27,228,54,12,5,12,1,23,1,0,0,0,0,0,0
10/28/2006,38,25,63,60,27,229,54,12,5,12,1,23,1,0,0,0,0,0,0
11/2/2006,38,25,63,60,27,229,54,13,5,12,1,23,1,0,0,0,0,0,0
11/5/2006,38,25,63,60,27,230,54,13,5,12,1,23,1,0,0,0,0,0,0
12/7/2006,38,25,63,60,27,231,54,13,5,12,1,23,1,0,0,0,0,0,0
12/10/2006,38,25,63,60,27,232,54,13,5,12,1,23,1,0,0,0,0,0,0
12/13/2006,38,25,64,60,27,232,54,13,5,12,1,23,1,0,0,0,0,0,0
12/16/2006,38,25,64,60,27,233,54,13,5,12,1,23,1,0,0,0,0,0,0
1/21/2007,38,25,64,60,27,234,54,13,5,12,1,23,1,0,0,0,0,0,0
1/24/2007,38,25,64,60,27,235,54,13,5,12,1,23,1,0,0,0,0,0,0
1/27/2007,38,25,64,60,27,235,55,13,5,12,1,23,1,0,0,0,0,0,0
1/31/2007,38,25,64,60,27,236,55,13,5,12,1,23,1,0,0,0,0,0,0
3/13/2007,38,25,65,60,27,236,55,13,5,12,1,23,1,0,0,0,0,0,0
3/19/2007,38,25,65,60,27,236,55,13,5,12,1,24,1,0,0,0,0,0,0
3/23/2007,38,25,65,60,27,236,55,13,5,12,1,24,1,0,1,0,0,0,0
3/27/2007,38,25,65,60,27,237,55,13,5,12,1,24,1,0,1,0,0,0,0
3/29/2007,38,25,65,60,27,238,55,13,5,12,1,24,1,0,1,0,0,0,0
4/1/2007,38,25,65,60,27,239,55,13,5,12,1,24,1,0,1,0,0,0,0
4/10/2007,38,25,65,60,27,240,55,13,5,12,1,24,1,0,1,0,0,0,0
4/19/2007,38,25,65,60,27,240,55,13,5,13,1,24,1,0,1,0,0,0,0
4/21/2007,38,25,65,60,27,241,55,13,5,13,1,24,1,0,1,0,0,0,0
7/1/2007,38,25,65,60,27,242,55,13,5,13,1,24,1,0,1,0,0,0,0
7/4/2007,39,25,65,60,27,242,55,13,5,13,1,24,1,0,1,0,0,0,0
7/7/2007,40,25,65,60,27,242,55,13,5,13,1,24,1,0,1,0,0,0,0
7/10/2007,40,25,65,60,27,242,55,13,5,13,1,24,1,1,1,0,0,0,0
7/12/2007,40,25,65,60,27,242,55,13,5,13,2,24,1,1,1,0,0,0,0
7/14/2007,40,25,65,60,27,242,55,13,5,13,2,24,1,1,2,0,0,0,0
11/30/2007,40,25,65,60,27,243,55,13,5,13,2,24,1,1,2,0,0,0,0
12/2/2007,40,25,65,60,27,243,55,13,5,13,2,25,1,1,2,0,0,0,0
12/4/2007,40,25,65,60,27,243,55,13,5,13,2,26,1,1,2,0,0,0,0
12/7/2007,40,25,65,60,27,243,55,13,5,13,2,27,1,1,2,0,0,0,0
1/20/2008,40,25,65,60,27,244,55,13,5,13,2,27,1,1,2,0,0,0,0
1/25/2008,40,25,65,60,27,245,55,13,5,13,2,27,1,1,2,0,0,0,0
1/27/2008,40,25,65,60,27,246,55,13,5,13,2,27,1,1,2,0,0,0,0
2/1/2008,40,25,65,60,27,247,55,13,5,13,2,27,1,1,2,0,0,0,0
2/3/2008,40,25,65,60,27,248,55,13,5,13,2,27,1,1,2,0,0,0,0
4/10/2008,40,26,65,60,27,248,55,13,5,13,2,27,1,1,2,0,0,0,0
4/12/2008,40,27,65,60,27,248,55,13,5,13,2,27,1,1,2,0,0,0,0
4/15/2008,40,27,65,60,27,249,55,13,5,13,2,27,1,1,2,0,0,0,0
6/24/2008,40,27,65,60,27,250,55,13,5,13,2,27,1,1,2,0,0,0,0
6/27/2008,40,27,65,60,27,251,55,13,5,13,2,27,1,1,2,0,0,0,0
6/29/2008,40,27,65,60,27,252,55,13,5,13,2,27,1,1,2,0,0,0,0
7/4/2008,40,27,65,60,27,253,55,13,5,13,2,27,1,1,2,0,0,0,0
7/6/2008,40,27,65,60,27,254,55,13,5,13,2,27,1,1,2,0,0,0,0
8/20/2008,40,27,65,60,27,254,55,13,5,13,2,27,1,1,2,1,0,0,0
8/22/2008,40,27,65,60,27,254,55,13,5,13,2,27,2,1,2,1,0,0,0
8/24/2008,40,27,65,60,27,254,55,13,5,13,2,27,3,1,2,1,0,0,0
11/12/2008,40,27,65,60,27,255,55,13,5,13,2,27,3,1,2,1,0,0,0
11/14/2008,40,27,65,60,27,256,55,13,5,13,2,27,3,1,2,1,0,0,0
11/16/2008,40,27,65,60,27,257,55,13,5,13,2,27,3,1,2,1,0,0,0
12/31/2008,40,27,65,60,28,257,55,13,5,13,2,27,3,1,2,1,0,0,0
1/3/2009,40,27,65,60,29,257,55,13,5,13,2,27,3,1,2,1,0,0,0
1/7/2009,40,27,65,60,29,258,55,13,5,13,2,27,3,1,2,1,0,0,0
1/10/2009,40,27,65,60,30,258,55,13,5,13,2,27,3,1,2,1,0,0,0
1/13/2009,40,27,65,60,30,259,55,13,5,13,2,27,3,1,2,1,0,0,0
3/20/2009,40,27,65,60,30,260,55,13,5,13,2,27,3,1,2,1,0,0,0
3/22/2009,41,27,65,60,30,260,55,13,5,13,2,27,3,1,2,1,0,0,0
3/27/2009,42,27,65,60,30,260,55,13,5,13,2,27,3,1,2,1,0,0,0
3/29/2009,42,27,65,60,30,261,55,13,5,13,2,27,3,1,2,1,0,0,0
4/3/2009,42,27,65,60,30,262,55,13,5,13,2,27,3,1,2,1,0,0,0
5/24/2009,42,27,65,60,30,263,55,13,5,13,2,27,3,1,2,1,0,0,0
5/26/2009,42,27,65,60,30,264,55,13,5,13,2,27,3,1,2,1,0,0,0
6/26/2009,42,27,65,60,30,265,55,13,5,13,2,27,3,1,2,1,0,0,0
6/28/2009,42,27,65,60,30,265,56,13,5,13,2,27,3,1,2,1,0,0,0
7/3/2009,42,27,65,60,30,266,56,13,5,13,2,27,3,1,2,1,0,0,0
7/5/2009,42,27,65,60,30,267,56,13,5,13,2,27,3,1,2,1,0,0,0
7/26/2009,42,27,65,60,30,268,56,13,5,13,2,27,3,1,2,1,0,0,0
7/28/2009,42,27,65,60,30,269,56,13,5,13,2,27,3,1,2,1,0,0,0
7/31/2009,42,27,65,60,30,270,56,13,5,13,2,27,3,1,2,1,0,0,0
9/23/2009,42,27,65,60,30,271,56,13,5,13,2,27,3,1,2,1,0,0,0
9/26/2009,42,27,65,60,30,272,56,13,5,13,2,27,3,1,2,1,0,0,0
9/30/2009,42,27,65,60,30,273,56,13,5,13,2,27,3,1,2,1,0,0,0
2/7/2010,42,27,65,60,30,274,56,13,5,13,2,27,3,1,2,1,0,0,0
2/9/2010,42,27,65,60,30,275,56,13,5,13,2,27,3,1,2,1,0,0,0
2/12/2010,42,27,65,61,30,275,56,13,5,13,2,27,3,1,2,1,0,0,0
2/14/2010,42,27,65,61,30,276,56,13,5,13,2,27,3,1,2,1,0,0,0
2/19/2010,42,27,65,61,30,277,56,13,5,13,2,27,3,1,2,1,0,0,0
3/4/2010,42,27,65,61,30,278,56,13,5,13,2,27,3,1,2,1,0,0,0
3/6/2010,42,27,65,61,30,278,56,13,5,13,2,28,3,1,2,1,0,0,0
3/10/2010,42,27,65,61,30,278,56,13,5,13,2,29,3,1,2,1,0,0,0
3/12/2010,42,27,65,61,30,278,56,13,5,13,2,30,3,1,2,1,0,0,0
3/14/2010,42,27,65,61,30,278,56,13,5,13,2,31,3,1,2,1,0,0,0
4/13/2010,42,27,65,61,30,278,56,13,5,13,2,31,4,1,2,1,0,0,0
4/15/2010,42,27,65,61,30,278,56,13,5,13,2,31,4,1,3,1,0,0,0
5/22/2010,42,27,65,61,30,279,56,13,5,13,2,31,4,1,3,1,0,0,0
5/24/2010,42,27,65,61,30,280,56,13,5,13,2,31,4,1,3,1,0,0,0
5/28/2010,42,27,65,61,30,281,56,13,5,13,2,31,4,1,3,1,0,0,0
5/30/2010,42,27,65,61,30,282,56,13,5,13,2,31,4,1,3,1,0,0,0
6/3/2010,42,27,65,61,30,283,56,13,5,13,2,31,4,1,3,1,0,0,0
1/31/2011,42,28,65,61,30,283,56,13,5,13,2,31,4,1,3,1,0,0,0
2/3/2011,42,28,65,61,30,284,56,13,5,13,2,31,4,1,3,1,0,0,0
2/6/2011,42,28,65,61,30,285,56,13,5,13,2,31,4,1,3,1,0,0,0
2/24/2011,42,28,65,61,30,286,56,13,5,13,2,31,4,1,3,1,0,0,0
2/28/2011,42,28,65,61,30,286,56,13,5,13,2,31,4,2,3,1,0,0,0
3/4/2011,42,28,65,61,30,286,56,13,5,14,2,31,4,2,3,1,0,0,0
3/11/2011,42,28,65,61,30,286,56,13,5,14,2,31,4,2,4,1,0,0,0
3/17/2011,42,28,65,61,30,287,56,13,5,14,2,31,4,2,4,1,0,0,0
3/20/2011,42,28,65,61,30,288,56,13,5,14,2,31,4,2,4,1,0,0,0
3/23/2011,42,28,65,61,30,289,56,13,5,14,2,31,4,2,4,1,0,0,0
4/23/2011,42,28,65,61,30,290,56,13,5,14,2,31,4,2,4,1,0,0,0
4/25/2011,42,28,65,61,30,291,56,13,5,14,2,31,4,2,4,1,0,0,0
4/28/2011,42,28,65,61,30,292,56,13,5,14,2,31,4,2,4,1,0,0,0
5/2/2011,42,28,66,61,30,292,56,13,5,14,2,31,4,2,4,1,0,0,0
5/5/2011,42,28,67,61,30,292,56,13,5,14,2,31,4,2,4,1,0,0,0
6/6/2011,42,28,67,61,30,293,56,13,5,14,2,31,4,2,4,1,0,0,0
6/8/2011,42,28,67,61,30,294,56,13,5,14,2,31,4,2,4,1,0,0,0
6/11/2011,42,28,67,61,30,295,56,13,5,14,2,31,4,2,4,1,0,0,0
6/13/2011,42,28,67,61,30,295,57,13,5,14,2,31,4,2,4,1,0,0,0
6/16/2011,42,28,67,61,30,295,58,13,5,14,2,31,4,2,4,1,0,0,0
10/13/2011,42,28,67,61,30,295,58,13,5,15,2,31,4,2,4,1,0,0,0
10/15/2011,42,28,67,61,30,295,58,13,5,16,2,31,4,2,4,1,0,0,0
10/18/2011,42,28,67,61,30,296,58,13,5,16,2,31,4,2,4,1,0,0,0
11/29/2011,42,28,67,61,30,297,58,13,5,16,2,31,4,2,4,1,0,0,0
12/2/2011,42,28,67,61,30,298,58,13,5,16,2,31,4,2,4,1,0,0,0
12/5/2011,42,28,67,61,30,298,59,13,5,16,2,31,4,2,4,1,0,0,0
12/8/2011,42,28,67,61,30,299,59,13,5,16,2,31,4,2,4,1,0,0,0
12/11/2011,42,28,67,61,30,300,59,13,5,16,2,31,4,2,4,1,0,0,0
3/16/2012,42,28,67,61,30,301,59,13,5,16,2,31,4,2,4,1,0,0,0
3/18/2012,42,28,67,62,30,301,59,13,5,16,2,31,4,2,4,1,0,0,0
3/20/2012,42,28,67,62,30,302,59,13,5,16,2,31,4,2,4,1,0,0,0
3/23/2012,42,28,67,63,30,302,59,13,5,16,2,31,4,2,4,1,0,0,0
3/25/2012,42,28,67,63,30,303,59,13,5,16,2,31,4,2,4,1,0,0,0
6/16/2012,42,28,67,63,30,304,59,13,5,16,2,31,4,2,4,1,0,0,0
6/19/2012,42,28,67,63,30,305,59,13,5,16,2,31,4,2,4,1,0,0,0
7/5/2012,42,28,67,63,31,305,59,13,5,16,2,31,4,2,4,1,0,0,0
7/7/2012,42,28,67,63,32,305,59,13,5,16,2,31,4,2,4,1,0,0,0
7/11/2012,42,28,67,63,32,306,59,13,5,16,2,31,4,2,4,1,0,0,0
7/14/2012,42,28,67,63,33,306,59,13,5,16,2,31,4,2,4,1,0,0,0
7/16/2012,42,28,67,63,34,306,59,13,5,16,2,31,4,2,4,1,0,0,0
11/30/2012,42,28,67,63,34,307,59,13,5,16,2,31,4,2,4,1,0,0,0
12/2/2012,42,28,67,63,34,308,59,13,5,16,2,31,4,2,4,1,0,0,0
12/5/2012,42,28,67,63,34,308,59,13,5,17,2,31,4,2,4,1,0,0,0
12/7/2012,42,28,67,63,34,308,59,13,5,18,2,31,4,2,4,1,0,0,0
12/8/2012,42,28,67,63,34,309,59,13,5,18,2,31,4,2,4,1,0,0,0
2/1/2013,42,28,67,63,34,310,59,13,5,18,2,31,4,2,4,1,0,0,0
2/3/2013,42,28,67,63,34,311,59,13,5,18,2,31,4,2,4,1,0,0,0
2/6/2013,42,28,67,63,34,312,59,13,5,18,2,31,4,2,4,1,0,0,0
2/8/2013,42,28,67,63,34,313,59,13,5,18,2,31,4,2,4,1,0,0,0
2/10/2013,42,28,67,63,34,314,59,13,5,18,2,31,4,2,4,1,0,0,0
2/22/2013,42,28,67,63,34,314,59,13,5,18,2,32,4,2,4,1,0,0,0
2/24/2013,42,28,67,63,34,314,59,13,5,18,2,33,4,2,4,1,0,0,0
2/26/2013,42,28,67,63,34,314,59,13,5,18,2,34,4,2,4,1,0,0,0
6/7/2013,42,28,68,63,34,314,59,13,5,18,2,34,4,2,4,1,0,0,0
6/11/2013,42,28,68,63,34,315,59,13,5,18,2,34,4,2,4,1,0,0,0
6/14/2013,42,28,68,63,34,315,59,14,5,18,2,34,4,2,4,1,0,0,0
6/28/2013,42,29,68,63,34,315,59,14,5,18,2,34,4,2,4,1,0,0,0
6/30/2013,42,29,68,63,34,315,60,14,5,18,2,34,4,2,4,1,0,0,0
7/5/2013,42,29,68,63,34,316,60,14,5,18,2,34,4,2,4,1,0,0,0
7/7/2013,42,29,68,63,34,317,60,14,5,18,2,34,4,2,4,1,0,0,0
7/14/2013,42,29,68,63,34,318,60,14,5,18,2,34,4,2,4,1,0,0,0
7/16/2013,42,29,69,63,34,318,60,14,5,18,2,34,4,2,4,1,0,0,0
7/19/2013,42,29,69,63,34,319,60,14,5,18,2,34,4,2,4,1,0,0,0
7/21/2013,42,29,69,63,34,320,60,14,5,18,2,34,4,2,4,1,0,0,0
7/24/2013,42,29,69,63,34,321,60,14,5,18,2,34,4,2,4,1,0,0,0
11/21/2013,42,29,69,63,34,322,60,14,5,18,2,34,4,2,4,1,0,0,0
11/24/2013,42,29,69,63,34,322,61,14,5,18,2,34,4,2,4,1,0,0,0
11/27/2013,42,29,69,63,34,323,61,14,5,18,2,34,4,2,4,1,0,0,0
12/26/2013,42,29,69,63,35,323,61,14,5,18,2,34,4,2,4,1,0,0,0
1/1/2014,42,29,69,63,35,324,61,14,5,18,2,34,4,2,4,1,0,0,0
1/4/2014,42,29,69,63,35,325,61,14,5,18,2,34,4,2,4,1,0,0,0
1/8/2014,42,29,69,63,36,325,61,14,5,18,2,34,4,2,4,1,0,0,0
2/23/2014,42,29,69,63,36,325,61,14,5,18,2,34,4,2,5,1,0,0,0
2/28/2014,43,29,69,63,36,325,61,14,5,18,2,34,4,2,5,1,0,0,0
3/2/2014,43,29,69,63,36,326,61,14,5,18,2,34,4,2,5,1,0,0,0
3/5/2014,43,29,69,63,36,327,61,14,5,18,2,34,4,2,5,1,0,0,0
8/20/2014,43,29,69,63,36,327,61,14,5,19,2,34,4,2,5,1,0,0,0
8/22/2014,43,29,69,63,36,327,61,14,5,20,2,34,4,2,5,1,0,0,0
8/25/2014,43,29,69,63,36,327,61,14,5,21,2,34,4,2,5,1,0,0,0
10/8/2014,43,29,69,63,36,327,62,14,5,21,2,34,4,2,5,1,0,0,0
10/11/2014,43,29,69,63,36,328,62,14,5,21,2,34,4,2,5,1,0,0,0
10/17/2014,43,29,69,63,36,329,62,14,5,21,2,34,4,2,5,1,0,0,0
1/16/2015,43,29,69,63,36,330,62,14,5,21,2,34,4,2,5,1,0,0,0
1/18/2015,43,29,69,63,36,331,62,14,5,21,2,34,4,2,5,1,0,0,0
1/21/2015,43,29,69,63,36,332,62,14,5,21,2,34,4,2,5,1,0,0,0
1/25/2015,43,29,69,63,36,332,62,15,5,21,2,34,4,2,5,1,0,0,0
1/28/2015,43,29,69,63,36,333,62,15,5,21,2,34,4,2,5,1,0,0,0
2/16/2015,43,29,69,63,36,334,62,15,5,21,2,34,4,2,5,1,0,0,0
2/21/2015,43,29,70,63,36,334,62,15,5,21,2,34,4,2,5,1,0,0,0
2/24/2015,43,29,70,63,36,334,62,15,5,21,2,35,4,2,5,1,0,0,0
2/27/2015,43,29,70,63,36,335,62,15,5,21,2,35,4,2,5,1,0,0,0
3/6/2015,43,29,70,63,36,336,62,15,5,21,2,35,4,2,5,1,0,0,0
3/15/2015,43,29,70,63,36,336,62,15,5,21,2,35,4,2,5,1,1,0,0
3/21/2015,43,29,70,63,36,337,62,15,5,21,2,35,4,2,5,1,1,0,0
11/1/2015,43,29,70,63,36,338,62,15,5,21,2,35,4,2,5,1,1,0,0
11/4/2015,43,29,70,63,36,339,62,15,5,21,2,35,4,2,5,1,1,0,0
11/7/2015,43,29,70,63,36,340,62,15,5,21,2,35,4,2,5,1,1,0,0
6/3/2016,43,29,70,63,36,340,62,16,5,21,2,35,4,2,5,1,1,0,0
6/5/2016,43,29,70,63,36,341,62,16,5,21,2,35,4,2,5,1,1,0,0
6/13/2016,43,29,70,64,36,341,62,16,5,21,2,35,4,2,5,1,1,0,0
6/15/2016,43,29,70,64,36,342,62,16,5,21,2,35,4,2,5,1,1,0,0
6/21/2016,43,29,70,64,36,343,62,16,5,21,2,35,4,2,5,1,1,0,0
6/24/2016,43,29,70,64,36,343,62,17,5,21,2,35,4,2,5,1,1,0,0
6/26/2016,43,29,70,64,36,344,62,17,5,21,2,35,4,2,5,1,1,0,0
9/30/2016,43,29,70,64,36,345,62,17,5,21,2,35,4,2,5,1,1,0,0
10/2/2016,43,29,70,64,36,346,62,17,5,21,2,35,4,2,5,1,1,0,0
10/5/2016,43,29,70,64,36,347,62,17,5,21,2,35,4,2,5,1,1,0,0
11/16/2016,43,30,70,64,36,347,62,17,5,21,2,35,4,2,5,1,1,0,0
11/19/2016,43,30,70,64,36,347,62,17,5,21,2,36,4,2,5,1,1,0,0
11/23/2016,43,30,70,64,36,348,62,17,5,21,2,36,4,2,5,1,1,0,0
11/25/2016,43,30,70,64,36,349,62,17,5,21,2,36,4,2,5,1,1,0,0
3/3/2017,43,30,70,64,36,350,62,17,5,21,2,36,4,2,5,1,1,0,0
3/5/2017,43,30,70,64,36,351,62,17,5,21,2,36,4,2,5,1,1,0,0
3/9/2017,43,30,70,64,36,352,62,17,5,21,2,36,4,2,5,1,1,0,0
4/7/2017,43,30,71,64,36,352,62,17,5,21,2,36,4,2,5,1,1,0,0
4/9/2017,43,30,71,64,36,353,62,17,5,21,2,36,4,2,5,1,1,0,0
4/11/2017,43,30,71,64,36,354,62,17,5,21,2,36,4,2,5,1,1,0,0
6/9/2017,43,30,71,64,36,355,62,17,5,21,2,36,4,2,5,1,1,0,0
6/11/2017,43,30,71,64,36,355,62,17,5,21,2,36,4,2,5,1,1,0,1
6/14/2017,43,30,71,64,36,356,62,17,5,21,2,36,4,2,5,1,1,0,1
6/23/2017,43,30,71,64,36,357,62,17,5,21,2,36,4,2,5,1,1,0,1
6/25/2017,43,30,71,64,36,358,62,17,5,21,2,36,4,2,5,1,1,0,1
6/30/2017,43,30,71,64,36,359,62,17,5,21,2,36,4,2,5,1,1,0,1
7/2/2017,43,30,71,64,36,359,63,17,5,21,2,36,4,2,5,1,1,0,1
7/6/2017,43,30,71,64,36,360,63,17,5,21,2,36,4,2,5,1,1,0,1
9/19/2017,43,30,71,64,36,361,63,17,5,21,2,36,4,2,5,1,1,0,1
9/21/2017,44,30,71,64,36,361,63,17,5,21,2,36,4,2,5,1,1,0,1
9/24/2017,44,30,71,64,36,362,63,17,5,21,2,36,4,2,5,1,1,0,1
9/27/2017,44,30,71,64,36,363,63,17,5,21,2,36,4,2,5,1,1,0,1
9/29/2017,44,30,71,64,36,364,63,17,5,21,2,36,4,2,5,1,1,0,1
12/20/2017,44,30,71,64,36,365,63,17,5,21,2,36,4,2,5,1,1,0,1
12/23/2017,44,30,71,64,36,366,63,17,5,21,2,36,4,2,5,1,1,0,1
12/26/2017,44,30,71,64,36,367,63,17,5,21,2,36,4,2,5,1,1,0,1
3/6/2018,44,30,71,64,36,367,63,17,5,21,2,36,4,2,5,1,2,0,1
3/8/2018,44,30,71,64,36,367,63,17,5,21,2,36,4,2,5,1,2,1,1
3/10/2018,44,30,71,64,36,367,63,17,5,21,2,36,4,2,6,1,2,1,1
3/15/2018,44,30,71,64,36,368,63,17,5,21,2,36,4,2,6,1,2,1,1
3/19/2018,44,30,71,64,36,368,63,17,5,21,2,37,4,2,6,1,2,1,1
3/21/2018,44,30,71,64,36,368,63,17,5,21,3,37,4,2,6,1,2,1,1
3/25/2018,44,30,71,64,36,369,63,17,5,21,3,37,4,2,6,1,2,1,1
7/22/2018,44,30,71,64,36,370,63,17,5,21,3,37,4,2,6,1,2,1,1
7/25/2018,44,30,71,64,36,370,63,17,5,22,3,37,4,2,6,1,2,1,1
7/28/2018,44,30,71,64,36,371,63,17,5,22,3,37,4,2,6,1,2,1,1
10/21/2018,44,30,71,64,36,372,63,17,5,22,3,37,4,2,6,1,2,1,1
10/24/2018,44,30,71,64,36,372,64,17,5,22,3,37,4,2,6,1,2,1,1
10/27/2018,44,30,71,64,36,372,65,17,5,22,3,37,4,2,6,1,2,1,1
10/29/2018,44,30,71,64,36,373,65,17,5,22,3,37,4,2,6,1,2,1,1
11/1/2018,44,30,71,64,36,374,65,17,5,22,3,37,4,2,6,1,2,1,1
12/9/2018,44,30,71,64,36,375,65,17,5,22,3,37,4,2,6,1,2,1,1
12/11/2018,44,30,71,64,36,375,65,17,5,23,3,37,4,2,6,1,2,1,1
12/14/2018,44,30,71,64,36,376,65,17,5,23,3,37,4,2,6,1,2,1,1
2/20/2019,44,30,71,64,36,377,65,17,5,23,3,37,4,2,6,1,2,1,1
2/22/2019,45,30,71,64,36,377,65,17,5,23,3,37,4,2,6,1,2,1,1
2/25/2019,45,30,71,64,36,378,65,17,5,23,3,37,4,2,6,1,2,1,1
2/27/2019,45,30,71,64,36,379,65,17,5,23,3,37,4,2,6,1,2,1,1
3/2/2019,46,30,71,64,36,379,65,17,5,23,3,37,4,2,6,1,2,1,1
5/5/2019,46,30,71,64,36,379,65,17,5,23,3,37,4,2,7,1,2,1,1
5/7/2019,46,30,71,64,36,380,65,17,5,23,3,37,4,2,7,1,2,1,1
5/11/2019,46,30,71,64,36,380,65,17,5,23,3,37,4,2,8,1,2,1,1
5/13/2019,46,30,71,64,36,381,65,17,5,23,3,37,4,2,8,1,2,1,1
5/17/2019,46,30,71,64,36,382,65,17,5,23,3,37,4,2,8,1,2,1,1
5/31/2019,46,30,72,64,36,382,65,17,5,23,3,37,4,2,8,1,2,1,1
6/6/2019,46,30,72,64,36,383,65,17,5,23,3,37,4,2,8,1,2,1,1
6/10/2019,46,30,72,64,36,383,65,18,5,23,3,37,4,2,8,1,2,1,1
6/14/2019,46,30,72,64,36,384,65,18,5,23,3,37,4,2,8,1,2,1,1
6/17/2019,46,30,72,64,36,385,65,18,5,23,3,37,4,2,8,1,2,1,1
6/22/2019,46,30,72,64,36,386,65,18,5,23,3,37,4,2,8,1,2,1,1
6/27/2019,46,30,72,64,36,387,65,18,5,23,3,37,4,2,8,1,2,1,1
7/1/2019,46,30,72,64,36,388,65,18,5,23,3,37,4,2,8,1,2,1,1
7/4/2019,46,30,72,64,36,388,65,18,5,23,3,37,4,2,8,1,2,1,2
8/8/2019,46,30,72,64,36,389,65,18,5,23,3,37,4,2,8,1,2,1,2
8/11/2019,46,30,72,64,36,390,65,18,5,23,3,37,4,2,8,1,2,1,2
8/14/2019,46,30,72,64,36,391,65,18,5,23,3,37,4,2,8,1,2,1,2
11/6/2019,46,30,72,64,36,391,65,18,5,23,3,37,4,2,8,1,2,1,3
11/9/2019,46,30,72,64,36,391,65,18,5,23,3,37,4,2,8,1,2,1,4
11/11/2019,46,30,72,64,36,391,65,18,5,23,3,37,4,2,8,1,2,1,5
12/15/2019,46,30,72,64,36,391,66,18,5,23,3,37,4,2,8,1,2,1,5
12/18/2019,46,30,72,64,36,392,66,18,5,23,3,37,4,2,8,1,2,1,5
12/22/2019,46,30,72,64,36,393,66,18,5,23,3,37,4,2,8,1,2,1,5
1/7/2020,46,30,72,64,36,393,66,18,5,23,3,37,4,2,9,1,2,1,5
1/9/2020,46,30,72,64,36,393,66,18,5,23,3,37,4,2,10,1,2,1,5
1/12/2020,46,30,72,64,36,393,66,18,5,23,3,37,4,2,11,1,2,1,5
2/22/2020,46,30,72,64,36,394,66,18,5,23,3,37,4,2,11,1,2,1,5
2/26/2020,46,30,72,64,36,395,66,18,5,23,3,37,4,2,11,1,2,1,5
3/1/2020,46,30,72,64,36,396,66,18,5,23,3,37,4,2,11,1,2,1,5
1/20/2021,46,30,72,64,36,397,66,18,5,23,3,37,4,2,11,1,2,1,5
1/22/2021,46,30,72,64,36,398,66,18,5,23,3,37,4,2,11,1,2,1,5
1/25/2021,46,30,72,64,36,399,66,18,5,23,3,37,4,2,11,1,2,1,5
3/10/2021,46,31,72,64,36,399,66,18,5,23,3,37,4,2,11,1,2,1,5
3/12/2021,46,32,72,64,36,399,66,18,5,23,3,37,4,2,11,1,2,1,5
3/14/2021,46,33,72,64,36,399,66,18,5,23,3,37,4,2,11,1,2,1,5
7/20/2021,46,33,72,64,36,400,66,18,5,23,3,37,4,2,11,1,2,1,5
7/22/2021,46,33,72,65,36,400,66,18,5,23,3,37,4,2,11,1,2,1,5
7/26/2021,46,33,72,65,36,401,66,18,5,23,3,37,4,2,11,1,2,1,5
1/8/2022,46,33,72,65,36,401,66,18,5,23,3,37,4,2,12,1,2,1,5
1/13/2022,46,33,72,65,36,402,66,18,5,23,3,37,4,2,12,1,2,1,5
1/16/2022,46,33,72,65,36,403,66,18,5,23,3,37,4,2,12,1,2,1,5
2/6/2022,46,33,72,65,36,404,66,18,5,23,3,37,4,2,12,1,2,1,5
2/9/2022,46,33,72,65,36,405,66,18,5,23,3,37,4,2,12,1,2,1,5
2/11/2022,46,33,72,65,36,406,66,18,5,23,3,37,4,2,12,1,2,1,5
5/31/2022,46,33,72,65,36,406,66,18,5,23,3,37,4,3,12,1,2,1,5
6/2/2022,46,33,72,65,36,406,66,18,5,23,3,37,4,4,12,1,2,1,5
6/4/2022,46,33,72,65,36,406,66,18,5,23,3,37,4,5,12,1,2,1,5
6/8/2022,46,33,72,65,36,407,66,18,5,23,3,37,4,5,12,1,2,1,5
6/10/2022,46,33,72,65,36,408,66,18,5,23,3,37,4,5,12,1,2,1,5
6/12/2022,46,33,72,65,36,409,66,18,5,23,3,37,4,5,12,1,2,1,5
7/10/2022,46,33,72,65,36,410,66,18,5,23,3,37,4,5,12,1,2,1,5
7/13/2022,46,33,72,65,36,411,66,18,5,23,3,37,4,5,12,1,2,1,5
7/16/2022,46,33,72,65,36,412,66,18,5,23,3,37,4,5,12,1,2,1,5
7/22/2022,46,33,72,65,36,413,66,18,5,23,3,37,4,5,12,1,2,1,5
7/24/2022,46,33,72,65,36,414,66,18,5,23,3,37,4,5,12,1,2,1,5
7/27/2022,46,33,72,65,36,415,66,18,5,23,3,37,4,5,12,1,2,1,5
8/17/2022,46,33,72,65,37,415,66,18,5,23,3,37,4,5,12,1,2,1,5
8/19/2022,46,33,72,65,37,416,66,18,5,23,3,37,4,5,12,1,2,1,5
8/21/2022,46,33,72,65,37,417,66,18,5,23,3,37,4,5,12,1,2,1,5
