,RCB,Kings XI,Daredevils,KKR,Mumbai,Royals,Chargers,Super Kings,Match results,Kochi,Warriors,Sunrisers,Guj Lions,Supergiants,Supergiant,Capitals,Punjab Kings,Titans,Super Giants,
2008-04-18,1,0,0,1,0,0,0,0,0,0,0,0,0,0,0,0,0,0,0,0
2008-04-19,1,1,1,1,0,1,0,1,0,0,0,0,0,0,0,0,0,0,0,0
2008-04-20,2,1,1,2,1,1,1,1,0,0,0,0,0,0,0,0,0,0,0,0
2008-04-21,2,2,1,2,1,2,1,1,0,0,0,0,0,0,0,0,0,0,0,0
2008-04-22,2,2,2,2,1,2,2,1,0,0,0,0,0,0,0,0,0,0,0,0
2008-04-23,2,2,2,2,2,2,2,2,0,0,0,0,0,0,0,0,0,0,0,0
2008-04-24,2,2,2,2,2,3,3,2,0,0,0,0,0,0,0,0,0,0,0,0
2008-04-25,2,3,2,2,3,3,3,2,0,0,0,0,0,0,0,0,0,0,0,0
2008-04-26,3,3,2,3,3,4,3,3,0,0,0,0,0,0,0,0,0,0,0,0
2008-04-27,3,4,3,3,4,4,4,3,0,0,0,0,0,0,0,0,0,0,0,0
2008-04-28,4,4,3,3,4,4,4,4,0,0,0,0,0,0,0,0,0,0,0,0
2008-04-29,4,4,3,4,5,4,4,4,0,0,0,0,0,0,0,0,0,0,0,0
2008-04-30,5,4,4,4,5,4,4,4,0,0,0,0,0,0,0,0,0,0,0,0
2008-05-01,5,5,4,5,5,5,5,4,0,0,0,0,0,0,0,0,0,0,0,0
2008-05-02,5,5,5,5,5,5,5,5,0,0,0,0,0,0,0,0,0,0,0,0
2008-05-03,6,6,5,6,5,5,6,5,0,0,0,0,0,0,0,0,0,0,0,0
2008-05-04,6,6,6,6,6,6,6,6,0,0,0,0,0,0,0,0,0,0,0,0
2008-05-05,7,7,6,6,6,6,6,6,0,0,0,0,0,0,0,0,0,0,0,0
2008-05-06,7,7,6,6,6,6,7,7,0,0,0,0,0,0,0,0,0,0,0,0
2008-05-07,7,7,6,6,7,7,7,7,0,0,0,0,0,0,0,0,0,0,0,0
2008-05-08,8,7,7,7,7,7,7,8,0,0,0,0,0,0,0,0,0,0,0,0
2008-05-09,8,7,7,7,7,8,8,8,0,0,0,0,0,0,0,0,0,0,0,0
2008-05-10,8,8,7,7,7,8,8,9,0,0,0,0,0,0,0,0,0,0,0,0
2008-05-11,8,8,8,8,7,9,9,9,0,0,0,0,0,0,0,0,0,0,0,0
2008-05-12,9,9,8,8,7,9,9,9,0,0,0,0,0,0,0,0,0,0,0,0
2008-05-13,9,9,9,9,7,9,9,9,0,0,0,0,0,0,0,0,0,0,0,0
2008-05-14,9,9,9,9,8,9,9,10,0,0,0,0,0,0,0,0,0,0,0,0
2008-05-15,9,9,10,9,8,9,10,10,0,0,0,0,0,0,0,0,0,0,0,0
2008-05-16,9,9,10,10,9,9,10,10,0,0,0,0,0,0,0,0,0,0,0,0
2008-05-17,10,10,11,10,9,10,10,10,0,0,0,0,0,0,0,0,0,0,0,0
2008-05-18,10,10,11,11,10,10,11,11,0,0,0,0,0,0,0,0,0,0,0,0
2008-05-19,11,10,12,11,10,10,11,11,0,0,0,0,0,0,0,0,0,0,0,0
2008-05-20,11,10,12,12,10,11,11,11,0,0,0,0,0,0,0,0,0,0,0,0
2008-05-21,12,11,12,12,11,11,11,12,0,0,0,0,0,0,0,0,0,0,0,0
2008-05-22,12,11,13,13,11,11,11,12,0,0,0,0,0,0,0,0,0,0,0,0
2008-05-23,12,12,13,13,11,11,12,12,0,0,0,0,0,0,0,0,0,0,0,0
2008-05-24,12,12,14,13,12,12,12,13,0,0,0,0,0,0,0,0,0,0,0,0
2008-05-25,13,13,14,14,12,12,13,13,0,0,0,0,0,0,0,0,0,0,0,0
2008-05-26,13,13,14,14,13,13,13,13,0,0,0,0,0,0,0,0,0,0,0,0
2008-05-27,13,13,14,14,13,13,14,14,0,0,0,0,0,0,0,0,0,0,0,0
2008-05-28,14,14,14,14,14,14,14,14,0,0,0,0,0,0,0,0,0,0,0,0
2008-05-30,14,14,15,14,14,15,14,14,0,0,0,0,0,0,0,0,0,0,0,0
2008-05-31,14,15,15,14,14,15,14,15,0,0,0,0,0,0,0,0,0,0,0,0
2008-06-01,14,15,15,14,14,16,14,16,0,0,0,0,0,0,0,0,0,0,0,0
2009-04-18,15,15,15,14,15,17,14,17,0,0,0,0,0,0,0,0,0,0,0,0
2009-04-19,15,16,16,15,15,17,15,17,0,0,0,0,0,0,0,0,0,0,0,0
2009-04-20,16,16,16,15,15,17,15,18,0,0,0,0,0,0,0,0,0,0,0,0
2009-04-21,16,17,16,16,16,18,15,18,0,0,0,0,0,0,0,0,0,0,0,0
2009-04-22,17,17,16,16,16,18,16,18,0,0,0,0,0,0,0,0,0,0,0,0
2009-04-23,17,17,17,17,16,19,16,19,0,0,0,0,0,0,0,0,0,0,0,0
2009-04-24,18,18,17,17,16,19,16,19,0,0,0,0,0,0,0,0,0,0,0,0
2009-04-25,18,18,17,18,17,19,17,20,0,0,0,0,0,0,0,0,0,0,0,0
2009-04-26,19,19,18,18,17,20,17,20,0,0,0,0,0,0,0,0,0,0,0,0
2009-04-27,19,19,18,19,18,20,18,21,0,0,0,0,0,0,0,0,0,0,0,0
2009-04-28,19,19,19,19,18,21,18,21,0,0,0,0,0,0,0,0,0,0,0,0
2009-04-29,20,20,19,20,19,21,18,21,0,0,0,0,0,0,0,0,0,0,0,0
2009-04-30,20,20,20,20,19,22,19,22,0,0,0,0,0,0,0,0,0,0,0,0
2009-05-01,21,21,20,21,20,22,19,22,0,0,0,0,0,0,0,0,0,0,0,0
2009-05-02,21,21,21,21,20,23,20,23,0,0,0,0,0,0,0,0,0,0,0,0
2009-05-03,22,22,21,22,21,23,20,23,0,0,0,0,0,0,0,0,0,0,0,0
2009-05-04,22,22,21,22,21,23,21,24,0,0,0,0,0,0,0,0,0,0,0,0
2009-05-05,22,23,22,23,21,24,21,24,0,0,0,0,0,0,0,0,0,0,0,0
2009-05-06,22,23,22,23,22,24,22,24,0,0,0,0,0,0,0,0,0,0,0,0
2009-05-07,23,24,22,23,22,25,22,25,0,0,0,0,0,0,0,0,0,0,0,0
2009-05-08,23,24,23,23,23,25,22,25,0,0,0,0,0,0,0,0,0,0,0,0
2009-05-09,23,25,23,23,23,26,23,26,0,0,0,0,0,0,0,0,0,0,0,0
2009-05-10,24,25,24,24,24,26,23,26,0,0,0,0,0,0,0,0,0,0,0,0
2009-05-11,24,25,24,24,24,27,24,26,0,0,0,0,0,0,0,0,0,0,0,0
2009-05-12,25,26,24,25,25,27,24,26,0,0,0,0,0,0,0,0,0,0,0,0
2009-05-13,25,26,25,25,25,27,25,26,0,0,0,0,0,0,0,0,0,0,0,0
2009-05-14,26,26,25,25,26,28,25,27,0,0,0,0,0,0,0,0,0,0,0,0
2009-05-15,26,27,26,25,26,28,25,27,0,0,0,0,0,0,0,0,0,0,0,0
2009-05-16,26,27,26,26,27,28,26,28,0,0,0,0,0,0,0,0,0,0,0,0
2009-05-17,26,28,27,26,27,29,27,28,0,0,0,0,0,0,0,0,0,0,0,0
2009-05-18,26,28,27,27,27,29,27,29,0,0,0,0,0,0,0,0,0,0,0,0
2009-05-19,27,28,28,27,27,29,27,29,0,0,0,0,0,0,0,0,0,0,0,0
2009-05-20,27,29,28,28,27,30,27,30,0,0,0,0,0,0,0,0,0,0,0,0
2009-05-21,28,29,29,28,28,30,28,30,0,0,0,0,0,0,0,0,0,0,0,0
2009-05-22,28,29,30,28,28,30,29,30,0,0,0,0,0,0,0,0,0,0,0,0
2009-05-23,29,29,30,28,28,30,29,31,0,0,0,0,0,0,0,0,0,0,0,0
2009-05-24,30,29,30,28,28,30,30,31,0,0,0,0,0,0,0,0,0,0,0,0
,183,176,162,182,188,150,76,166,3,14,46,109,30,14,16,16,0,0,0,3
2010-03-12,30,29,30,29,28,30,31,31,1,0,0,0,0,0,0,0,0,0,0,1
2010-03-13,30,30,31,29,29,31,31,31,1,0,0,0,0,0,0,0,0,0,0,1
2010-03-14,31,30,31,30,29,31,32,32,1,0,0,0,0,0,0,0,0,0,0,1
2010-03-15,31,30,32,30,29,32,32,32,1,0,0,0,0,0,0,0,0,0,0,1
2010-03-16,32,31,32,31,29,32,32,33,1,0,0,0,0,0,0,0,0,0,0,1
2010-03-17,32,31,33,31,30,32,32,33,1,0,0,0,0,0,0,0,0,0,0,1
2010-03-18,33,31,33,31,30,33,32,33,1,0,0,0,0,0,0,0,0,0,0,1
2010-03-19,33,32,34,31,30,33,33,34,1,0,0,0,0,0,0,0,0,0,0,1
2010-03-20,34,32,34,32,31,34,33,34,1,0,0,0,0,0,0,0,0,0,0,1
2010-03-21,34,33,35,32,31,34,34,35,1,0,0,0,0,0,0,0,0,0,0,1
2010-03-22,34,33,35,33,32,34,34,35,1,0,0,0,0,0,0,0,0,0,0,1
2010-03-23,35,33,35,33,32,34,34,36,1,0,0,0,0,0,0,0,0,0,0,1
2010-03-24,35,34,35,33,32,35,34,36,1,0,0,0,0,0,0,0,0,0,0,1
2010-03-25,36,34,36,33,33,35,34,37,1,0,0,0,0,0,0,0,0,0,0,1
2010-03-26,36,34,36,33,33,36,35,37,1,0,0,0,0,0,0,0,0,0,0,1
2010-03-27,36,35,36,34,33,36,35,37,1,0,0,0,0,0,0,0,0,0,0,1
2010-03-28,36,35,36,34,34,37,36,38,1,0,0,0,0,0,0,0,0,0,0,1
2010-03-29,36,35,37,35,34,37,36,38,1,0,0,0,0,0,0,0,0,0,0,1
2010-03-30,36,36,37,35,35,37,36,38,1,0,0,0,0,0,0,0,0,0,0,1
2010-03-31,37,36,38,35,35,38,36,39,1,0,0,0,0,0,0,0,0,0,0,1
2010-04-01,37,36,38,36,35,38,37,39,1,0,0,0,0,0,0,0,0,0,0,1
2010-04-02,38,37,38,36,35,38,37,39,1,0,0,0,0,0,0,0,0,0,0,1
2010-04-03,38,37,38,36,36,39,38,40,1,0,0,0,0,0,0,0,0,0,0,1
2010-04-04,39,38,39,37,36,39,38,40,1,0,0,0,0,0,0,0,0,0,0,1
2010-04-05,39,38,39,37,36,40,39,40,1,0,0,0,0,0,0,0,0,0,0,1
2010-04-06,39,38,39,37,37,40,39,41,1,0,0,0,0,0,0,0,0,0,0,1
2010-04-07,39,39,40,38,37,41,39,41,1,0,0,0,0,0,0,0,0,0,0,1
2010-04-08,40,39,40,38,37,41,40,41,1,0,0,0,0,0,0,0,0,0,0,1
2010-04-09,40,40,40,38,38,41,40,41,1,0,0,0,0,0,0,0,0,0,0,1
2010-04-10,41,40,40,39,38,41,41,42,1,0,0,0,0,0,0,0,0,0,0,1
2010-04-11,41,41,41,39,39,42,41,42,1,0,0,0,0,0,0,0,0,0,0,1
2010-04-12,42,41,41,39,39,42,42,42,1,0,0,0,0,0,0,0,0,0,0,1
2010-04-13,42,41,42,40,40,42,42,43,1,0,0,0,0,0,0,0,0,0,0,1
2010-04-14,43,41,42,40,40,43,42,43,1,0,0,0,0,0,0,0,0,0,0,1
2010-04-15,43,41,43,40,40,43,42,44,1,0,0,0,0,0,0,0,0,0,0,1
2010-04-16,43,42,43,40,40,43,43,44,1,0,0,0,0,0,0,0,0,0,0,1
2010-04-17,44,42,43,41,41,44,43,44,1,0,0,0,0,0,0,0,0,0,0,1
2010-04-18,44,43,44,41,41,44,44,45,1,0,0,0,0,0,0,0,0,0,0,1
2010-04-19,44,43,44,42,42,44,44,45,1,0,0,0,0,0,0,0,0,0,0,1
2010-04-21,45,43,44,42,43,44,44,45,1,0,0,0,0,0,0,0,0,0,0,1
2010-04-22,45,43,44,42,43,44,45,46,1,0,0,0,0,0,0,0,0,0,0,1
2010-04-24,46,43,44,42,43,44,46,46,1,0,0,0,0,0,0,0,0,0,0,1
2010-04-25,46,43,44,42,44,44,46,47,1,0,0,0,0,0,0,0,0,0,0,1
2011-04-08,46,43,44,43,44,44,46,48,1,0,0,0,0,0,0,0,0,0,0,1
2011-04-09,47,43,44,43,44,45,47,48,1,1,0,0,0,0,0,0,0,0,0,1
2011-04-10,47,44,45,43,45,45,47,48,1,1,1,0,0,0,0,0,0,0,0,1
2011-04-11,47,44,45,44,45,45,48,48,1,1,1,0,0,0,0,0,0,0,0,1
2011-04-12,48,44,46,44,46,46,48,48,1,1,1,0,0,0,0,0,0,0,0,1
2011-04-13,48,45,46,44,46,46,48,49,1,2,2,0,0,0,0,0,0,0,0,1
2011-04-14,49,45,46,44,46,46,49,49,1,2,2,0,0,0,0,0,0,0,0,1
2011-04-15,49,45,46,45,47,47,49,49,1,3,2,0,0,0,0,0,0,0,0,1
2011-04-16,50,46,46,45,47,47,50,50,1,3,2,0,0,0,0,0,0,0,0,1
2011-04-17,50,46,47,46,47,48,50,50,1,3,3,0,0,0,0,0,0,0,0,1
2011-04-18,50,46,47,46,47,48,50,51,1,4,3,0,0,0,0,0,0,0,0,1
2011-04-19,51,46,48,46,47,49,51,51,1,4,3,0,0,0,0,0,0,0,0,1
2011-04-20,51,46,48,47,48,49,51,51,1,5,4,0,0,0,0,0,0,0,0,1
2011-04-21,51,47,48,47,48,50,51,51,1,5,4,0,0,0,0,0,0,0,0,1
2011-04-22,52,47,48,48,49,50,51,52,1,5,4,0,0,0,0,0,0,0,0,1
2011-04-23,52,48,49,48,49,50,51,52,1,5,4,0,0,0,0,0,0,0,0,1
2011-04-24,52,48,49,48,50,51,52,52,1,6,4,0,0,0,0,0,0,0,0,1
2011-04-25,52,48,49,48,50,51,52,53,1,6,5,0,0,0,0,0,0,0,0,1
2011-04-26,53,48,50,48,50,51,52,53,1,6,5,0,0,0,0,0,0,0,0,1
2011-04-27,53,48,50,48,50,51,53,54,1,7,6,0,0,0,0,0,0,0,0,1
2011-04-28,53,48,51,49,50,51,53,54,1,7,6,0,0,0,0,0,0,0,0,1
2011-04-29,54,48,51,49,51,52,53,54,1,7,7,0,0,0,0,0,0,0,0,1
2011-04-30,54,49,52,50,51,52,53,54,1,8,7,0,0,0,0,0,0,0,0,1
2011-05-01,54,49,52,50,51,53,54,55,1,8,8,0,0,0,0,0,0,0,0,1
2011-05-02,54,50,53,50,52,53,54,55,1,9,8,0,0,0,0,0,0,0,0,1
2011-05-03,54,50,53,51,52,53,55,55,1,9,8,0,0,0,0,0,0,0,0,1
2011-05-04,54,50,53,51,53,54,55,56,1,9,9,0,0,0,0,0,0,0,0,1
2011-05-05,54,50,54,52,53,54,56,56,1,10,9,0,0,0,0,0,0,0,0,1
2011-05-06,55,51,54,52,53,54,56,56,1,10,9,0,0,0,0,0,0,0,0,1
2011-05-07,55,51,55,53,54,54,56,57,1,10,9,0,0,0,0,0,0,0,0,1
2011-05-08,56,52,55,53,54,54,56,57,1,11,10,0,0,0,0,0,0,0,0,1
2011-05-09,56,52,55,53,54,55,56,58,1,11,10,0,0,0,0,0,0,0,0,1
2011-05-10,56,53,55,53,55,55,57,58,1,11,11,0,0,0,0,0,0,0,0,1
2011-05-11,57,53,55,53,55,56,57,58,1,11,11,0,0,0,0,0,0,0,0,1
2011-05-12,57,53,56,53,55,56,57,59,1,11,11,0,0,0,0,0,0,0,0,1
2011-05-13,57,54,56,53,55,56,57,59,1,12,11,0,0,0,0,0,0,0,0,1
2011-05-14,58,54,56,54,56,56,58,59,1,12,11,0,0,0,0,0,0,0,0,1
2011-05-15,58,55,57,54,56,57,58,59,1,13,11,0,0,0,0,0,0,0,0,1
2011-05-16,58,55,57,54,56,57,59,59,1,13,12,0,0,0,0,0,0,0,0,1
2011-05-17,59,56,57,54,56,57,59,59,1,13,12,0,0,0,0,0,0,0,0,1
2011-05-18,59,56,57,54,56,57,59,60,1,14,12,0,0,0,0,0,0,0,0,1
2011-05-19,59,56,57,55,56,57,59,60,1,14,13,0,0,0,0,0,0,0,0,1
2011-05-20,59,56,57,55,57,58,59,60,1,14,13,0,0,0,0,0,0,0,0,1
2011-05-21,59,57,58,55,57,58,60,60,1,14,14,0,0,0,0,0,0,0,0,1
2011-05-22,60,57,58,56,58,58,60,61,1,14,14,0,0,0,0,0,0,0,0,1
2011-05-24,61,57,58,56,58,58,60,62,1,14,14,0,0,0,0,0,0,0,0,1
2011-05-25,61,57,58,57,59,58,60,62,1,14,14,0,0,0,0,0,0,0,0,1
2011-05-27,62,57,58,57,60,58,60,62,1,14,14,0,0,0,0,0,0,0,0,1
2011-05-28,63,57,58,57,60,58,60,63,1,14,14,0,0,0,0,0,0,0,0,1
2012-04-04,63,57,58,57,61,58,60,64,1,14,14,0,0,0,0,0,0,0,0,1
2012-04-05,63,57,59,58,61,58,60,64,1,14,14,0,0,0,0,0,0,0,0,1
2012-04-06,63,58,59,58,62,59,60,64,1,14,15,0,0,0,0,0,0,0,0,1
2012-04-07,64,58,60,58,62,59,61,65,1,14,15,0,0,0,0,0,0,0,0,1
2012-04-08,64,59,60,59,62,60,61,65,1,14,16,0,0,0,0,0,0,0,0,1
2012-04-09,64,59,60,59,63,60,62,65,1,14,16,0,0,0,0,0,0,0,0,1
2012-04-10,65,59,61,60,63,60,62,66,1,14,16,0,0,0,0,0,0,0,0,1
2012-04-11,65,59,61,60,64,61,62,66,1,14,16,0,0,0,0,0,0,0,0,1
2012-04-12,66,60,61,60,64,61,62,67,1,14,17,0,0,0,0,0,0,0,0,1
2012-04-13,66,60,61,61,64,62,62,67,1,14,17,0,0,0,0,0,0,0,0,1
2012-04-14,66,60,61,61,64,62,62,68,1,14,18,0,0,0,0,0,0,0,0,1
2012-04-15,67,61,61,62,64,63,62,68,1,14,18,0,0,0,0,0,0,0,0,1
2012-04-16,67,61,62,62,65,63,62,68,1,14,18,0,0,0,0,0,0,0,0,1
2012-04-17,68,61,62,62,65,64,63,68,1,14,19,0,0,0,0,0,0,0,0,1
2012-04-18,68,62,62,63,65,64,63,68,1,14,19,0,0,0,0,0,0,0,0,1
2012-04-19,68,62,63,63,65,64,64,69,1,14,20,0,0,0,0,0,0,0,0,1
2012-04-20,69,63,63,63,65,64,64,69,1,14,20,0,0,0,0,0,0,0,0,1
2012-04-21,69,63,64,63,65,65,64,70,1,14,21,0,0,0,0,0,0,0,0,1
2012-04-22,69,64,64,64,66,65,65,70,1,14,21,0,0,0,0,0,0,0,0,1
2012-04-23,70,64,64,64,66,66,65,70,1,14,21,0,0,0,0,0,0,0,0,1
2012-04-24,70,64,65,65,66,66,66,70,1,14,22,0,0,0,0,0,0,0,0,1
2012-04-25,71,65,65,65,67,66,66,71,1,14,22,0,0,0,0,0,0,0,0,1
2012-04-26,71,65,65,65,67,66,67,71,1,14,23,0,0,0,0,0,0,0,0,1
2012-04-27,71,65,66,65,68,66,67,71,1,14,23,0,0,0,0,0,0,0,0,1
2012-04-28,72,66,66,66,68,66,67,72,1,14,23,0,0,0,0,0,0,0,0,1
2012-04-29,72,66,67,66,69,67,68,72,1,14,23,0,0,0,0,0,0,0,0,1
2012-04-30,72,66,67,67,69,67,68,73,1,14,23,0,0,0,0,0,0,0,0,1
2012-05-01,72,66,68,67,69,68,69,73,1,14,24,0,0,0,0,0,0,0,0,1
2012-05-02,73,67,68,67,69,68,69,73,1,14,24,0,0,0,0,0,0,0,0,1
2012-05-03,73,67,68,67,70,68,69,73,1,14,25,0,0,0,0,0,0,0,0,1
2012-05-04,73,67,68,67,70,68,70,74,1,14,25,0,0,0,0,0,0,0,0,1
2012-05-05,73,68,68,68,70,69,70,74,1,14,26,0,0,0,0,0,0,0,0,1
2012-05-06,74,68,68,68,71,69,71,75,1,14,26,0,0,0,0,0,0,0,0,1
2012-05-07,74,68,69,69,71,69,71,75,1,14,26,0,0,0,0,0,0,0,0,1
2012-05-08,74,69,69,69,71,70,72,75,1,14,27,0,0,0,0,0,0,0,0,1
2012-05-09,75,69,69,69,72,70,72,75,1,14,27,0,0,0,0,0,0,0,0,1
2012-05-10,75,69,70,69,72,71,73,76,1,14,27,0,0,0,0,0,0,0,0,1
2012-05-11,76,69,70,69,72,71,73,76,1,14,28,0,0,0,0,0,0,0,0,1
2012-05-12,76,69,71,70,73,71,73,77,1,14,28,0,0,0,0,0,0,0,0,1
2012-05-13,76,70,71,70,73,72,74,77,1,14,29,0,0,0,0,0,0,0,0,1
2012-05-14,77,70,71,71,74,72,74,78,1,14,29,0,0,0,0,0,0,0,0,1
2012-05-15,77,71,72,71,74,72,74,78,1,14,29,0,0,0,0,0,0,0,0,1
2012-05-16,77,71,72,72,75,72,74,78,1,14,29,0,0,0,0,0,0,0,0,1
2012-05-17,78,72,73,72,75,72,74,79,1,14,29,0,0,0,0,0,0,0,0,1
2012-05-18,78,72,73,72,75,73,75,79,1,14,29,0,0,0,0,0,0,0,0,1
2012-05-19,78,73,74,73,75,73,75,79,1,14,30,0,0,0,0,0,0,0,0,1
2012-05-20,79,73,74,73,76,74,76,79,1,14,30,0,0,0,0,0,0,0,0,1
2012-05-22,79,73,75,74,76,74,76,79,1,14,30,0,0,0,0,0,0,0,0,1
2012-05-23,79,73,75,74,77,74,76,80,1,14,30,0,0,0,0,0,0,0,0,1
2012-05-25,79,73,76,74,77,74,76,81,1,14,30,0,0,0,0,0,0,0,0,1
2012-05-27,79,73,76,75,77,74,76,82,1,14,30,0,0,0,0,0,0,0,0,1
2013-04-03,79,73,77,76,77,74,76,82,1,14,30,0,0,0,0,0,0,0,0,1
2013-04-04,80,73,77,76,78,74,76,82,1,14,30,0,0,0,0,0,0,0,0,1
2013-04-05,80,73,77,76,78,74,76,82,1,14,31,1,0,0,0,0,0,0,0,1
2013-04-06,80,73,78,76,79,75,76,83,1,14,31,1,0,0,0,0,0,0,0,1
2013-04-07,81,74,78,76,79,75,76,83,1,14,32,2,0,0,0,0,0,0,0,1
2013-04-08,81,74,78,77,79,76,76,83,1,14,32,2,0,0,0,0,0,0,0,1
2013-04-09,82,74,79,77,80,76,76,83,1,14,32,3,0,0,0,0,0,0,0,1
2013-04-10,82,75,79,77,80,76,76,84,1,14,32,3,0,0,0,0,0,0,0,1
2013-04-11,83,75,79,78,80,77,76,84,1,14,33,3,0,0,0,0,0,0,0,1
2013-04-12,83,75,80,78,80,77,76,84,1,14,33,4,0,0,0,0,0,0,0,1
2013-04-13,84,75,80,78,81,77,76,85,1,14,34,4,0,0,0,0,0,0,0,1
2013-04-14,84,76,80,79,81,78,76,85,1,14,34,5,0,0,0,0,0,0,0,1
2013-04-15,84,76,80,79,81,78,76,86,1,14,35,5,0,0,0,0,0,0,0,1
2013-04-16,85,77,81,80,81,78,76,86,1,14,35,5,0,0,0,0,0,0,0,1
2013-04-17,85,77,81,80,82,79,76,86,1,14,36,6,0,0,0,0,0,0,0,1
2013-04-18,85,77,82,80,82,79,76,87,1,14,36,6,0,0,0,0,0,0,0,1
2013-04-19,85,78,82,80,82,79,76,87,1,14,36,7,0,0,0,0,0,0,0,1
2013-04-20,86,78,82,81,82,80,76,88,1,14,36,7,0,0,0,0,0,0,0,1
2013-04-21,86,79,83,81,83,80,76,88,1,14,37,7,0,0,0,0,0,0,0,1
2013-04-22,86,79,83,81,83,81,76,89,1,14,37,7,0,0,0,0,0,0,0,1
2013-04-23,87,80,84,81,83,81,76,89,1,14,38,7,0,0,0,0,0,0,0,1
2013-04-24,87,80,84,82,84,81,76,89,1,14,38,7,0,0,0,0,0,0,0,1
2013-04-25,87,80,84,82,84,81,76,90,1,14,38,8,0,0,0,0,0,0,0,1
2013-04-26,87,81,84,83,84,81,76,90,1,14,38,8,0,0,0,0,0,0,0,1
2013-04-27,88,81,84,83,85,82,76,90,1,14,38,9,0,0,0,0,0,0,0,1
2013-04-28,88,81,85,84,85,82,76,91,1,14,39,9,0,0,0,0,0,0,0,1
2013-04-29,89,82,85,84,86,83,76,91,1,14,39,9,0,0,0,0,0,0,0,1
2013-04-30,89,82,85,84,86,83,76,92,1,14,40,9,0,0,0,0,0,0,0,1
2013-05-01,89,82,86,85,87,83,76,92,1,14,40,10,0,0,0,0,0,0,0,1
2013-05-02,90,83,86,85,87,83,76,93,1,14,41,10,0,0,0,0,0,0,0,1
2013-05-03,90,83,86,86,87,84,76,93,1,14,41,10,0,0,0,0,0,0,0,1
2013-05-04,90,83,87,86,87,84,76,93,1,14,41,11,0,0,0,0,0,0,0,1
2013-05-05,90,83,87,86,88,85,76,94,1,14,42,11,0,0,0,0,0,0,0,1
2013-05-06,91,84,87,86,88,85,76,94,1,14,42,11,0,0,0,0,0,0,0,1
2013-05-07,91,84,88,87,89,86,76,94,1,14,42,11,0,0,0,0,0,0,0,1
2013-05-08,91,84,88,87,89,86,76,95,1,14,42,12,0,0,0,0,0,0,0,1
2013-05-09,91,85,88,88,89,87,76,95,1,14,43,12,0,0,0,0,0,0,0,1
2013-05-10,92,85,89,88,89,87,76,95,1,14,43,12,0,0,0,0,0,0,0,1
2013-05-11,92,86,89,88,90,87,76,95,1,14,44,13,0,0,0,0,0,0,0,1
2013-05-12,93,86,89,89,90,88,76,96,1,14,44,13,0,0,0,0,0,0,0,1
2013-05-13,93,86,89,89,91,88,76,96,1,14,44,14,0,0,0,0,0,0,0,1
2013-05-14,94,87,90,89,91,88,76,97,1,14,44,14,0,0,0,0,0,0,0,1
2013-05-15,94,87,90,90,92,89,76,97,1,14,45,14,0,0,0,0,0,0,0,1
2013-05-16,94,88,91,90,92,89,76,97,1,14,45,14,0,0,0,0,0,0,0,1
2013-05-17,94,88,91,90,92,90,76,97,1,14,45,15,0,0,0,0,0,0,0,1
2013-05-18,95,89,91,90,93,90,76,98,1,14,45,15,0,0,0,0,0,0,0,1
2013-05-19,95,89,92,91,93,90,76,98,1,14,46,16,0,0,0,0,0,0,0,1
2013-05-21,95,89,92,91,94,90,76,99,1,14,46,16,0,0,0,0,0,0,0,1
2013-05-22,95,89,92,91,94,91,76,99,1,14,46,17,0,0,0,0,0,0,0,1
2013-05-24,95,89,92,91,95,92,76,99,1,14,46,17,0,0,0,0,0,0,0,1
2013-05-26,95,89,92,91,96,92,76,100,1,14,46,17,0,0,0,0,0,0,0,1
2014-04-16,95,89,92,92,97,92,76,100,2,14,46,17,0,0,0,0,0,0,0,2
2014-04-17,96,89,93,92,97,92,76,100,2,14,46,17,0,0,0,0,0,0,0,2
2014-04-18,96,90,93,92,97,93,76,101,2,14,46,18,0,0,0,0,0,0,0,2
2014-04-19,97,90,94,93,98,93,76,101,2,14,46,18,0,0,0,0,0,0,0,2
2014-04-20,97,91,94,93,98,94,76,101,2,14,46,18,0,0,0,0,0,0,0,2
2014-04-21,97,91,95,93,98,94,76,102,2,14,46,18,0,0,0,0,0,0,0,2
2014-04-22,97,92,95,93,98,94,76,102,2,14,46,19,0,0,0,0,0,0,0,2
2014-04-23,97,92,95,93,98,95,76,103,2,14,46,19,0,0,0,0,0,0,0,2
2014-04-24,98,92,95,94,98,95,76,103,2,14,46,19,0,0,0,0,0,0,0,2
2014-04-25,98,92,96,94,99,95,76,104,2,14,46,20,0,0,0,0,0,0,0,2
2014-04-26,99,93,96,95,99,96,76,104,2,14,46,20,0,0,0,0,0,0,0,2
2014-04-27,99,93,97,95,100,96,76,105,2,14,46,21,0,0,0,0,0,0,0,2
2014-04-28,100,94,97,95,100,96,76,105,2,14,46,21,0,0,0,0,0,0,0,2
2014-04-29,100,94,97,96,100,97,76,105,2,14,46,21,0,0,0,0,0,0,0,2
2014-04-30,100,94,97,96,101,97,76,105,2,14,46,22,0,0,0,0,0,0,0,2
2014-05-02,100,94,97,97,101,97,76,106,2,14,46,22,0,0,0,0,0,0,0,2
2014-05-03,100,95,98,97,102,98,76,106,2,14,46,22,0,0,0,0,0,0,0,2
2014-05-04,101,95,98,97,102,98,76,106,2,14,46,23,0,0,0,0,0,0,0,2
2014-05-05,101,95,99,98,102,99,76,107,2,14,46,23,0,0,0,0,0,0,0,2
2014-05-06,102,95,99,98,103,99,76,107,2,14,46,23,0,0,0,0,0,0,0,2
2014-05-07,102,96,100,99,103,99,76,108,2,14,46,23,0,0,0,0,0,0,0,2
2014-05-08,102,96,100,99,103,100,76,108,2,14,46,24,0,0,0,0,0,0,0,2
2014-05-09,103,97,100,99,103,100,76,108,2,14,46,24,0,0,0,0,0,0,0,2
2014-05-10,103,97,101,99,104,100,76,109,2,14,46,25,0,0,0,0,0,0,0,2
2014-05-11,104,98,101,100,104,101,76,109,2,14,46,25,0,0,0,0,0,0,0,2
2014-05-12,104,98,101,100,105,101,76,109,2,14,46,26,0,0,0,0,0,0,0,2
2014-05-13,105,98,102,100,105,102,76,110,2,14,46,26,0,0,0,0,0,0,0,2
2014-05-14,105,99,102,101,106,102,76,110,2,14,46,27,0,0,0,0,0,0,0,2
2014-05-15,105,99,103,101,106,103,76,110,2,14,46,27,0,0,0,0,0,0,0,2
2014-05-18,106,99,103,102,106,103,76,111,2,14,46,28,0,0,0,0,0,0,0,2
2014-05-19,106,100,104,102,107,104,76,111,2,14,46,28,0,0,0,0,0,0,0,2
2014-05-20,107,100,104,103,107,104,76,112,2,14,46,29,0,0,0,0,0,0,0,2
2014-05-21,107,101,104,103,108,104,76,112,2,14,46,29,0,0,0,0,0,0,0,2
2014-05-22,108,101,104,104,108,104,76,113,2,14,46,30,0,0,0,0,0,0,0,2
2014-05-23,108,102,105,104,109,105,76,113,2,14,46,30,0,0,0,0,0,0,0,2
2014-05-24,109,102,105,105,109,105,76,114,2,14,46,31,0,0,0,0,0,0,0,2
2014-05-25,109,103,106,105,110,106,76,114,2,14,46,31,0,0,0,0,0,0,0,2
May 27-28, 2014,109,104,106,106,110,106,76,114,2,14,46,31,0,0,0,0,0,0,0,2
2014-05-28,109,104,106,106,111,106,76,115,2,14,46,31,0,0,0,0,0,0,0,2
2014-05-30,109,105,106,106,111,106,76,116,2,14,46,31,0,0,0,0,0,0,0,2
2014-06-01,109,106,106,107,111,106,76,116,2,14,46,31,0,0,0,0,0,0,0,2
2015-04-08,109,106,106,108,112,106,76,116,2,14,46,31,0,0,0,0,0,0,0,2
2015-04-09,109,106,107,108,112,106,76,117,2,14,46,31,0,0,0,0,0,0,0,2
2015-04-10,109,107,107,108,112,107,76,117,2,14,46,31,0,0,0,0,0,0,0,2
2015-04-11,110,107,107,109,112,107,76,118,2,14,46,32,0,0,0,0,0,0,0,2
2015-04-12,110,108,108,109,113,108,76,118,2,14,46,32,0,0,0,0,0,0,0,2
2015-04-13,111,108,108,109,113,108,76,118,2,14,46,33,0,0,0,0,0,0,0,2
2015-04-14,111,108,108,109,114,109,76,118,2,14,46,33,0,0,0,0,0,0,0,2
2015-04-15,111,109,109,109,114,109,76,118,2,14,46,33,0,0,0,0,0,0,0,2
2015-04-16,111,109,109,109,114,110,76,118,2,14,46,34,0,0,0,0,0,0,0,2
2015-04-17,111,109,109,109,115,110,76,119,2,14,46,34,0,0,0,0,0,0,0,2
2015-04-18,111,110,110,110,115,110,76,119,2,14,46,35,0,0,0,0,0,0,0,2
2015-04-19,112,110,110,110,116,111,76,120,2,14,46,35,0,0,0,0,0,0,0,2
2015-04-20,112,110,111,111,116,111,76,120,2,14,46,35,0,0,0,0,0,0,0,2
2015-04-21,112,111,111,111,116,112,76,120,2,14,46,35,0,0,0,0,0,0,0,2
2015-04-22,113,111,111,112,116,112,76,121,2,14,46,36,0,0,0,0,0,0,0,2
2015-04-23,113,111,112,112,117,112,76,121,2,14,46,36,0,0,0,0,0,0,0,2
2015-04-24,114,111,112,112,117,113,76,121,2,14,46,36,0,0,0,0,0,0,0,2
2015-04-25,114,112,112,112,118,113,76,122,2,14,46,37,0,0,0,0,0,0,0,2
2015-04-26,115,112,113,113,118,114,76,122,2,14,46,37,0,0,0,0,0,0,0,2
2015-04-27,115,113,113,113,118,114,76,122,2,14,46,38,0,0,0,0,0,0,0,2
2015-04-28,115,113,113,114,118,114,76,123,2,14,46,38,0,0,0,0,0,0,0,2
2015-04-29,116,113,113,114,118,115,76,123,2,14,46,38,0,0,0,0,0,0,0,2
2015-04-30,116,113,113,115,118,115,76,124,2,14,46,38,0,0,0,0,0,0,0,2
2015-05-01,116,114,114,115,119,116,76,124,2,14,46,38,0,0,0,0,0,0,0,2
2015-05-02,117,114,114,116,119,116,76,125,2,14,46,39,0,0,0,0,0,0,0,2
2015-05-03,117,115,115,116,120,117,76,125,2,14,46,39,0,0,0,0,0,0,0,2
2015-05-04,118,115,115,117,120,117,76,126,2,14,46,40,0,0,0,0,0,0,0,2
2015-05-05,118,115,116,117,121,117,76,126,2,14,46,40,0,0,0,0,0,0,0,2
2015-05-06,119,116,116,117,121,117,76,126,2,14,46,40,0,0,0,0,0,0,0,2
2015-05-07,119,116,117,118,121,118,76,126,2,14,46,41,0,0,0,0,0,0,0,2
2015-05-08,119,116,117,118,122,118,76,127,2,14,46,41,0,0,0,0,0,0,0,2
2015-05-09,119,117,118,119,122,118,76,127,2,14,46,42,0,0,0,0,0,0,0,2
2015-05-10,120,117,118,119,123,119,76,128,2,14,46,42,0,0,0,0,0,0,0,2
2015-05-11,120,118,118,119,123,119,76,128,2,14,46,43,0,0,0,0,0,0,0,2
2015-05-12,120,118,119,119,123,119,76,129,2,14,46,43,0,0,0,0,0,0,0,2
2015-05-13,121,119,119,119,123,119,76,129,2,14,46,43,0,0,0,0,0,0,0,2
2015-05-14,121,119,119,120,124,119,76,129,2,14,46,43,0,0,0,0,0,0,0,2
2015-05-15,122,119,119,120,124,119,76,129,2,14,46,44,0,0,0,0,0,0,0,2
2015-05-16,122,120,119,121,124,120,76,130,2,14,46,44,0,0,0,0,0,0,0,2
2015-05-17,123,120,120,121,125,120,76,130,2,14,46,45,0,0,0,0,0,0,0,2
2015-05-19,123,120,120,121,126,120,76,131,2,14,46,45,0,0,0,0,0,0,0,2
2015-05-20,124,120,120,121,126,121,76,131,2,14,46,45,0,0,0,0,0,0,0,2
2015-05-22,125,120,120,121,126,121,76,132,2,14,46,45,0,0,0,0,0,0,0,2
2015-05-24,125,120,120,121,127,121,76,133,2,14,46,45,0,0,0,0,0,0,0,2
2016-04-09,125,120,120,121,128,121,76,133,2,14,46,45,0,1,0,0,0,0,0,2
2016-04-10,125,120,121,122,128,121,76,133,2,14,46,45,0,1,0,0,0,0,0,2
2016-04-11,125,121,121,122,128,121,76,133,2,14,46,45,1,1,0,0,0,0,0,2
2016-04-12,126,121,121,122,128,121,76,133,2,14,46,46,1,1,0,0,0,0,0,2
2016-04-13,126,121,121,123,129,121,76,133,2,14,46,46,1,1,0,0,0,0,0,2
2016-04-14,126,121,121,123,129,121,76,133,2,14,46,46,2,2,0,0,0,0,0,2
2016-04-15,126,122,122,123,129,121,76,133,2,14,46,46,2,2,0,0,0,0,0,2
2016-04-16,126,122,122,124,130,121,76,133,2,14,46,47,3,2,0,0,0,0,0,2
2016-04-17,127,123,123,124,130,121,76,133,2,14,46,47,3,3,0,0,0,0,0,2
2016-04-18,127,123,123,124,131,121,76,133,2,14,46,48,3,3,0,0,0,0,0,2
2016-04-19,127,124,123,125,131,121,76,133,2,14,46,48,3,3,0,0,0,0,0,2
2016-04-20,128,124,123,125,132,121,76,133,2,14,46,48,3,3,0,0,0,0,0,2
2016-04-21,128,124,123,125,132,121,76,133,2,14,46,49,4,3,0,0,0,0,0,2
2016-04-22,129,124,123,125,132,121,76,133,2,14,46,49,4,4,0,0,0,0,0,2
2016-04-23,129,125,124,125,133,121,76,133,2,14,46,50,4,4,0,0,0,0,0,2
2016-04-24,130,125,124,126,133,121,76,133,2,14,46,50,5,5,0,0,0,0,0,2
2016-04-25,130,126,124,126,134,121,76,133,2,14,46,50,5,5,0,0,0,0,0,2
2016-04-26,130,126,124,126,134,121,76,133,2,14,46,51,5,6,0,0,0,0,0,2
2016-04-27,130,126,125,126,134,121,76,133,2,14,46,51,6,6,0,0,0,0,0,2
2016-04-28,130,126,125,127,135,121,76,133,2,14,46,51,6,6,0,0,0,0,0,2
2016-04-29,130,126,125,127,135,121,76,133,2,14,46,51,7,7,0,0,0,0,0,2
2016-04-30,131,126,126,128,135,121,76,133,2,14,46,52,7,7,0,0,0,0,0,2
2016-05-01,131,127,126,128,136,121,76,133,2,14,46,52,8,8,0,0,0,0,0,2
2016-05-02,132,127,126,129,136,121,76,133,2,14,46,52,8,8,0,0,0,0,0,2
2016-05-03,132,127,127,129,136,121,76,133,2,14,46,52,9,8,0,0,0,0,0,2
2016-05-04,132,128,127,130,136,121,76,133,2,14,46,52,9,8,0,0,0,0,0,2
2016-05-05,132,128,128,130,136,121,76,133,2,14,46,52,9,9,0,0,0,0,0,2
2016-05-06,132,128,128,130,136,121,76,133,2,14,46,53,10,9,0,0,0,0,0,2
2016-05-07,133,129,129,130,136,121,76,133,2,14,46,53,10,10,0,0,0,0,0,2
2016-05-08,133,129,129,131,137,121,76,133,2,14,46,54,11,10,0,0,0,0,0,2
2016-05-09,134,130,129,131,137,121,76,133,2,14,46,54,11,10,0,0,0,0,0,2
2016-05-10,134,130,129,131,137,121,76,133,2,14,46,55,11,11,0,0,0,0,0,2
2016-05-11,135,130,129,131,138,121,76,133,2,14,46,55,11,11,0,0,0,0,0,2
2016-05-12,135,130,130,131,138,121,76,133,2,14,46,56,11,11,0,0,0,0,0,2
2016-05-13,135,131,130,131,139,121,76,133,2,14,46,56,11,11,0,0,0,0,0,2
2016-05-14,136,131,130,132,139,121,76,133,2,14,46,56,12,12,0,0,0,0,0,2
2016-05-15,136,132,131,132,140,121,76,133,2,14,46,57,12,12,0,0,0,0,0,2
2016-05-16,137,132,131,133,140,121,76,133,2,14,46,57,12,12,0,0,0,0,0,2
2016-05-17,137,132,132,133,140,121,76,133,2,14,46,57,12,13,0,0,0,0,0,2
2016-05-18,138,133,132,133,140,121,76,133,2,14,46,57,12,13,0,0,0,0,0,2
2016-05-19,138,133,132,134,140,121,76,133,2,14,46,57,13,13,0,0,0,0,0,2
2016-05-20,138,133,133,134,140,121,76,133,2,14,46,58,13,13,0,0,0,0,0,2
2016-05-21,138,134,133,134,141,121,76,133,2,14,46,58,14,14,0,0,0,0,0,2
2016-05-22,139,134,134,135,141,121,76,133,2,14,46,59,14,14,0,0,0,0,0,2
2016-05-24,140,134,134,135,141,121,76,133,2,14,46,59,15,14,0,0,0,0,0,2
2016-05-25,140,134,134,136,141,121,76,133,2,14,46,60,15,14,0,0,0,0,0,2
2016-05-27,140,134,134,136,141,121,76,133,2,14,46,61,16,14,0,0,0,0,0,2
2016-05-29,141,134,134,136,141,121,76,133,2,14,46,62,16,14,0,0,0,0,0,2
2017-04-05,142,134,134,136,141,121,76,133,2,14,46,63,16,14,0,0,0,0,0,2
2017-04-06,142,134,134,136,142,121,76,133,2,14,46,63,16,14,1,0,0,0,0,2
2017-04-07,142,134,134,137,142,121,76,133,2,14,46,63,17,14,1,0,0,0,0,2
2017-04-08,143,135,135,137,142,121,76,133,2,14,46,63,17,14,2,0,0,0,0,2
2017-04-09,143,135,135,138,143,121,76,133,2,14,46,64,18,14,2,0,0,0,0,2
2017-04-10,144,136,135,138,143,121,76,133,2,14,46,64,18,14,2,0,0,0,0,2
2017-04-11,144,136,136,138,143,121,76,133,2,14,46,64,18,14,3,0,0,0,0,2
2017-04-12,144,136,136,138,144,121,76,133,2,14,46,65,18,14,3,0,0,0,0,2
2017-04-13,144,137,136,139,144,121,76,133,2,14,46,65,18,14,3,0,0,0,0,2
2017-04-14,145,137,136,139,145,121,76,133,2,14,46,65,19,14,4,0,0,0,0,2
2017-04-15,145,138,137,140,145,121,76,133,2,14,46,66,19,14,4,0,0,0,0,2
2017-04-16,146,138,137,140,146,121,76,133,2,14,46,66,20,14,5,0,0,0,0,2
2017-04-17,146,139,138,141,146,121,76,133,2,14,46,67,20,14,5,0,0,0,0,2
2017-04-18,147,139,138,141,146,121,76,133,2,14,46,67,21,14,5,0,0,0,0,2
2017-04-19,147,139,139,141,146,121,76,133,2,14,46,68,21,14,5,0,0,0,0,2
2017-04-20,147,140,139,141,147,121,76,133,2,14,46,68,21,14,5,0,0,0,0,2
2017-04-21,147,140,139,142,147,121,76,133,2,14,46,68,22,14,5,0,0,0,0,2
2017-04-22,147,140,140,142,148,121,76,133,2,14,46,69,22,14,6,0,0,0,0,2
2017-04-23,148,141,140,143,148,121,76,133,2,14,46,69,23,14,6,0,0,0,0,2
2017-04-24,148,141,140,143,149,121,76,133,2,14,46,69,23,14,7,0,0,0,0,2
2017-04-25,149,141,140,143,149,121,76,133,2,14,46,70,23,14,7,0,0,0,0,2
2017-04-26,149,141,140,144,149,121,76,133,2,14,46,70,23,14,8,0,0,0,0,2
2017-04-27,150,141,140,144,149,121,76,133,2,14,46,70,24,14,8,0,0,0,0,2
2017-04-28,150,142,141,145,149,121,76,133,2,14,46,71,24,14,8,0,0,0,0,2
2017-04-29,151,142,141,145,150,121,76,133,2,14,46,71,25,14,9,0,0,0,0,2
2017-04-30,151,143,142,146,150,121,76,133,2,14,46,72,25,14,9,0,0,0,0,2
2017-05-01,152,143,142,146,151,121,76,133,2,14,46,72,26,14,10,0,0,0,0,2
2017-05-02,152,143,143,146,151,121,76,133,2,14,46,73,26,14,10,0,0,0,0,2
2017-05-03,152,143,143,147,151,121,76,133,2,14,46,73,26,14,11,0,0,0,0,2
2017-05-04,152,143,144,147,151,121,76,133,2,14,46,73,27,14,11,0,0,0,0,2
2017-05-05,153,144,144,147,151,121,76,133,2,14,46,73,27,14,11,0,0,0,0,2
2017-05-06,153,144,145,147,152,121,76,133,2,14,46,74,27,14,12,0,0,0,0,2
2017-05-07,154,145,145,148,152,121,76,133,2,14,46,74,28,14,12,0,0,0,0,2
2017-05-08,154,145,145,148,153,121,76,133,2,14,46,75,28,14,12,0,0,0,0,2
2017-05-09,154,146,145,149,153,121,76,133,2,14,46,75,28,14,12,0,0,0,0,2
2017-05-10,154,146,146,149,153,121,76,133,2,14,46,75,29,14,12,0,0,0,0,2
2017-05-11,154,147,146,149,154,121,76,133,2,14,46,75,29,14,12,0,0,0,0,2
2017-05-12,154,147,147,149,154,121,76,133,2,14,46,75,29,14,13,0,0,0,0,2
2017-05-13,154,147,147,150,155,121,76,133,2,14,46,76,30,14,13,0,0,0,0,2
2017-05-14,155,148,148,150,155,121,76,133,2,14,46,76,30,14,14,0,0,0,0,2
2017-05-16,155,148,148,150,156,121,76,133,2,14,46,76,30,14,15,0,0,0,0,2
2017-05-17,155,148,148,151,156,121,76,133,2,14,46,77,30,14,15,0,0,0,0,2
2017-05-19,155,148,148,152,157,121,76,133,2,14,46,77,30,14,15,0,0,0,0,2
2017-05-21,155,148,148,152,158,121,76,133,2,14,46,77,30,14,16,0,0,0,0,2
2018-04-07,155,148,148,152,159,121,76,134,2,14,46,77,30,14,16,0,0,0,0,2
2018-04-08,156,149,149,153,159,121,76,134,2,14,46,77,30,14,16,0,0,0,0,2
2018-04-09,156,149,149,153,159,122,76,134,2,14,46,78,30,14,16,0,0,0,0,2
2018-04-10,156,149,149,154,159,122,76,135,2,14,46,78,30,14,16,0,0,0,0,2
2018-04-11,156,149,150,154,159,123,76,135,2,14,46,78,30,14,16,0,0,0,0,2
2018-04-12,156,149,150,154,160,123,76,135,2,14,46,79,30,14,16,0,0,0,0,2
2018-04-13,157,150,150,154,160,123,76,135,2,14,46,79,30,14,16,0,0,0,0,2
2018-04-14,157,150,151,155,161,123,76,135,2,14,46,80,30,14,16,0,0,0,0,2
2018-04-15,158,151,151,155,161,124,76,136,2,14,46,80,30,14,16,0,0,0,0,2
2018-04-16,158,151,152,156,161,124,76,136,2,14,46,80,30,14,16,0,0,0,0,2
2018-04-17,159,151,152,156,162,124,76,136,2,14,46,80,30,14,16,0,0,0,0,2
2018-04-18,159,151,152,157,162,125,76,136,2,14,46,80,30,14,16,0,0,0,0,2
2018-04-19,159,152,152,157,162,125,76,136,2,14,46,81,30,14,16,0,0,0,0,2
2018-04-20,159,152,152,157,162,126,76,137,2,14,46,81,30,14,16,0,0,0,0,2
2018-04-21,160,153,153,158,162,126,76,137,2,14,46,81,30,14,16,0,0,0,0,2
2018-04-22,160,153,153,158,163,127,76,138,2,14,46,82,30,14,16,0,0,0,0,2
2018-04-23,160,154,154,158,163,127,76,138,2,14,46,82,30,14,16,0,0,0,0,2
2018-04-24,160,154,154,158,164,127,76,138,2,14,46,83,30,14,16,0,0,0,0,2
2018-04-25,161,154,154,158,164,127,76,139,2,14,46,83,30,14,16,0,0,0,0,2
2018-04-26,161,155,154,158,164,127,76,139,2,14,46,84,30,14,16,0,0,0,0,2
2018-04-27,161,155,155,159,164,127,76,139,2,14,46,84,30,14,16,0,0,0,0,2
2018-04-28,161,155,155,159,165,127,76,140,2,14,46,84,30,14,16,0,0,0,0,2
2018-04-29,162,155,155,160,165,128,76,140,2,14,46,85,30,14,16,0,0,0,0,2
2018-04-30,162,155,156,160,165,128,76,141,2,14,46,85,30,14,16,0,0,0,0,2
2018-05-01,163,155,156,160,166,128,76,141,2,14,46,85,30,14,16,0,0,0,0,2
2018-05-02,163,155,157,160,166,129,76,141,2,14,46,85,30,14,16,0,0,0,0,2
2018-05-03,163,155,157,161,166,129,76,142,2,14,46,85,30,14,16,0,0,0,0,2
2018-05-04,163,156,157,161,167,129,76,142,2,14,46,85,30,14,16,0,0,0,0,2
2018-05-05,164,156,158,161,167,129,76,143,2,14,46,86,30,14,16,0,0,0,0,2
2018-05-06,164,157,158,162,168,130,76,143,2,14,46,86,30,14,16,0,0,0,0,2
2018-05-07,165,157,158,162,168,130,76,143,2,14,46,87,30,14,16,0,0,0,0,2
2018-05-08,165,158,158,162,168,131,76,143,2,14,46,87,30,14,16,0,0,0,0,2
2018-05-09,165,158,158,163,169,131,76,143,2,14,46,87,30,14,16,0,0,0,0,2
2018-05-10,165,158,159,163,169,131,76,143,2,14,46,88,30,14,16,0,0,0,0,2
2018-05-11,165,158,159,163,169,132,76,144,2,14,46,88,30,14,16,0,0,0,0,2
2018-05-12,166,159,160,164,169,132,76,144,2,14,46,88,30,14,16,0,0,0,0,2
2018-05-13,166,159,160,164,170,133,76,145,2,14,46,89,30,14,16,0,0,0,0,2
2018-05-14,167,160,160,164,170,133,76,145,2,14,46,89,30,14,16,0,0,0,0,2
2018-05-15,167,160,160,165,170,134,76,145,2,14,46,89,30,14,16,0,0,0,0,2
2018-05-16,167,161,160,165,171,134,76,145,2,14,46,89,30,14,16,0,0,0,0,2
2018-05-17,168,161,160,165,171,134,76,145,2,14,46,90,30,14,16,0,0,0,0,2
2018-05-18,168,161,161,165,171,134,76,146,2,14,46,90,30,14,16,0,0,0,0,2
2018-05-19,169,161,161,166,171,135,76,146,2,14,46,91,30,14,16,0,0,0,0,2
2018-05-20,169,162,162,166,172,135,76,147,2,14,46,91,30,14,16,0,0,0,0,2
2018-05-22,169,162,162,166,172,135,76,148,2,14,46,92,30,14,16,0,0,0,0,2
2018-05-23,169,162,162,167,172,136,76,148,2,14,46,92,30,14,16,0,0,0,0,2
2018-05-25,169,162,162,168,172,136,76,148,2,14,46,93,30,14,16,0,0,0,0,2
2018-05-27,169,162,162,168,172,136,76,149,2,14,46,94,30,14,16,0,0,0,0,2
2019-03-23,170,162,162,168,172,136,76,150,2,14,46,94,30,14,16,0,0,0,0,2
2019-03-24,170,162,162,169,173,136,76,150,2,14,46,95,30,14,16,1,0,0,0,2
2019-03-25,170,163,162,169,173,137,76,150,2,14,46,95,30,14,16,1,0,0,0,2
2019-03-26,170,163,162,169,173,137,76,151,2,14,46,95,30,14,16,2,0,0,0,2
2019-03-27,170,164,162,170,173,137,76,151,2,14,46,95,30,14,16,2,0,0,0,2
2019-03-28,171,164,162,170,174,137,76,151,2,14,46,95,30,14,16,2,0,0,0,2
2019-03-29,171,164,162,170,174,138,76,151,2,14,46,96,30,14,16,2,0,0,0,2
2019-03-30,171,165,162,171,175,138,76,151,2,14,46,96,30,14,16,3,0,0,0,2
2019-03-31,172,165,162,171,175,139,76,152,2,14,46,97,30,14,16,3,0,0,0,2
2019-04-01,172,166,162,171,175,139,76,152,2,14,46,97,30,14,16,4,0,0,0,2
2019-04-02,173,166,162,171,175,140,76,152,2,14,46,97,30,14,16,4,0,0,0,2
2019-04-03,173,166,162,171,176,140,76,153,2,14,46,97,30,14,16,4,0,0,0,2
2019-04-04,173,166,162,171,176,140,76,153,2,14,46,98,30,14,16,5,0,0,0,2
2019-04-05,174,166,162,172,176,140,76,153,2,14,46,98,30,14,16,5,0,0,0,2
2019-04-06,174,167,162,172,177,140,76,154,2,14,46,99,30,14,16,5,0,0,0,2
2019-04-07,175,167,162,173,177,141,76,154,2,14,46,99,30,14,16,6,0,0,0,2
2019-04-08,175,168,162,173,177,141,76,154,2,14,46,100,30,14,16,6,0,0,0,2
2019-04-09,175,168,162,174,177,141,76,155,2,14,46,100,30,14,16,6,0,0,0,2
2019-04-10,175,169,162,174,178,141,76,155,2,14,46,100,30,14,16,6,0,0,0,2
2019-04-11,175,169,162,174,178,142,76,156,2,14,46,100,30,14,16,6,0,0,0,2
2019-04-12,175,169,162,175,178,142,76,156,2,14,46,100,30,14,16,7,0,0,0,2
2019-04-13,176,170,162,175,179,143,76,156,2,14,46,100,30,14,16,7,0,0,0,2
2019-04-14,176,170,162,176,179,143,76,157,2,14,46,101,30,14,16,8,0,0,0,2
2019-04-15,177,170,162,176,180,143,76,157,2,14,46,101,30,14,16,8,0,0,0,2
2019-04-16,177,171,162,176,180,144,76,157,2,14,46,101,30,14,16,8,0,0,0,2
2019-04-17,177,171,162,176,180,144,76,158,2,14,46,102,30,14,16,8,0,0,0,2
2019-04-18,177,171,162,176,181,144,76,158,2,14,46,102,30,14,16,9,0,0,0,2
2019-04-19,178,171,162,177,181,144,76,158,2,14,46,102,30,14,16,9,0,0,0,2
2019-04-20,178,172,162,177,182,145,76,158,2,14,46,102,30,14,16,10,0,0,0,2
2019-04-21,179,172,162,178,182,145,76,159,2,14,46,103,30,14,16,10,0,0,0,2
2019-04-22,179,172,162,178,182,146,76,159,2,14,46,103,30,14,16,11,0,0,0,2
2019-04-23,179,172,162,178,182,146,76,160,2,14,46,104,30,14,16,11,0,0,0,2
2019-04-24,180,173,162,178,182,146,76,160,2,14,46,104,30,14,16,11,0,0,0,2
2019-04-25,180,173,162,179,182,147,76,160,2,14,46,104,30,14,16,11,0,0,0,2
2019-04-26,180,173,162,179,183,147,76,161,2,14,46,104,30,14,16,11,0,0,0,2
2019-04-27,180,173,162,179,183,148,76,161,2,14,46,105,30,14,16,11,0,0,0,2
2019-04-28,181,173,162,180,184,148,76,161,2,14,46,105,30,14,16,12,0,0,0,2
2019-04-29,181,174,162,180,184,148,76,161,2,14,46,106,30,14,16,12,0,0,0,2
2019-04-30,182,174,162,180,184,149,76,161,2,14,46,106,30,14,16,12,0,0,0,2
2019-05-01,182,174,162,180,184,149,76,162,2,14,46,106,30,14,16,13,0,0,0,2
2019-05-02,182,174,162,180,185,149,76,162,2,14,46,107,30,14,16,13,0,0,0,2
2019-05-03,182,175,162,181,185,149,76,162,2,14,46,107,30,14,16,13,0,0,0,2
2019-05-04,183,175,162,181,185,150,76,162,2,14,46,108,30,14,16,14,0,0,0,2
2019-05-05,183,176,162,182,186,150,76,163,2,14,46,108,30,14,16,14,0,0,0,2
2019-05-07,183,176,162,182,187,150,76,164,2,14,46,108,30,14,16,14,0,0,0,2
2019-05-08,183,176,162,182,187,150,76,164,2,14,46,109,30,14,16,15,0,0,0,2
2019-05-10,183,176,162,182,187,150,76,165,2,14,46,109,30,14,16,16,0,0,0,2
2019-05-12,183,176,162,182,188,150,76,166,2,14,46,109,30,14,16,16,0,0,0,2
2020-09-19,183,176,162,182,189,150,76,167,3,14,46,109,30,14,16,16,0,0,0,3
2020-09-20,183,177,162,182,189,150,76,167,3,14,46,109,30,14,16,17,0,0,0,3
2020-09-21,184,177,162,182,189,150,76,167,3,14,46,110,30,14,16,17,0,0,0,3
2020-09-22,184,177,162,182,189,151,76,168,3,14,46,110,30,14,16,17,0,0,0,3
2020-09-23,184,177,162,183,190,151,76,168,3,14,46,110,30,14,16,17,0,0,0,3
2020-09-24,185,178,162,183,190,151,76,168,3,14,46,110,30,14,16,17,0,0,0,3
2020-09-25,185,178,162,183,190,151,76,169,3,14,46,110,30,14,16,18,0,0,0,3
2020-09-26,185,178,162,184,190,151,76,169,3,14,46,111,30,14,16,18,0,0,0,3
2020-09-27,185,179,162,184,190,152,76,169,3,14,46,111,30,14,16,18,0,0,0,3
2020-09-28,186,179,162,184,191,152,76,169,3,14,46,111,30,14,16,18,0,0,0,3
2020-09-29,186,179,162,184,191,152,76,169,3,14,46,112,30,14,16,19,0,0,0,3
2020-09-30,186,179,162,185,191,153,76,169,3,14,46,112,30,14,16,19,0,0,0,3
2020-10-01,186,180,162,185,192,153,76,169,3,14,46,112,30,14,16,19,0,0,0,3
2020-10-02,186,180,162,185,192,153,76,170,3,14,46,113,30,14,16,19,0,0,0,3
2020-10-03,187,180,162,186,192,154,76,170,3,14,46,113,30,14,16,20,0,0,0,3
2020-10-04,187,181,162,186,193,154,76,171,3,14,46,114,30,14,16,20,0,0,0,3
2020-10-05,188,181,162,186,193,154,76,171,3,14,46,114,30,14,16,21,0,0,0,3
2020-10-06,188,181,162,186,194,155,76,171,3,14,46,114,30,14,16,21,0,0,0,3
2020-10-07,188,181,162,187,194,155,76,172,3,14,46,114,30,14,16,21,0,0,0,3
2020-10-08,188,182,162,187,194,155,76,172,3,14,46,115,30,14,16,21,0,0,0,3
2020-10-09,188,182,162,187,194,156,76,172,3,14,46,115,30,14,16,22,0,0,0,3
2020-10-10,189,183,162,188,194,156,76,173,3,14,46,115,30,14,16,22,0,0,0,3
2020-10-11,189,183,162,188,195,157,76,173,3,14,46,116,30,14,16,23,0,0,0,3
2020-10-12,190,183,162,189,195,157,76,173,3,14,46,116,30,14,16,23,0,0,0,3
2020-10-13,190,183,162,189,195,157,76,174,3,14,46,117,30,14,16,23,0,0,0,3
2020-10-14,190,183,162,189,195,158,76,174,3,14,46,117,30,14,16,24,0,0,0,3
2020-10-15,191,184,162,189,195,158,76,174,3,14,46,117,30,14,16,24,0,0,0,3
2020-10-16,191,184,162,190,196,158,76,174,3,14,46,117,30,14,16,24,0,0,0,3
2020-10-17,192,184,162,190,196,159,76,175,3,14,46,117,30,14,16,25,0,0,0,3
2020-10-18,192,185,162,191,197,159,76,175,3,14,46,118,30,14,16,25,0,0,0,3
2020-10-19,192,185,162,191,197,160,76,176,3,14,46,118,30,14,16,25,0,0,0,3
2020-10-20,192,186,162,191,197,160,76,176,3,14,46,118,30,14,16,26,0,0,0,3
2020-10-21,193,186,162,192,197,160,76,176,3,14,46,118,30,14,16,26,0,0,0,3
2020-10-22,193,186,162,192,197,161,76,176,3,14,46,119,30,14,16,26,0,0,0,3
2020-10-23,193,186,162,192,198,161,76,177,3,14,46,119,30,14,16,26,0,0,0,3
2020-10-24,193,187,162,193,198,161,76,177,3,14,46,120,30,14,16,27,0,0,0,3
2020-10-25,194,187,162,193,199,162,76,178,3,14,46,120,30,14,16,27,0,0,0,3
2020-10-26,194,188,162,194,199,162,76,178,3,14,46,120,30,14,16,27,0,0,0,3
2020-10-27,194,188,162,194,199,162,76,178,3,14,46,121,30,14,16,28,0,0,0,3
2020-10-28,195,188,162,194,200,162,76,178,3,14,46,121,30,14,16,28,0,0,0,3
2020-10-29,195,188,162,195,200,162,76,179,3,14,46,121,30,14,16,28,0,0,0,3
2020-10-30,195,189,162,195,200,163,76,179,3,14,46,121,30,14,16,28,0,0,0,3
2020-10-31,196,189,162,195,201,163,76,179,3,14,46,122,30,14,16,29,0,0,0,3
2020-11-01,196,190,162,196,201,164,76,180,3,14,46,122,30,14,16,29,0,0,0,3
2020-11-02,197,190,162,196,201,164,76,180,3,14,46,122,30,14,16,30,0,0,0,3
2020-11-03,197,190,162,196,202,164,76,180,3,14,46,123,30,14,16,30,0,0,0,3
2020-11-05,197,190,162,196,203,164,76,180,3,14,46,123,30,14,16,31,0,0,0,3
2020-11-06,198,190,162,196,203,164,76,180,3,14,46,124,30,14,16,31,0,0,0,3
2020-11-08,198,190,162,196,203,164,76,180,3,14,46,125,30,14,16,32,0,0,0,3
2020-11-10,198,190,162,196,204,164,76,180,3,14,46,125,30,14,16,33,0,0,0,3
2021-04-09,199,190,162,196,205,164,76,180,3,14,46,125,30,14,16,33,0,0,0,3
2021-04-10,199,190,162,196,205,164,76,181,3,14,46,125,30,14,16,34,0,0,0,3
2021-04-11,199,190,162,197,205,164,76,181,3,14,46,126,30,14,16,34,0,0,0,3
2021-04-12,199,190,162,197,205,165,76,181,3,14,46,126,30,14,16,34,1,0,0,3
2021-04-13,199,190,162,198,206,165,76,181,3,14,46,126,30,14,16,34,1,0,0,3
2021-04-14,200,190,162,198,206,165,76,181,3,14,46,127,30,14,16,34,1,0,0,3
2021-04-15,200,190,162,198,206,166,76,181,3,14,46,127,30,14,16,35,1,0,0,3
2021-04-16,200,190,162,198,206,166,76,182,3,14,46,127,30,14,16,35,2,0,0,3
2021-04-17,200,190,162,198,207,166,76,182,3,14,46,128,30,14,16,35,2,0,0,3
2021-04-18,201,190,162,199,207,166,76,182,3,14,46,128,30,14,16,36,3,0,0,3
2021-04-19,201,190,162,199,207,167,76,183,3,14,46,128,30,14,16,36,3,0,0,3
2021-04-20,201,190,162,199,208,167,76,183,3,14,46,128,30,14,16,37,3,0,0,3
2021-04-21,201,190,162,200,208,167,76,184,3,14,46,129,30,14,16,37,4,0,0,3
2021-04-22,202,190,162,200,208,168,76,184,3,14,46,129,30,14,16,37,4,0,0,3
2021-04-23,202,190,162,200,209,168,76,184,3,14,46,129,30,14,16,37,5,0,0,3
2021-04-24,202,190,162,201,209,169,76,184,3,14,46,129,30,14,16,37,5,0,0,3
2021-04-25,203,190,162,201,209,169,76,185,3,14,46,130,30,14,16,38,5,0,0,3
2021-04-26,203,190,162,202,209,169,76,185,3,14,46,130,30,14,16,38,6,0,0,3
2021-04-27,204,190,162,202,209,169,76,185,3,14,46,130,30,14,16,39,6,0,0,3
2021-04-28,204,190,162,202,209,169,76,186,3,14,46,131,30,14,16,39,6,0,0,3
2021-04-29,204,190,162,203,210,170,76,186,3,14,46,131,30,14,16,40,6,0,0,3
2021-04-30,205,190,162,203,210,170,76,186,3,14,46,131,30,14,16,40,7,0,0,3
2021-05-01,205,190,162,203,211,170,76,187,3,14,46,131,30,14,16,40,7,0,0,3
2021-05-02,205,190,162,203,211,171,76,187,3,14,46,132,30,14,16,41,8,0,0,3
2021-09-19,205,190,162,203,212,171,76,188,3,14,46,132,30,14,16,41,8,0,0,3
2021-09-20,206,190,162,204,212,171,76,188,3,14,46,132,30,14,16,41,8,0,0,3
2021-09-21,206,190,162,204,212,172,76,188,3,14,46,132,30,14,16,41,9,0,0,3
2021-09-22,206,190,162,204,212,172,76,188,3,14,46,133,30,14,16,42,9,0,0,3
2021-09-23,206,190,162,205,213,172,76,188,3,14,46,133,30,14,16,42,9,0,0,3
2021-09-24,207,190,162,205,213,172,76,189,3,14,46,133,30,14,16,42,9,0,0,3
2021-09-25,207,190,162,205,213,173,76,189,3,14,46,134,30,14,16,43,10,0,0,3
2021-09-26,208,190,162,206,214,173,76,190,3,14,46,134,30,14,16,43,10,0,0,3
2021-09-27,208,190,162,206,214,174,76,190,3,14,46,135,30,14,16,43,10,0,0,3
2021-09-28,208,190,162,207,215,174,76,190,3,14,46,135,30,14,16,44,11,0,0,3
2021-09-29,209,190,162,207,215,175,76,190,3,14,46,135,30,14,16,44,11,0,0,3
2021-09-30,209,190,162,207,215,175,76,191,3,14,46,136,30,14,16,44,11,0,0,3
2021-10-01,209,190,162,208,215,175,76,191,3,14,46,136,30,14,16,44,12,0,0,3
2021-10-02,209,190,162,208,216,176,76,192,3,14,46,136,30,14,16,45,12,0,0,3
2021-10-03,210,190,162,209,216,176,76,192,3,14,46,137,30,14,16,45,13,0,0,3
2021-10-04,210,190,162,209,216,176,76,193,3,14,46,137,30,14,16,46,13,0,0,3
2021-10-05,210,190,162,209,217,177,76,193,3,14,46,137,30,14,16,46,13,0,0,3
2021-10-06,211,190,162,209,217,177,76,193,3,14,46,138,30,14,16,46,13,0,0,3
2021-10-07,211,190,162,210,217,178,76,194,3,14,46,138,30,14,16,46,14,0,0,3
2021-10-08,212,190,162,210,218,178,76,194,3,14,46,139,30,14,16,47,14,0,0,3
2021-10-10,212,190,162,210,218,178,76,195,3,14,46,139,30,14,16,48,14,0,0,3
2021-10-11,213,190,162,211,218,178,76,195,3,14,46,139,30,14,16,48,14,0,0,3
2021-10-13,213,190,162,212,218,178,76,195,3,14,46,139,30,14,16,49,14,0,0,3
2021-10-15,213,190,162,213,218,178,76,196,3,14,46,139,30,14,16,49,14,0,0,3
2022-03-26,213,190,162,214,218,178,76,197,3,14,46,139,30,14,16,49,14,0,0,3
2022-03-27,214,190,162,214,219,178,76,197,3,14,46,139,30,14,16,50,15,0,0,3
2022-03-28,214,190,162,214,219,178,76,197,3,14,46,139,30,14,16,50,15,1,1,3
2022-03-29,214,190,162,214,219,179,76,197,3,14,46,140,30,14,16,50,15,1,1,3
2022-03-30,215,190,162,215,219,179,76,197,3,14,46,140,30,14,16,50,15,1,1,3
2022-03-31,215,190,162,215,219,179,76,198,3,14,46,140,30,14,16,50,15,1,2,3
2022-04-01,215,190,162,216,219,179,76,198,3,14,46,140,30,14,16,50,16,1,2,3
2022-04-02,215,190,162,216,220,180,76,198,3,14,46,140,30,14,16,51,16,2,2,3
2022-04-03,215,190,162,216,220,180,76,199,3,14,46,140,30,14,16,51,17,2,2,3
2022-04-04,215,190,162,216,220,180,76,199,3,14,46,141,30,14,16,51,17,2,3,3
2022-04-05,216,190,162,216,220,181,76,199,3,14,46,141,30,14,16,51,17,2,3,3
2022-04-06,216,190,162,217,221,181,76,199,3,14,46,141,30,14,16,51,17,2,3,3
2022-04-07,216,190,162,217,221,181,76,199,3,14,46,141,30,14,16,52,17,2,4,3
2022-04-08,216,190,162,217,221,181,76,199,3,14,46,141,30,14,16,52,18,3,4,3
2022-04-09,217,190,162,217,222,181,76,200,3,14,46,142,30,14,16,52,18,3,4,3
2022-04-10,217,190,162,218,222,182,76,200,3,14,46,142,30,14,16,53,18,3,5,3
2022-04-11,217,190,162,218,222,182,76,200,3,14,46,143,30,14,16,53,18,4,5,3
2022-04-12,218,190,162,218,222,182,76,201,3,14,46,143,30,14,16,53,18,4,5,3
2022-04-13,218,190,162,218,223,182,76,201,3,14,46,143,30,14,16,53,19,4,5,3
2022-04-14,218,190,162,218,223,183,76,201,3,14,46,143,30,14,16,53,19,5,5,3
2022-04-15,218,190,162,219,223,183,76,201,3,14,46,144,30,14,16,53,19,5,5,3
2022-04-16,219,190,162,219,224,183,76,201,3,14,46,144,30,14,16,54,19,5,6,3
2022-04-17,219,190,162,219,224,183,76,202,3,14,46,145,30,14,16,54,20,6,6,3
2022-04-18,219,190,162,220,224,184,76,202,3,14,46,145,30,14,16,54,20,6,6,3
2022-04-19,220,190,162,220,224,184,76,202,3,14,46,145,30,14,16,54,20,6,7,3
2022-04-20,220,190,162,220,224,184,76,202,3,14,46,145,30,14,16,55,21,6,7,3
2022-04-21,220,190,162,220,225,184,76,203,3,14,46,145,30,14,16,55,21,6,7,3
2022-04-22,220,190,162,220,225,185,76,203,3,14,46,145,30,14,16,56,21,6,7,3
2022-04-23,221,190,162,221,225,185,76,203,3,14,46,146,30,14,16,56,21,7,7,3
2022-04-24,221,190,162,221,226,185,76,203,3,14,46,146,30,14,16,56,21,7,8,3
2022-04-25,221,190,162,221,226,185,76,204,3,14,46,146,30,14,16,56,22,7,8,3
2022-04-26,222,190,162,221,226,186,76,204,3,14,46,146,30,14,16,56,22,7,8,3
2022-04-27,222,190,162,221,226,186,76,204,3,14,46,147,30,14,16,56,22,8,8,3
2022-04-28,222,190,162,222,226,186,76,204,3,14,46,147,30,14,16,57,22,8,8,3
2022-04-29,222,190,162,222,226,186,76,204,3,14,46,147,30,14,16,57,23,8,9,3
2022-04-30,223,190,162,222,227,187,76,204,3,14,46,147,30,14,16,57,23,9,9,3
2022-05-01,223,190,162,222,227,187,76,205,3,14,46,148,30,14,16,58,23,9,10,3
2022-05-02,223,190,162,223,227,188,76,205,3,14,46,148,30,14,16,58,23,9,10,3
2022-05-03,223,190,162,223,227,188,76,205,3,14,46,148,30,14,16,58,24,10,10,3
2022-05-04,224,190,162,223,227,188,76,206,3,14,46,148,30,14,16,58,24,10,10,3
2022-05-05,224,190,162,223,227,188,76,206,3,14,46,149,30,14,16,59,24,10,10,3
2022-05-06,224,190,162,223,228,188,76,206,3,14,46,149,30,14,16,59,24,11,10,3
2022-05-07,224,190,162,224,228,189,76,206,3,14,46,149,30,14,16,59,25,11,11,3
2022-05-08,225,190,162,224,228,189,76,207,3,14,46,150,30,14,16,60,25,11,11,3
2022-05-09,225,190,162,225,229,189,76,207,3,14,46,150,30,14,16,60,25,11,11,3
2022-05-10,225,190,162,225,229,189,76,207,3,14,46,150,30,14,16,60,25,12,12,3
2022-05-11,225,190,162,225,229,190,76,207,3,14,46,150,30,14,16,61,25,12,12,3
2022-05-12,225,190,162,225,230,190,76,208,3,14,46,150,30,14,16,61,25,12,12,3
2022-05-13,226,190,162,225,230,190,76,208,3,14,46,150,30,14,16,61,26,12,12,3
2022-05-14,226,190,162,226,230,190,76,208,3,14,46,151,30,14,16,61,26,12,12,3
2022-05-15,226,190,162,226,230,191,76,209,3,14,46,151,30,14,16,61,26,13,13,3
2022-05-16,226,190,162,226,230,191,76,209,3,14,46,151,30,14,16,62,27,13,13,3
2022-05-17,226,190,162,226,231,191,76,209,3,14,46,152,30,14,16,62,27,13,13,3
2022-05-18,226,190,162,227,231,191,76,209,3,14,46,152,30,14,16,62,27,13,14,3
2022-05-19,227,190,162,227,231,191,76,209,3,14,46,152,30,14,16,62,27,14,14,3
2022-05-20,227,190,162,227,231,192,76,210,3,14,46,152,30,14,16,62,27,14,14,3
2022-05-21,227,190,162,227,232,192,76,210,3,14,46,152,30,14,16,63,27,14,14,3
2022-05-22,227,190,162,227,232,192,76,210,3,14,46,153,30,14,16,63,28,14,14,3
2022-05-24,227,190,162,227,232,193,76,210,3,14,46,153,30,14,16,63,28,15,14,3
2022-05-25,228,190,162,227,232,193,76,210,3,14,46,153,30,14,16,63,28,15,15,3
2022-05-27,229,190,162,227,232,194,76,210,3,14,46,153,30,14,16,63,28,15,15,3
2022-05-29,229,190,162,227,232,195,76,210,3,14,46,153,30,14,16,63,28,16,15,3
