,RCB,Kings XI,Daredevils,KKR,Mumbai,Royals,Chargers,Super Kings,Kochi,Warriors,Sunrisers,Guj Lions,Supergiants,Supergiant,Capitals,Punjab Kings,Titans,Super Giants
2008-04-18,0,0,0,1,0,0,0,0,0,0,0,0,0,0,0,0,0,0
2008-04-19,0,0,1,1,0,0,0,1,0,0,0,0,0,0,0,0,0,0
2008-04-20,1,0,1,2,0,0,0,1,0,0,0,0,0,0,0,0,0,0
2008-04-21,1,0,1,2,0,1,0,1,0,0,0,0,0,0,0,0,0,0
2008-04-22,1,0,2,2,0,1,0,1,0,0,0,0,0,0,0,0,0,0
2008-04-23,1,0,2,2,0,1,0,2,0,0,0,0,0,0,0,0,0,0
2008-04-24,1,0,2,2,0,2,0,2,0,0,0,0,0,0,0,0,0,0
2008-04-25,1,1,2,2,0,2,0,2,0,0,0,0,0,0,0,0,0,0
2008-04-26,1,1,2,2,0,3,0,3,0,0,0,0,0,0,0,0,0,0
2008-04-27,1,2,2,2,0,3,1,3,0,0,0,0,0,0,0,0,0,0
2008-04-28,1,2,2,2,0,3,1,4,0,0,0,0,0,0,0,0,0,0
2008-04-29,1,2,2,2,1,3,1,4,0,0,0,0,0,0,0,0,0,0
2008-04-30,1,2,3,2,1,3,1,4,0,0,0,0,0,0,0,0,0,0
2008-05-01,1,3,3,2,1,4,1,4,0,0,0,0,0,0,0,0,0,0
2008-05-02,1,3,4,2,1,4,1,4,0,0,0,0,0,0,0,0,0,0
2008-05-03,2,4,4,2,1,4,1,4,0,0,0,0,0,0,0,0,0,0
2008-05-04,2,4,4,2,2,5,1,4,0,0,0,0,0,0,0,0,0,0
2008-05-05,2,5,4,2,2,5,1,4,0,0,0,0,0,0,0,0,0,0
2008-05-06,2,5,4,2,2,5,2,4,0,0,0,0,0,0,0,0,0,0
2008-05-07,2,5,4,2,3,5,2,4,0,0,0,0,0,0,0,0,0,0
2008-05-08,2,5,4,3,3,5,2,5,0,0,0,0,0,0,0,0,0,0
2008-05-09,2,5,4,3,3,6,2,5,0,0,0,0,0,0,0,0,0,0
2008-05-10,2,5,4,3,3,6,2,6,0,0,0,0,0,0,0,0,0,0
2008-05-11,2,5,4,4,3,7,2,6,0,0,0,0,0,0,0,0,0,0
2008-05-12,2,6,4,4,3,7,2,6,0,0,0,0,0,0,0,0,0,0
2008-05-13,2,6,4,5,3,7,2,6,0,0,0,0,0,0,0,0,0,0
2008-05-14,2,6,4,5,4,7,2,6,0,0,0,0,0,0,0,0,0,0
2008-05-15,2,6,5,5,4,7,2,6,0,0,0,0,0,0,0,0,0,0
2008-05-16,2,6,5,5,5,7,2,6,0,0,0,0,0,0,0,0,0,0
2008-05-17,2,7,5,5,5,8,2,6,0,0,0,0,0,0,0,0,0,0
2008-05-18,2,7,5,5,6,8,2,7,0,0,0,0,0,0,0,0,0,0
2008-05-19,2,7,6,5,6,8,2,7,0,0,0,0,0,0,0,0,0,0
2008-05-20,2,7,6,5,6,9,2,7,0,0,0,0,0,0,0,0,0,0
2008-05-21,3,8,6,5,6,9,2,7,0,0,0,0,0,0,0,0,0,0
2008-05-22,3,8,6,5,6,9,2,7,0,0,0,0,0,0,0,0,0,0
2008-05-23,3,9,6,5,6,9,2,7,0,0,0,0,0,0,0,0,0,0
2008-05-24,3,9,7,5,6,10,2,7,0,0,0,0,0,0,0,0,0,0
2008-05-25,4,9,7,6,6,10,2,7,0,0,0,0,0,0,0,0,0,0
2008-05-26,4,9,7,6,6,11,2,7,0,0,0,0,0,0,0,0,0,0
2008-05-27,4,9,7,6,6,11,2,8,0,0,0,0,0,0,0,0,0,0
2008-05-28,4,10,7,6,7,11,2,8,0,0,0,0,0,0,0,0,0,0
2008-05-30,4,10,7,6,7,12,2,8,0,0,0,0,0,0,0,0,0,0
2008-05-31,4,10,7,6,7,12,2,9,0,0,0,0,0,0,0,0,0,0
2008-06-01,4,10,7,6,7,13,2,9,0,0,0,0,0,0,0,0,0,0
2009-04-18,5,10,7,6,8,13,2,9,0,0,0,0,0,0,0,0,0,0
2009-04-19,5,10,8,6,8,13,3,9,0,0,0,0,0,0,0,0,0,0
2009-04-20,5,10,8,6,8,13,3,10,0,0,0,0,0,0,0,0,0,0
2009-04-21,5,10,8,7,8,13,3,10,0,0,0,0,0,0,0,0,0,0
2009-04-22,5,10,8,7,8,13,4,10,0,0,0,0,0,0,0,0,0,0
2009-04-23,5,10,9,7,8,13,4,10,0,0,0,0,0,0,0,0,0,0
2009-04-24,5,11,9,7,8,13,4,10,0,0,0,0,0,0,0,0,0,0
2009-04-25,5,11,9,7,8,13,5,10,0,0,0,0,0,0,0,0,0,0
2009-04-26,5,12,10,7,8,13,5,10,0,0,0,0,0,0,0,0,0,0
2009-04-27,5,12,10,7,9,13,6,10,0,0,0,0,0,0,0,0,0,0
2009-04-28,5,12,10,7,9,14,6,10,0,0,0,0,0,0,0,0,0,0
2009-04-29,6,13,10,7,9,14,6,10,0,0,0,0,0,0,0,0,0,0
2009-04-30,6,13,11,7,9,14,6,11,0,0,0,0,0,0,0,0,0,0
2009-05-01,7,13,11,7,10,14,6,11,0,0,0,0,0,0,0,0,0,0
2009-05-02,7,13,11,7,10,15,6,12,0,0,0,0,0,0,0,0,0,0
2009-05-03,8,14,11,7,10,15,6,12,0,0,0,0,0,0,0,0,0,0
2009-05-04,8,14,11,7,10,15,6,13,0,0,0,0,0,0,0,0,0,0
2009-05-05,8,14,12,7,10,16,6,13,0,0,0,0,0,0,0,0,0,0
2009-05-06,8,14,12,7,10,16,7,13,0,0,0,0,0,0,0,0,0,0
2009-05-07,8,14,12,7,10,17,7,14,0,0,0,0,0,0,0,0,0,0
2009-05-08,8,14,13,7,10,17,7,14,0,0,0,0,0,0,0,0,0,0
2009-05-09,8,15,13,7,10,17,7,15,0,0,0,0,0,0,0,0,0,0
2009-05-10,8,15,14,7,11,17,7,15,0,0,0,0,0,0,0,0,0,0
2009-05-11,8,15,14,7,11,17,8,15,0,0,0,0,0,0,0,0,0,0
2009-05-12,9,15,14,7,12,17,8,15,0,0,0,0,0,0,0,0,0,0
2009-05-13,9,15,15,7,12,17,8,15,0,0,0,0,0,0,0,0,0,0
2009-05-14,10,15,15,7,12,18,8,15,0,0,0,0,0,0,0,0,0,0
2009-05-15,10,16,15,7,12,18,8,15,0,0,0,0,0,0,0,0,0,0
2009-05-16,10,16,15,7,12,18,9,16,0,0,0,0,0,0,0,0,0,0
2009-05-17,10,17,16,7,12,18,9,16,0,0,0,0,0,0,0,0,0,0
2009-05-18,10,17,16,8,12,18,9,16,0,0,0,0,0,0,0,0,0,0
2009-05-19,11,17,16,8,12,18,9,16,0,0,0,0,0,0,0,0,0,0
2009-05-20,11,17,16,9,12,18,9,17,0,0,0,0,0,0,0,0,0,0
2009-05-21,12,17,17,9,12,18,9,17,0,0,0,0,0,0,0,0,0,0
2009-05-22,12,17,17,9,12,18,10,17,0,0,0,0,0,0,0,0,0,0
2009-05-23,13,17,17,9,12,18,10,17,0,0,0,0,0,0,0,0,0,0
2009-05-24,13,17,17,9,12,18,11,17,0,0,0,0,0,0,0,0,0,0
2010-03-12,13,17,17,10,12,18,11,17,0,0,0,0,0,0,0,0,0,0
2010-03-13,13,17,18,10,13,18,11,17,0,0,0,0,0,0,0,0,0,0
2010-03-14,13,17,18,11,13,18,12,17,0,0,0,0,0,0,0,0,0,0
2010-03-15,13,17,19,11,13,18,12,17,0,0,0,0,0,0,0,0,0,0
2010-03-16,14,17,19,11,13,18,12,18,0,0,0,0,0,0,0,0,0,0
2010-03-17,14,17,19,11,14,18,12,18,0,0,0,0,0,0,0,0,0,0
2010-03-18,15,17,19,11,14,18,12,18,0,0,0,0,0,0,0,0,0,0
2010-03-19,15,17,19,11,14,18,13,19,0,0,0,0,0,0,0,0,0,0
2010-03-20,16,17,19,11,14,19,13,19,0,0,0,0,0,0,0,0,0,0
2010-03-21,16,17,19,11,14,19,14,19,0,0,0,0,0,0,0,0,0,0
2010-03-22,16,17,19,11,15,19,14,19,0,0,0,0,0,0,0,0,0,0
2010-03-23,17,17,19,11,15,19,14,19,0,0,0,0,0,0,0,0,0,0
2010-03-24,17,17,19,11,15,20,14,19,0,0,0,0,0,0,0,0,0,0
2010-03-25,17,17,20,11,16,20,14,19,0,0,0,0,0,0,0,0,0,0
2010-03-26,17,17,20,11,16,21,14,19,0,0,0,0,0,0,0,0,0,0
2010-03-27,17,17,20,12,16,21,14,19,0,0,0,0,0,0,0,0,0,0
2010-03-28,17,17,20,12,17,22,14,19,0,0,0,0,0,0,0,0,0,0
2010-03-29,17,17,21,12,17,22,14,19,0,0,0,0,0,0,0,0,0,0
2010-03-30,17,17,21,12,18,22,14,19,0,0,0,0,0,0,0,0,0,0
2010-03-31,17,17,22,12,18,22,14,20,0,0,0,0,0,0,0,0,0,0
2010-04-01,17,17,22,13,18,22,14,20,0,0,0,0,0,0,0,0,0,0
2010-04-02,18,17,22,13,18,22,14,20,0,0,0,0,0,0,0,0,0,0
2010-04-03,18,17,22,13,19,22,14,21,0,0,0,0,0,0,0,0,0,0
2010-04-04,18,18,23,13,19,22,14,21,0,0,0,0,0,0,0,0,0,0
2010-04-05,18,18,23,13,19,23,14,21,0,0,0,0,0,0,0,0,0,0
2010-04-06,18,18,23,13,19,23,14,22,0,0,0,0,0,0,0,0,0,0
2010-04-07,18,18,23,14,19,24,14,22,0,0,0,0,0,0,0,0,0,0
2010-04-08,18,18,23,14,19,24,15,22,0,0,0,0,0,0,0,0,0,0
2010-04-09,18,19,23,14,19,24,15,22,0,0,0,0,0,0,0,0,0,0
2010-04-10,19,19,23,14,19,24,16,22,0,0,0,0,0,0,0,0,0,0
2010-04-11,19,20,23,14,20,24,16,22,0,0,0,0,0,0,0,0,0,0
2010-04-12,19,20,23,14,20,24,17,22,0,0,0,0,0,0,0,0,0,0
2010-04-13,19,20,23,14,21,24,17,23,0,0,0,0,0,0,0,0,0,0
2010-04-14,20,20,23,14,21,24,17,23,0,0,0,0,0,0,0,0,0,0
2010-04-15,20,20,24,14,21,24,17,23,0,0,0,0,0,0,0,0,0,0
2010-04-16,20,20,24,14,21,24,18,23,0,0,0,0,0,0,0,0,0,0
2010-04-17,20,20,24,15,22,24,18,23,0,0,0,0,0,0,0,0,0,0
2010-04-18,20,20,24,15,22,24,19,24,0,0,0,0,0,0,0,0,0,0
2010-04-19,20,20,24,16,22,24,19,24,0,0,0,0,0,0,0,0,0,0
2010-04-21,20,20,24,16,23,24,19,24,0,0,0,0,0,0,0,0,0,0
2010-04-22,20,20,24,16,23,24,19,25,0,0,0,0,0,0,0,0,0,0
2010-04-24,21,20,24,16,23,24,19,25,0,0,0,0,0,0,0,0,0,0
2010-04-25,21,20,24,16,23,24,19,26,0,0,0,0,0,0,0,0,0,0
2011-04-08,21,20,24,16,23,24,19,27,0,0,0,0,0,0,0,0,0,0
2011-04-09,22,20,24,16,23,25,19,27,0,0,0,0,0,0,0,0,0,0
2011-04-10,22,20,24,16,24,25,19,27,0,1,0,0,0,0,0,0,0,0
2011-04-11,22,20,24,17,24,25,19,27,0,1,0,0,0,0,0,0,0,0
2011-04-12,22,20,24,17,25,26,19,27,0,1,0,0,0,0,0,0,0,0
2011-04-13,22,21,24,17,25,26,19,27,0,2,0,0,0,0,0,0,0,0
2011-04-14,22,21,24,17,25,26,20,27,0,2,0,0,0,0,0,0,0,0
2011-04-15,22,21,24,18,25,26,20,27,1,2,0,0,0,0,0,0,0,0
2011-04-16,22,22,24,18,25,26,20,28,1,2,0,0,0,0,0,0,0,0
2011-04-17,22,22,25,19,25,26,20,28,1,2,0,0,0,0,0,0,0,0
2011-04-18,22,22,25,19,25,26,20,28,2,2,0,0,0,0,0,0,0,0
2011-04-19,22,22,25,19,25,26,21,28,2,2,0,0,0,0,0,0,0,0
2011-04-20,22,22,25,19,26,26,21,28,3,2,0,0,0,0,0,0,0,0
2011-04-21,22,23,25,19,26,26,21,28,3,2,0,0,0,0,0,0,0,0
2011-04-22,23,23,25,19,27,26,21,28,3,2,0,0,0,0,0,0,0,0
2011-04-23,23,23,26,19,27,26,21,28,3,2,0,0,0,0,0,0,0,0
2011-04-24,23,23,26,19,28,27,21,28,3,2,0,0,0,0,0,0,0,0
2011-04-25,23,23,26,19,28,27,21,29,3,2,0,0,0,0,0,0,0,0
2011-04-26,24,23,26,19,28,27,21,29,3,2,0,0,0,0,0,0,0,0
2011-04-27,24,23,26,19,28,27,22,30,3,2,0,0,0,0,0,0,0,0
2011-04-28,24,23,26,20,28,27,22,30,3,2,0,0,0,0,0,0,0,0
2011-04-29,25,23,26,20,28,28,22,30,3,2,0,0,0,0,0,0,0,0
2011-04-30,25,23,27,21,28,28,22,30,3,2,0,0,0,0,0,0,0,0
2011-05-01,25,23,27,21,28,29,22,31,3,2,0,0,0,0,0,0,0,0
2011-05-02,25,23,27,21,29,29,22,31,4,2,0,0,0,0,0,0,0,0
2011-05-03,25,23,27,22,29,29,22,31,4,2,0,0,0,0,0,0,0,0
2011-05-04,25,23,27,22,30,29,22,32,4,2,0,0,0,0,0,0,0,0
2011-05-05,25,23,28,22,30,29,22,32,5,2,0,0,0,0,0,0,0,0
2011-05-06,26,23,28,22,30,29,22,32,5,2,0,0,0,0,0,0,0,0
2011-05-07,26,23,28,23,31,29,22,32,5,2,0,0,0,0,0,0,0,0
2011-05-08,27,23,28,23,31,29,22,32,5,3,0,0,0,0,0,0,0,0
2011-05-09,27,23,28,23,31,29,22,33,5,3,0,0,0,0,0,0,0,0
2011-05-10,27,24,28,23,31,29,22,33,5,4,0,0,0,0,0,0,0,0
2011-05-11,28,24,28,23,31,29,22,33,5,4,0,0,0,0,0,0,0,0
2011-05-12,28,24,28,23,31,29,22,34,5,4,0,0,0,0,0,0,0,0
2011-05-13,28,25,28,23,31,29,22,34,5,4,0,0,0,0,0,0,0,0
2011-05-14,29,25,28,23,31,29,23,34,5,4,0,0,0,0,0,0,0,0
2011-05-15,29,26,28,23,31,29,23,34,6,4,0,0,0,0,0,0,0,0
2011-05-16,29,26,28,23,31,29,24,34,6,4,0,0,0,0,0,0,0,0
2011-05-17,29,27,28,23,31,29,24,34,6,4,0,0,0,0,0,0,0,0
2011-05-18,29,27,28,23,31,29,24,35,6,4,0,0,0,0,0,0,0,0
2011-05-19,29,27,28,24,31,29,24,35,6,4,0,0,0,0,0,0,0,0
2011-05-20,29,27,28,24,31,30,24,35,6,4,0,0,0,0,0,0,0,0
2011-05-21,29,27,28,24,31,30,25,35,6,4,0,0,0,0,0,0,0,0
2011-05-22,30,27,28,24,32,30,25,35,6,4,0,0,0,0,0,0,0,0
2011-05-24,30,27,28,24,32,30,25,36,6,4,0,0,0,0,0,0,0,0
2011-05-25,30,27,28,24,33,30,25,36,6,4,0,0,0,0,0,0,0,0
2011-05-27,31,27,28,24,33,30,25,36,6,4,0,0,0,0,0,0,0,0
2011-05-28,31,27,28,24,33,30,25,37,6,4,0,0,0,0,0,0,0,0
2012-04-04,31,27,28,24,34,30,25,37,6,4,0,0,0,0,0,0,0,0
2012-04-05,31,27,29,24,34,30,25,37,6,4,0,0,0,0,0,0,0,0
2012-04-06,31,27,29,24,34,31,25,37,6,5,0,0,0,0,0,0,0,0
2012-04-07,32,27,29,24,34,31,25,38,6,5,0,0,0,0,0,0,0,0
2012-04-08,32,27,29,24,34,32,25,38,6,6,0,0,0,0,0,0,0,0
2012-04-09,32,27,29,24,35,32,25,38,6,6,0,0,0,0,0,0,0,0
2012-04-10,32,27,30,25,35,32,25,38,6,6,0,0,0,0,0,0,0,0
2012-04-11,32,27,30,25,36,32,25,38,6,6,0,0,0,0,0,0,0,0
2012-04-12,32,28,30,25,36,32,25,39,6,6,0,0,0,0,0,0,0,0
2012-04-13,32,28,30,26,36,32,25,39,6,6,0,0,0,0,0,0,0,0
2012-04-14,32,28,30,26,36,32,25,39,6,7,0,0,0,0,0,0,0,0
2012-04-15,32,29,30,26,36,33,25,39,6,7,0,0,0,0,0,0,0,0
2012-04-16,32,29,31,26,36,33,25,39,6,7,0,0,0,0,0,0,0,0
2012-04-17,33,29,31,26,36,34,25,39,6,7,0,0,0,0,0,0,0,0
2012-04-18,33,29,31,27,36,34,25,39,6,7,0,0,0,0,0,0,0,0
2012-04-19,33,29,32,27,36,34,25,40,6,7,0,0,0,0,0,0,0,0
2012-04-20,34,29,32,27,36,34,25,40,6,7,0,0,0,0,0,0,0,0
2012-04-21,34,29,32,27,36,34,25,41,6,8,0,0,0,0,0,0,0,0
2012-04-22,34,30,32,28,36,34,25,41,6,8,0,0,0,0,0,0,0,0
2012-04-23,35,30,32,28,36,34,25,41,6,8,0,0,0,0,0,0,0,0
2012-04-24,35,30,33,28,36,34,25,41,6,8,0,0,0,0,0,0,0,0
2012-04-25,35,30,33,28,37,34,25,41,6,8,0,0,0,0,0,0,0,0
2012-04-26,35,30,33,28,37,34,26,41,6,8,0,0,0,0,0,0,0,0
2012-04-27,35,30,34,28,37,34,26,41,6,8,0,0,0,0,0,0,0,0
2012-04-28,35,31,34,29,37,34,26,41,6,8,0,0,0,0,0,0,0,0
2012-04-29,35,31,35,29,38,34,26,41,6,8,0,0,0,0,0,0,0,0
2012-04-30,35,31,35,30,38,34,26,41,6,8,0,0,0,0,0,0,0,0
2012-05-01,35,31,36,30,38,34,27,41,6,8,0,0,0,0,0,0,0,0
2012-05-02,35,32,36,30,38,34,27,41,6,8,0,0,0,0,0,0,0,0
2012-05-03,35,32,36,30,39,34,27,41,6,8,0,0,0,0,0,0,0,0
2012-05-04,35,32,36,30,39,34,27,42,6,8,0,0,0,0,0,0,0,0
2012-05-05,35,32,36,31,39,35,27,42,6,8,0,0,0,0,0,0,0,0
2012-05-06,36,32,36,31,40,35,27,42,6,8,0,0,0,0,0,0,0,0
2012-05-07,36,32,36,32,40,35,27,42,6,8,0,0,0,0,0,0,0,0
2012-05-08,36,33,36,32,40,36,27,42,6,8,0,0,0,0,0,0,0,0
2012-05-09,37,33,36,32,40,36,27,42,6,8,0,0,0,0,0,0,0,0
2012-05-10,37,33,37,32,40,36,27,43,6,8,0,0,0,0,0,0,0,0
2012-05-11,38,33,37,32,40,36,27,43,6,8,0,0,0,0,0,0,0,0
2012-05-12,38,33,37,32,41,36,27,44,6,8,0,0,0,0,0,0,0,0
2012-05-13,38,34,37,32,41,37,27,44,6,8,0,0,0,0,0,0,0,0
2012-05-14,38,34,37,32,42,37,27,45,6,8,0,0,0,0,0,0,0,0
2012-05-15,38,34,38,32,42,37,27,45,6,8,0,0,0,0,0,0,0,0
2012-05-16,38,34,38,33,42,37,27,45,6,8,0,0,0,0,0,0,0,0
2012-05-17,39,35,38,33,42,37,27,45,6,8,0,0,0,0,0,0,0,0
2012-05-18,39,35,38,33,42,37,28,45,6,8,0,0,0,0,0,0,0,0
2012-05-19,39,35,39,34,42,37,28,45,6,8,0,0,0,0,0,0,0,0
2012-05-20,39,35,39,34,43,37,29,45,6,8,0,0,0,0,0,0,0,0
2012-05-22,39,35,39,35,43,37,29,45,6,8,0,0,0,0,0,0,0,0
2012-05-23,39,35,39,35,43,37,29,46,6,8,0,0,0,0,0,0,0,0
2012-05-25,39,35,39,35,43,37,29,47,6,8,0,0,0,0,0,0,0,0
2012-05-27,39,35,39,36,43,37,29,47,6,8,0,0,0,0,0,0,0,0
2013-04-03,39,35,39,37,43,37,29,47,6,8,0,0,0,0,0,0,0,0
2013-04-04,40,35,39,37,43,37,29,47,6,8,0,0,0,0,0,0,0,0
2013-04-05,40,35,39,37,43,37,29,47,6,8,1,0,0,0,0,0,0,0
2013-04-06,40,35,39,37,44,38,29,47,6,8,1,0,0,0,0,0,0,0
2013-04-07,40,36,39,37,44,38,29,47,6,8,1,0,0,0,0,0,0,0
2013-04-08,40,36,39,37,44,39,29,47,6,8,1,0,0,0,0,0,0,0
2013-04-09,41,36,39,37,45,39,29,47,6,8,1,0,0,0,0,0,0,0
2013-04-10,41,36,39,37,45,39,29,48,6,8,1,0,0,0,0,0,0,0
2013-04-11,42,36,39,37,45,39,29,48,6,9,1,0,0,0,0,0,0,0
2013-04-12,42,36,39,37,45,39,29,48,6,9,2,0,0,0,0,0,0,0
2013-04-13,42,36,39,37,46,39,29,49,6,9,2,0,0,0,0,0,0,0
2013-04-14,42,36,39,38,46,40,29,49,6,9,2,0,0,0,0,0,0,0
2013-04-15,42,36,39,38,46,40,29,49,6,10,2,0,0,0,0,0,0,0
2013-04-16,42,37,39,38,46,40,29,49,6,10,2,0,0,0,0,0,0,0
2013-04-17,42,37,39,38,46,41,29,49,6,10,3,0,0,0,0,0,0,0
2013-04-18,42,37,39,38,46,41,29,50,6,10,3,0,0,0,0,0,0,0
2013-04-19,42,37,39,38,46,41,29,50,6,10,4,0,0,0,0,0,0,0
2013-04-20,43,37,39,38,46,41,29,51,6,10,4,0,0,0,0,0,0,0
2013-04-21,43,38,40,38,46,41,29,51,6,10,4,0,0,0,0,0,0,0
2013-04-22,43,38,40,38,46,41,29,52,6,10,4,0,0,0,0,0,0,0
2013-04-23,44,39,40,38,46,41,29,52,6,10,4,0,0,0,0,0,0,0
2013-04-24,44,39,40,38,47,41,29,52,6,10,4,0,0,0,0,0,0,0
2013-04-25,44,39,40,38,47,41,29,53,6,10,4,0,0,0,0,0,0,0
2013-04-26,44,39,40,39,47,41,29,53,6,10,4,0,0,0,0,0,0,0
2013-04-27,44,39,40,39,48,42,29,53,6,10,4,0,0,0,0,0,0,0
2013-04-28,44,39,41,39,48,42,29,54,6,10,4,0,0,0,0,0,0,0
2013-04-29,44,39,41,39,49,43,29,54,6,10,4,0,0,0,0,0,0,0
2013-04-30,44,39,41,39,49,43,29,55,6,10,4,0,0,0,0,0,0,0
2013-05-01,44,39,42,39,49,43,29,55,6,10,5,0,0,0,0,0,0,0
2013-05-02,45,39,42,39,49,43,29,56,6,10,5,0,0,0,0,0,0,0
2013-05-03,45,39,42,40,49,43,29,56,6,10,5,0,0,0,0,0,0,0
2013-05-04,45,39,42,40,49,43,29,56,6,10,6,0,0,0,0,0,0,0
2013-05-05,45,39,42,40,50,44,29,56,6,10,6,0,0,0,0,0,0,0
2013-05-06,45,40,42,40,50,44,29,56,6,10,6,0,0,0,0,0,0,0
2013-05-07,45,40,42,40,51,45,29,56,6,10,6,0,0,0,0,0,0,0
2013-05-08,45,40,42,40,51,45,29,57,6,10,6,0,0,0,0,0,0,0
2013-05-09,45,40,42,41,51,46,29,57,6,10,6,0,0,0,0,0,0,0
2013-05-10,46,40,42,41,51,46,29,57,6,10,6,0,0,0,0,0,0,0
2013-05-11,46,40,42,41,52,46,29,57,6,10,7,0,0,0,0,0,0,0
2013-05-12,46,40,42,42,52,47,29,57,6,10,7,0,0,0,0,0,0,0
2013-05-13,46,40,42,42,53,47,29,57,6,10,7,0,0,0,0,0,0,0
2013-05-14,46,41,42,42,53,47,29,58,6,10,7,0,0,0,0,0,0,0
2013-05-15,46,41,42,42,54,47,29,58,6,11,7,0,0,0,0,0,0,0
2013-05-16,46,42,42,42,54,47,29,58,6,11,7,0,0,0,0,0,0,0
2013-05-17,46,42,42,42,54,47,29,58,6,11,8,0,0,0,0,0,0,0
2013-05-18,47,43,42,42,54,47,29,58,6,11,8,0,0,0,0,0,0,0
2013-05-19,47,43,42,42,54,47,29,58,6,12,9,0,0,0,0,0,0,0
2013-05-21,47,43,42,42,54,47,29,59,6,12,9,0,0,0,0,0,0,0
2013-05-22,47,43,42,42,54,48,29,59,6,12,9,0,0,0,0,0,0,0
2013-05-24,47,43,42,42,55,48,29,59,6,12,9,0,0,0,0,0,0,0
2013-05-26,47,43,42,42,56,48,29,59,6,12,9,0,0,0,0,0,0,0
2014-04-16,47,43,42,43,56,48,29,59,6,12,9,0,0,0,0,0,0,0
2014-04-17,48,43,42,43,56,48,29,59,6,12,9,0,0,0,0,0,0,0
2014-04-18,48,44,42,43,56,49,29,59,6,12,9,0,0,0,0,0,0,0
2014-04-19,49,44,43,43,56,49,29,59,6,12,9,0,0,0,0,0,0,0
2014-04-20,49,45,43,43,56,49,29,59,6,12,9,0,0,0,0,0,0,0
2014-04-21,49,45,43,43,56,49,29,60,6,12,9,0,0,0,0,0,0,0
2014-04-22,49,46,43,43,56,49,29,60,6,12,9,0,0,0,0,0,0,0
2014-04-23,49,46,43,43,56,49,29,61,6,12,9,0,0,0,0,0,0,0
2014-04-24,49,46,43,44,56,49,29,61,6,12,9,0,0,0,0,0,0,0
2014-04-25,49,46,43,44,56,49,29,62,6,12,10,0,0,0,0,0,0,0
2014-04-26,49,47,43,44,56,50,29,62,6,12,10,0,0,0,0,0,0,0
2014-04-27,49,47,44,44,56,50,29,63,6,12,10,0,0,0,0,0,0,0
2014-04-28,49,48,44,44,56,50,29,63,6,12,10,0,0,0,0,0,0,0
2014-04-29,49,48,44,44,56,50,29,63,6,12,10,0,0,0,0,0,0,0
2014-04-30,49,48,44,44,56,50,29,63,6,12,11,0,0,0,0,0,0,0
2014-05-02,49,48,44,44,56,50,29,64,6,12,11,0,0,0,0,0,0,0
2014-05-03,49,48,44,44,57,51,29,64,6,12,11,0,0,0,0,0,0,0
2014-05-04,50,48,44,44,57,51,29,64,6,12,11,0,0,0,0,0,0,0
2014-05-05,50,48,44,44,57,52,29,65,6,12,11,0,0,0,0,0,0,0
2014-05-06,50,48,44,44,58,52,29,65,6,12,11,0,0,0,0,0,0,0
2014-05-07,50,49,44,45,58,52,29,65,6,12,11,0,0,0,0,0,0,0
2014-05-08,50,49,44,45,58,52,29,65,6,12,12,0,0,0,0,0,0,0
2014-05-09,50,50,44,45,58,52,29,65,6,12,12,0,0,0,0,0,0,0
2014-05-10,50,50,44,45,58,52,29,66,6,12,13,0,0,0,0,0,0,0
2014-05-11,50,50,44,46,58,53,29,66,6,12,13,0,0,0,0,0,0,0
2014-05-12,50,50,44,46,59,53,29,66,6,12,13,0,0,0,0,0,0,0
2014-05-13,51,50,44,46,59,53,29,67,6,12,13,0,0,0,0,0,0,0
2014-05-14,51,51,44,47,59,53,29,67,6,12,13,0,0,0,0,0,0,0
2014-05-15,51,51,44,47,59,54,29,67,6,12,13,0,0,0,0,0,0,0
2014-05-18,52,51,44,48,59,54,29,67,6,12,13,0,0,0,0,0,0,0
2014-05-19,52,52,44,48,60,54,29,67,6,12,13,0,0,0,0,0,0,0
2014-05-20,52,52,44,49,60,54,29,67,6,12,14,0,0,0,0,0,0,0
2014-05-21,52,52,44,49,61,54,29,67,6,12,14,0,0,0,0,0,0,0
2014-05-22,52,52,44,50,61,54,29,67,6,12,15,0,0,0,0,0,0,0
2014-05-23,52,53,44,50,62,54,29,67,6,12,15,0,0,0,0,0,0,0
2014-05-24,52,53,44,51,62,54,29,68,6,12,15,0,0,0,0,0,0,0
2014-05-25,52,54,44,51,63,54,29,68,6,12,15,0,0,0,0,0,0,0
2014-05-27,52,54,44,52,63,54,29,68,6,12,15,0,0,0,0,0,0,0
2014-05-28,52,54,44,52,63,54,29,69,6,12,15,0,0,0,0,0,0,0
2014-05-30,52,55,44,52,63,54,29,69,6,12,15,0,0,0,0,0,0,0
2014-06-01,52,55,44,53,63,54,29,69,6,12,15,0,0,0,0,0,0,0
2015-04-08,52,55,44,54,63,54,29,69,6,12,15,0,0,0,0,0,0,0
2015-04-09,52,55,44,54,63,54,29,70,6,12,15,0,0,0,0,0,0,0
2015-04-10,52,55,44,54,63,55,29,70,6,12,15,0,0,0,0,0,0,0
2015-04-11,53,55,44,54,63,55,29,71,6,12,15,0,0,0,0,0,0,0
2015-04-12,53,56,44,54,63,56,29,71,6,12,15,0,0,0,0,0,0,0
2015-04-13,53,56,44,54,63,56,29,71,6,12,16,0,0,0,0,0,0,0
2015-04-14,53,56,44,54,63,57,29,71,6,12,16,0,0,0,0,0,0,0
2015-04-15,53,56,45,54,63,57,29,71,6,12,16,0,0,0,0,0,0,0
2015-04-16,53,56,45,54,63,58,29,71,6,12,16,0,0,0,0,0,0,0
2015-04-17,53,56,45,54,63,58,29,72,6,12,16,0,0,0,0,0,0,0
2015-04-18,53,56,46,55,63,58,29,72,6,12,16,0,0,0,0,0,0,0
2015-04-19,53,56,46,55,64,59,29,72,6,12,16,0,0,0,0,0,0,0
2015-04-20,53,56,46,56,64,59,29,72,6,12,16,0,0,0,0,0,0,0
2015-04-21,53,56,46,56,64,59,29,72,6,12,16,0,0,0,0,0,0,0
2015-04-22,53,56,46,56,64,59,29,73,6,12,17,0,0,0,0,0,0,0
2015-04-23,53,56,47,56,64,59,29,73,6,12,17,0,0,0,0,0,0,0
2015-04-24,54,56,47,56,64,59,29,73,6,12,17,0,0,0,0,0,0,0
2015-04-25,54,56,47,56,65,59,29,74,6,12,17,0,0,0,0,0,0,0
2015-04-26,55,56,47,56,65,59,29,74,6,12,17,0,0,0,0,0,0,0
2015-04-27,55,56,47,56,65,59,29,74,6,12,18,0,0,0,0,0,0,0
2015-04-28,55,56,47,56,65,59,29,75,6,12,18,0,0,0,0,0,0,0
2015-04-29,55,56,47,56,65,59,29,75,6,12,18,0,0,0,0,0,0,0
2015-04-30,55,56,47,57,65,59,29,75,6,12,18,0,0,0,0,0,0,0
2015-05-01,55,56,48,57,66,59,29,75,6,12,18,0,0,0,0,0,0,0
2015-05-02,56,56,48,57,66,59,29,75,6,12,19,0,0,0,0,0,0,0
2015-05-03,56,56,48,57,67,60,29,75,6,12,19,0,0,0,0,0,0,0
2015-05-04,56,56,48,58,67,60,29,76,6,12,19,0,0,0,0,0,0,0
2015-05-05,56,56,48,58,68,60,29,76,6,12,19,0,0,0,0,0,0,0
2015-05-06,57,56,48,58,68,60,29,76,6,12,19,0,0,0,0,0,0,0
2015-05-07,57,56,48,59,68,60,29,76,6,12,20,0,0,0,0,0,0,0
2015-05-08,57,56,48,59,69,60,29,76,6,12,20,0,0,0,0,0,0,0
2015-05-09,57,56,48,60,69,60,29,76,6,12,21,0,0,0,0,0,0,0
2015-05-10,58,56,48,60,69,60,29,77,6,12,21,0,0,0,0,0,0,0
2015-05-11,58,56,48,60,69,60,29,77,6,12,22,0,0,0,0,0,0,0
2015-05-12,58,56,49,60,69,60,29,77,6,12,22,0,0,0,0,0,0,0
2015-05-13,58,57,49,60,69,60,29,77,6,12,22,0,0,0,0,0,0,0
2015-05-14,58,57,49,60,70,60,29,77,6,12,22,0,0,0,0,0,0,0
2015-05-15,59,57,49,60,70,60,29,77,6,12,22,0,0,0,0,0,0,0
2015-05-16,59,57,49,60,70,61,29,78,6,12,22,0,0,0,0,0,0,0
2015-05-17,59,57,49,60,71,61,29,78,6,12,22,0,0,0,0,0,0,0
2015-05-19,59,57,49,60,72,61,29,78,6,12,22,0,0,0,0,0,0,0
2015-05-20,60,57,49,60,72,61,29,78,6,12,22,0,0,0,0,0,0,0
2015-05-22,60,57,49,60,72,61,29,79,6,12,22,0,0,0,0,0,0,0
2015-05-24,60,57,49,60,73,61,29,79,6,12,22,0,0,0,0,0,0,0
2016-04-09,60,57,49,60,73,61,29,79,6,12,22,0,1,0,0,0,0,0
2016-04-10,60,57,49,61,73,61,29,79,6,12,22,0,1,0,0,0,0,0
2016-04-11,60,57,49,61,73,61,29,79,6,12,22,1,1,0,0,0,0,0
2016-04-12,61,57,49,61,73,61,29,79,6,12,22,1,1,0,0,0,0,0
2016-04-13,61,57,49,61,74,61,29,79,6,12,22,1,1,0,0,0,0,0
2016-04-14,61,57,49,61,74,61,29,79,6,12,22,2,1,0,0,0,0,0
2016-04-15,61,57,50,61,74,61,29,79,6,12,22,2,1,0,0,0,0,0
2016-04-16,61,57,50,62,74,61,29,79,6,12,22,3,1,0,0,0,0,0
2016-04-17,61,58,51,62,74,61,29,79,6,12,22,3,1,0,0,0,0,0
2016-04-18,61,58,51,62,74,61,29,79,6,12,23,3,1,0,0,0,0,0
2016-04-19,61,58,51,63,74,61,29,79,6,12,23,3,1,0,0,0,0,0
2016-04-20,61,58,51,63,75,61,29,79,6,12,23,3,1,0,0,0,0,0
2016-04-21,61,58,51,63,75,61,29,79,6,12,24,3,1,0,0,0,0,0
2016-04-22,62,58,51,63,75,61,29,79,6,12,24,3,1,0,0,0,0,0
2016-04-23,62,58,52,63,75,61,29,79,6,12,25,3,1,0,0,0,0,0
2016-04-24,62,58,52,64,75,61,29,79,6,12,25,4,1,0,0,0,0,0
2016-04-25,62,58,52,64,76,61,29,79,6,12,25,4,1,0,0,0,0,0
2016-04-26,62,58,52,64,76,61,29,79,6,12,25,4,2,0,0,0,0,0
2016-04-27,62,58,52,64,76,61,29,79,6,12,25,5,2,0,0,0,0,0
2016-04-28,62,58,52,64,77,61,29,79,6,12,25,5,2,0,0,0,0,0
2016-04-29,62,58,52,64,77,61,29,79,6,12,25,6,2,0,0,0,0,0
2016-04-30,62,58,53,64,77,61,29,79,6,12,26,6,2,0,0,0,0,0
2016-05-01,62,59,53,64,78,61,29,79,6,12,26,6,2,0,0,0,0,0
2016-05-02,62,59,53,65,78,61,29,79,6,12,26,6,2,0,0,0,0,0
2016-05-03,62,59,54,65,78,61,29,79,6,12,26,6,2,0,0,0,0,0
2016-05-04,62,59,54,66,78,61,29,79,6,12,26,6,2,0,0,0,0,0
2016-05-05,62,59,54,66,78,61,29,79,6,12,26,6,3,0,0,0,0,0
2016-05-06,62,59,54,66,78,61,29,79,6,12,27,6,3,0,0,0,0,0
2016-05-07,63,60,54,66,78,61,29,79,6,12,27,6,3,0,0,0,0,0
2016-05-08,63,60,54,66,78,61,29,79,6,12,28,7,3,0,0,0,0,0
2016-05-09,64,60,54,66,78,61,29,79,6,12,28,7,3,0,0,0,0,0
2016-05-10,64,60,54,66,78,61,29,79,6,12,29,7,3,0,0,0,0,0
2016-05-11,64,60,54,66,79,61,29,79,6,12,29,7,3,0,0,0,0,0
2016-05-12,64,60,55,66,79,61,29,79,6,12,29,7,3,0,0,0,0,0
2016-05-13,64,61,55,66,79,61,29,79,6,12,29,7,3,0,0,0,0,0
2016-05-14,65,61,55,67,79,61,29,79,6,12,29,7,3,0,0,0,0,0
2016-05-15,65,61,55,67,80,61,29,79,6,12,30,7,3,0,0,0,0,0
2016-05-16,66,61,55,67,80,61,29,79,6,12,30,7,3,0,0,0,0,0
2016-05-17,66,61,55,67,80,61,29,79,6,12,30,7,4,0,0,0,0,0
2016-05-18,67,61,55,67,80,61,29,79,6,12,30,7,4,0,0,0,0,0
2016-05-19,67,61,55,67,80,61,29,79,6,12,30,8,4,0,0,0,0,0
2016-05-20,67,61,56,67,80,61,29,79,6,12,30,8,4,0,0,0,0,0
2016-05-21,67,61,56,67,80,61,29,79,6,12,30,9,5,0,0,0,0,0
2016-05-22,68,61,56,68,80,61,29,79,6,12,30,9,5,0,0,0,0,0
2016-05-24,69,61,56,68,80,61,29,79,6,12,30,9,5,0,0,0,0,0
2016-05-25,69,61,56,68,80,61,29,79,6,12,31,9,5,0,0,0,0,0
2016-05-27,69,61,56,68,80,61,29,79,6,12,32,9,5,0,0,0,0,0
2016-05-29,69,61,56,68,80,61,29,79,6,12,33,9,5,0,0,0,0,0
2017-04-05,69,61,56,68,80,61,29,79,6,12,34,9,5,0,0,0,0,0
2017-04-06,69,61,56,68,80,61,29,79,6,12,34,9,5,1,0,0,0,0
2017-04-07,69,61,56,69,80,61,29,79,6,12,34,9,5,1,0,0,0,0
2017-04-08,70,62,56,69,80,61,29,79,6,12,34,9,5,1,0,0,0,0
2017-04-09,70,62,56,69,81,61,29,79,6,12,35,9,5,1,0,0,0,0
2017-04-10,70,63,56,69,81,61,29,79,6,12,35,9,5,1,0,0,0,0
2017-04-11,70,63,57,69,81,61,29,79,6,12,35,9,5,1,0,0,0,0
2017-04-12,70,63,57,69,82,61,29,79,6,12,35,9,5,1,0,0,0,0
2017-04-13,70,63,57,70,82,61,29,79,6,12,35,9,5,1,0,0,0,0
2017-04-14,70,63,57,70,83,61,29,79,6,12,35,10,5,1,0,0,0,0
2017-04-15,70,63,58,71,83,61,29,79,6,12,35,10,5,1,0,0,0,0
2017-04-16,70,63,58,71,84,61,29,79,6,12,35,10,5,2,0,0,0,0
2017-04-17,70,63,58,72,84,61,29,79,6,12,36,10,5,2,0,0,0,0
2017-04-18,71,63,58,72,84,61,29,79,6,12,36,10,5,2,0,0,0,0
2017-04-19,71,63,58,72,84,61,29,79,6,12,37,10,5,2,0,0,0,0
2017-04-20,71,63,58,72,85,61,29,79,6,12,37,10,5,2,0,0,0,0
2017-04-21,71,63,58,72,85,61,29,79,6,12,37,11,5,2,0,0,0,0
2017-04-22,71,63,58,72,86,61,29,79,6,12,37,11,5,3,0,0,0,0
2017-04-23,71,64,58,73,86,61,29,79,6,12,37,11,5,3,0,0,0,0
2017-04-24,71,64,58,73,86,61,29,79,6,12,37,11,5,4,0,0,0,0
2017-04-25,71,64,58,73,86,61,29,79,6,12,37,11,5,4,0,0,0,0
2017-04-26,71,64,58,74,86,61,29,79,6,12,37,11,5,4,0,0,0,0
2017-04-27,71,64,58,74,86,61,29,79,6,12,37,12,5,4,0,0,0,0
2017-04-28,71,64,58,75,86,61,29,79,6,12,38,12,5,4,0,0,0,0
2017-04-29,71,64,58,75,86,61,29,79,6,12,38,12,5,5,0,0,0,0
2017-04-30,71,65,58,75,86,61,29,79,6,12,39,12,5,5,0,0,0,0
2017-05-01,71,65,58,75,87,61,29,79,6,12,39,12,5,6,0,0,0,0
2017-05-02,71,65,59,75,87,61,29,79,6,12,39,12,5,6,0,0,0,0
2017-05-03,71,65,59,75,87,61,29,79,6,12,39,12,5,7,0,0,0,0
2017-05-04,71,65,60,75,87,61,29,79,6,12,39,12,5,7,0,0,0,0
2017-05-05,71,66,60,75,87,61,29,79,6,12,39,12,5,7,0,0,0,0
2017-05-06,71,66,60,75,88,61,29,79,6,12,39,12,5,8,0,0,0,0
2017-05-07,71,66,60,76,88,61,29,79,6,12,39,13,5,8,0,0,0,0
2017-05-08,71,66,60,76,88,61,29,79,6,12,40,13,5,8,0,0,0,0
2017-05-09,71,67,60,76,88,61,29,79,6,12,40,13,5,8,0,0,0,0
2017-05-10,71,67,61,76,88,61,29,79,6,12,40,13,5,8,0,0,0,0
2017-05-11,71,68,61,76,88,61,29,79,6,12,40,13,5,8,0,0,0,0
2017-05-12,71,68,62,76,88,61,29,79,6,12,40,13,5,8,0,0,0,0
2017-05-13,71,68,62,76,89,61,29,79,6,12,41,13,5,8,0,0,0,0
2017-05-14,72,68,62,76,89,61,29,79,6,12,41,13,5,9,0,0,0,0
2017-05-16,72,68,62,76,89,61,29,79,6,12,41,13,5,10,0,0,0,0
2017-05-17,72,68,62,77,89,61,29,79,6,12,41,13,5,10,0,0,0,0
2017-05-19,72,68,62,77,90,61,29,79,6,12,41,13,5,10,0,0,0,0
2017-05-21,72,68,62,77,91,61,29,79,6,12,41,13,5,10,0,0,0,0
2018-04-07,72,68,62,77,91,61,29,80,6,12,41,13,5,10,0,0,0,0
2018-04-08,72,69,62,78,91,61,29,80,6,12,41,13,5,10,0,0,0,0
2018-04-09,72,69,62,78,91,61,29,80,6,12,42,13,5,10,0,0,0,0
2018-04-10,72,69,62,78,91,61,29,81,6,12,42,13,5,10,0,0,0,0
2018-04-11,72,69,62,78,91,62,29,81,6,12,42,13,5,10,0,0,0,0
2018-04-12,72,69,62,78,91,62,29,81,6,12,43,13,5,10,0,0,0,0
2018-04-13,73,69,62,78,91,62,29,81,6,12,43,13,5,10,0,0,0,0
2018-04-14,73,69,63,78,91,62,29,81,6,12,44,13,5,10,0,0,0,0
2018-04-15,73,70,63,78,91,63,29,81,6,12,44,13,5,10,0,0,0,0
2018-04-16,73,70,63,79,91,63,29,81,6,12,44,13,5,10,0,0,0,0
2018-04-17,73,70,63,79,92,63,29,81,6,12,44,13,5,10,0,0,0,0
2018-04-18,73,70,63,80,92,63,29,81,6,12,44,13,5,10,0,0,0,0
2018-04-19,73,71,63,80,92,63,29,81,6,12,44,13,5,10,0,0,0,0
2018-04-20,73,71,63,80,92,63,29,82,6,12,44,13,5,10,0,0,0,0
2018-04-21,74,72,63,80,92,63,29,82,6,12,44,13,5,10,0,0,0,0
2018-04-22,74,72,63,80,92,64,29,83,6,12,44,13,5,10,0,0,0,0
2018-04-23,74,73,63,80,92,64,29,83,6,12,44,13,5,10,0,0,0,0
2018-04-24,74,73,63,80,92,64,29,83,6,12,45,13,5,10,0,0,0,0
2018-04-25,74,73,63,80,92,64,29,84,6,12,45,13,5,10,0,0,0,0
2018-04-26,74,73,63,80,92,64,29,84,6,12,46,13,5,10,0,0,0,0
2018-04-27,74,73,64,80,92,64,29,84,6,12,46,13,5,10,0,0,0,0
2018-04-28,74,73,64,80,93,64,29,84,6,12,46,13,5,10,0,0,0,0
2018-04-29,74,73,64,81,93,64,29,84,6,12,47,13,5,10,0,0,0,0
2018-04-30,74,73,64,81,93,64,29,85,6,12,47,13,5,10,0,0,0,0
2018-05-01,75,73,64,81,93,64,29,85,6,12,47,13,5,10,0,0,0,0
2018-05-02,75,73,65,81,93,64,29,85,6,12,47,13,5,10,0,0,0,0
2018-05-03,75,73,65,82,93,64,29,85,6,12,47,13,5,10,0,0,0,0
2018-05-04,75,73,65,82,94,64,29,85,6,12,47,13,5,10,0,0,0,0
2018-05-05,75,73,65,82,94,64,29,86,6,12,48,13,5,10,0,0,0,0
2018-05-06,75,74,65,82,95,64,29,86,6,12,48,13,5,10,0,0,0,0
2018-05-07,75,74,65,82,95,64,29,86,6,12,49,13,5,10,0,0,0,0
2018-05-08,75,74,65,82,95,65,29,86,6,12,49,13,5,10,0,0,0,0
2018-05-09,75,74,65,82,96,65,29,86,6,12,49,13,5,10,0,0,0,0
2018-05-10,75,74,65,82,96,65,29,86,6,12,50,13,5,10,0,0,0,0
2018-05-11,75,74,65,82,96,66,29,86,6,12,50,13,5,10,0,0,0,0
2018-05-12,76,74,65,83,96,66,29,86,6,12,50,13,5,10,0,0,0,0
2018-05-13,76,74,65,83,96,67,29,87,6,12,50,13,5,10,0,0,0,0
2018-05-14,77,74,65,83,96,67,29,87,6,12,50,13,5,10,0,0,0,0
2018-05-15,77,74,65,84,96,67,29,87,6,12,50,13,5,10,0,0,0,0
2018-05-16,77,74,65,84,97,67,29,87,6,12,50,13,5,10,0,0,0,0
2018-05-17,78,74,65,84,97,67,29,87,6,12,50,13,5,10,0,0,0,0
2018-05-18,78,74,66,84,97,67,29,87,6,12,50,13,5,10,0,0,0,0
2018-05-19,78,74,66,85,97,68,29,87,6,12,50,13,5,10,0,0,0,0
2018-05-20,78,74,67,85,97,68,29,88,6,12,50,13,5,10,0,0,0,0
2018-05-22,78,74,67,85,97,68,29,89,6,12,50,13,5,10,0,0,0,0
2018-05-23,78,74,67,86,97,68,29,89,6,12,50,13,5,10,0,0,0,0
2018-05-25,78,74,67,86,97,68,29,89,6,12,51,13,5,10,0,0,0,0
2018-05-27,78,74,67,86,97,68,29,90,6,12,51,13,5,10,0,0,0,0
2019-03-23,78,74,67,86,97,68,29,91,6,12,51,13,5,10,0,0,0,0
2019-03-24,78,74,0,87,97,68,29,91,6,12,51,13,5,10,68,0,0,0
2019-03-25,78,75,0,87,97,68,29,91,6,12,51,13,5,10,68,0,0,0
2019-03-26,78,75,0,87,97,68,29,92,6,12,51,13,5,10,68,0,0,0
2019-03-27,78,75,0,88,97,68,29,92,6,12,51,13,5,10,68,0,0,0
2019-03-28,78,75,0,88,98,68,29,92,6,12,51,13,5,10,68,0,0,0
2019-03-29,78,75,0,88,98,68,29,92,6,12,52,13,5,10,68,0,0,0
2019-03-30,78,76,0,88,98,68,29,92,6,12,52,13,5,10,68,0,0,0
2019-03-31,78,76,0,88,98,68,29,93,6,12,53,13,5,10,68,0,0,0
2019-04-01,78,77,0,88,98,68,29,93,6,12,53,13,5,10,68,0,0,0
2019-04-02,78,77,0,88,98,69,29,93,6,12,53,13,5,10,68,0,0,0
2019-04-03,78,77,0,88,99,69,29,93,6,12,53,13,5,10,68,0,0,0
2019-04-04,78,77,0,88,99,69,29,93,6,12,54,13,5,10,68,0,0,0
2019-04-05,78,77,0,89,99,69,29,93,6,12,54,13,5,10,68,0,0,0
2019-04-06,78,77,0,89,100,69,29,94,6,12,54,13,5,10,68,0,0,0
2019-04-07,78,77,0,90,100,69,29,94,6,12,54,13,5,10,69,0,0,0
2019-04-08,78,78,0,90,100,69,29,94,6,12,54,13,5,10,69,0,0,0
2019-04-09,78,78,0,90,100,69,29,95,6,12,54,13,5,10,69,0,0,0
2019-04-10,78,78,0,90,101,69,29,95,6,12,54,13,5,10,69,0,0,0
2019-04-11,78,78,0,90,101,69,29,96,6,12,54,13,5,10,69,0,0,0
2019-04-12,78,78,0,90,101,69,29,96,6,12,54,13,5,10,70,0,0,0
2019-04-13,79,78,0,90,101,70,29,96,6,12,54,13,5,10,70,0,0,0
2019-04-14,79,78,0,90,101,70,29,97,6,12,54,13,5,10,71,0,0,0
2019-04-15,79,78,0,90,102,70,29,97,6,12,54,13,5,10,71,0,0,0
2019-04-16,79,79,0,90,102,70,29,97,6,12,54,13,5,10,71,0,0,0
2019-04-17,79,79,0,90,102,70,29,97,6,12,55,13,5,10,71,0,0,0
2019-04-18,79,79,0,90,103,70,29,97,6,12,55,13,5,10,71,0,0,0
2019-04-19,80,79,0,90,103,70,29,97,6,12,55,13,5,10,71,0,0,0
2019-04-20,80,79,0,90,103,71,29,97,6,12,55,13,5,10,72,0,0,0
2019-04-21,81,79,0,90,103,71,29,97,6,12,56,13,5,10,72,0,0,0
2019-04-22,81,79,0,90,103,71,29,97,6,12,56,13,5,10,73,0,0,0
2019-04-23,81,79,0,90,103,71,29,98,6,12,56,13,5,10,73,0,0,0
2019-04-24,82,79,0,90,103,71,29,98,6,12,56,13,5,10,73,0,0,0
2019-04-25,82,79,0,90,103,72,29,98,6,12,56,13,5,10,73,0,0,0
2019-04-26,82,79,0,90,104,72,29,98,6,12,56,13,5,10,73,0,0,0
2019-04-27,82,79,0,90,104,73,29,98,6,12,56,13,5,10,73,0,0,0
2019-04-28,82,79,0,91,104,73,29,98,6,12,56,13,5,10,74,0,0,0
2019-04-29,82,79,0,91,104,73,29,98,6,12,57,13,5,10,74,0,0,0
2019-04-30,82,79,0,91,104,73,29,98,6,12,57,13,5,10,74,0,0,0
2019-05-01,82,79,0,91,104,73,29,99,6,12,57,13,5,10,74,0,0,0
2019-05-02,82,79,0,91,104,73,29,99,6,12,57,13,5,10,74,0,0,0
2019-05-03,82,79,0,92,104,73,29,99,6,12,57,13,5,10,74,0,0,0
2019-05-04,83,79,0,92,104,73,29,99,6,12,57,13,5,10,75,0,0,0
2019-05-05,83,80,0,92,105,73,29,99,6,12,57,13,5,10,75,0,0,0
2019-05-07,83,80,0,92,106,73,29,99,6,12,57,13,5,10,75,0,0,0
2019-05-08,83,80,0,92,106,73,29,99,6,12,57,13,5,10,76,0,0,0
2019-05-10,83,80,0,92,106,73,29,100,6,12,57,13,5,10,76,0,0,0
2019-05-12,83,80,0,92,107,73,29,100,6,12,57,13,5,10,76,0,0,0
2020-09-19,83,80,0,92,107,73,29,101,6,12,57,13,5,10,76,0,0,0
2020-09-20,83,80,0,92,107,73,29,101,6,12,57,13,5,10,76,0,0,0
2020-09-21,84,80,0,92,107,73,29,101,6,12,57,13,5,10,76,0,0,0
2020-09-22,84,80,0,92,107,74,29,101,6,12,57,13,5,10,76,0,0,0
2020-09-23,84,80,0,92,108,74,29,101,6,12,57,13,5,10,76,0,0,0
2020-09-24,84,81,0,92,108,74,29,101,6,12,57,13,5,10,76,0,0,0
2020-09-25,84,81,0,92,108,74,29,101,6,12,57,13,5,10,77,0,0,0
2020-09-26,84,81,0,93,108,74,29,101,6,12,57,13,5,10,77,0,0,0
2020-09-27,84,81,0,93,108,75,29,101,6,12,57,13,5,10,77,0,0,0
2020-09-28,84,81,0,93,108,75,29,101,6,12,57,13,5,10,77,0,0,0
2020-09-29,84,81,0,93,108,75,29,101,6,12,58,13,5,10,77,0,0,0
2020-09-30,84,81,0,94,108,75,29,101,6,12,58,13,5,10,77,0,0,0
2020-10-01,84,81,0,94,109,75,29,101,6,12,58,13,5,10,77,0,0,0
2020-10-02,84,81,0,94,109,75,29,101,6,12,59,13,5,10,77,0,0,0
2020-10-03,85,81,0,94,109,75,29,101,6,12,59,13,5,10,78,0,0,0
2020-10-04,85,81,0,94,110,75,29,102,6,12,59,13,5,10,78,0,0,0
2020-10-05,85,81,0,94,110,75,29,102,6,12,59,13,5,10,79,0,0,0
2020-10-06,85,81,0,94,111,75,29,102,6,12,59,13,5,10,79,0,0,0
2020-10-07,85,81,0,95,111,75,29,102,6,12,59,13,5,10,79,0,0,0
2020-10-08,85,81,0,95,111,75,29,102,6,12,60,13,5,10,79,0,0,0
2020-10-09,85,81,0,95,111,75,29,102,6,12,60,13,5,10,80,0,0,0
2020-10-10,86,81,0,96,111,75,29,102,6,12,60,13,5,10,80,0,0,0
2020-10-11,86,81,0,96,112,76,29,102,6,12,60,13,5,10,80,0,0,0
2020-10-12,87,81,0,96,112,76,29,102,6,12,60,13,5,10,80,0,0,0
2020-10-13,87,81,0,96,112,76,29,103,6,12,60,13,5,10,80,0,0,0
2020-10-14,87,81,0,96,112,76,29,103,6,12,60,13,5,10,81,0,0,0
2020-10-15,87,82,0,96,112,76,29,103,6,12,60,13,5,10,81,0,0,0
2020-10-16,87,82,0,96,113,76,29,103,6,12,60,13,5,10,81,0,0,0
2020-10-17,88,82,0,96,113,76,29,103,6,12,60,13,5,10,82,0,0,0
2020-10-18,88,82,0,96,113,76,29,103,6,12,60,13,5,10,82,0,0,0
2020-10-19,88,82,0,96,113,77,29,103,6,12,60,13,5,10,82,0,0,0
2020-10-20,88,83,0,96,113,77,29,103,6,12,60,13,5,10,82,0,0,0
2020-10-21,89,83,0,96,113,77,29,103,6,12,60,13,5,10,82,0,0,0
2020-10-22,89,83,0,96,113,77,29,103,6,12,61,13,5,10,82,0,0,0
2020-10-23,89,83,0,96,114,77,29,103,6,12,61,13,5,10,82,0,0,0
2020-10-24,89,84,0,97,114,77,29,103,6,12,61,13,5,10,82,0,0,0
2020-10-25,89,84,0,97,114,78,29,104,6,12,61,13,5,10,82,0,0,0
2020-10-26,89,85,0,97,114,78,29,104,6,12,61,13,5,10,82,0,0,0
2020-10-27,89,85,0,97,114,78,29,104,6,12,62,13,5,10,82,0,0,0
2020-10-28,89,85,0,97,115,78,29,104,6,12,62,13,5,10,82,0,0,0
2020-10-29,89,85,0,97,115,78,29,105,6,12,62,13,5,10,82,0,0,0
2020-10-30,89,85,0,97,115,79,29,105,6,12,62,13,5,10,82,0,0,0
2020-10-31,89,85,0,97,116,79,29,105,6,12,63,13,5,10,82,0,0,0
2020-11-01,89,85,0,98,116,79,29,106,6,12,63,13,5,10,82,0,0,0
2020-11-02,89,85,0,98,116,79,29,106,6,12,63,13,5,10,83,0,0,0
2020-11-03,89,85,0,98,116,79,29,106,6,12,64,13,5,10,83,0,0,0
2020-11-05,89,85,0,98,117,79,29,106,6,12,64,13,5,10,83,0,0,0
2020-11-06,89,85,0,98,117,79,29,106,6,12,65,13,5,10,83,0,0,0
2020-11-08,89,85,0,98,117,79,29,106,6,12,65,13,5,10,84,0,0,0
2020-11-10,89,85,0,98,118,79,29,106,6,12,65,13,5,10,84,0,0,0
2021-04-09,90,85,0,98,118,79,29,106,6,12,65,13,5,10,84,0,0,0
2021-04-10,90,85,0,98,118,79,29,106,6,12,65,13,5,10,85,0,0,0
2021-04-11,90,85,0,99,118,79,29,106,6,12,65,13,5,10,85,0,0,0
2021-04-12,90,85,0,99,118,79,29,106,6,12,65,13,5,10,85,1,0,0
2021-04-13,90,85,0,99,119,79,29,106,6,12,65,13,5,10,85,1,0,0
2021-04-14,91,85,0,99,119,79,29,106,6,12,65,13,5,10,85,1,0,0
2021-04-15,91,85,0,99,119,80,29,106,6,12,65,13,5,10,85,1,0,0
2021-04-16,91,85,0,99,119,80,29,107,6,12,65,13,5,10,85,1,0,0
2021-04-17,91,85,0,99,120,80,29,107,6,12,65,13,5,10,85,1,0,0
2021-04-18,92,85,0,99,120,80,29,107,6,12,65,13,5,10,86,1,0,0
2021-04-19,92,85,0,99,120,80,29,108,6,12,65,13,5,10,86,1,0,0
2021-04-20,92,85,0,99,120,80,29,108,6,12,65,13,5,10,87,1,0,0
2021-04-21,92,85,0,99,120,80,29,109,6,12,66,13,5,10,87,1,0,0
2021-04-22,93,85,0,99,120,80,29,109,6,12,66,13,5,10,87,1,0,0
2021-04-23,93,85,0,99,120,80,29,109,6,12,66,13,5,10,87,2,0,0
2021-04-24,93,85,0,99,120,81,29,109,6,12,66,13,5,10,87,2,0,0
2021-04-25,93,85,0,99,120,81,29,110,6,12,66,13,5,10,87,2,0,0
2021-04-26,93,85,0,100,120,81,29,110,6,12,66,13,5,10,87,2,0,0
2021-04-27,94,85,0,100,120,81,29,110,6,12,66,13,5,10,87,2,0,0
2021-04-28,94,85,0,100,120,81,29,111,6,12,66,13,5,10,87,2,0,0
2021-04-29,94,85,0,100,121,81,29,111,6,12,66,13,5,10,88,2,0,0
2021-04-30,94,85,0,100,121,81,29,111,6,12,66,13,5,10,88,3,0,0
2021-05-01,94,85,0,100,122,81,29,111,6,12,66,13,5,10,88,3,0,0
2021-05-02,94,85,0,100,122,82,29,111,6,12,66,13,5,10,89,3,0,0
2021-09-19,94,85,0,100,122,82,29,112,6,12,66,13,5,10,89,3,0,0
2021-09-20,94,85,0,101,122,82,29,112,6,12,66,13,5,10,89,3,0,0
2021-09-21,94,85,0,101,122,83,29,112,6,12,66,13,5,10,89,3,0,0
2021-09-22,94,85,0,101,122,83,29,112,6,12,66,13,5,10,90,3,0,0
2021-09-23,94,85,0,102,122,83,29,112,6,12,66,13,5,10,90,3,0,0
2021-09-24,94,85,0,102,122,83,29,113,6,12,66,13,5,10,90,3,0,0
2021-09-25,94,85,0,102,122,83,29,113,6,12,66,13,5,10,91,4,0,0
2021-09-26,95,85,0,102,122,83,29,114,6,12,66,13,5,10,91,4,0,0
2021-09-27,95,85,0,102,122,83,29,114,6,12,67,13,5,10,91,4,0,0
2021-09-28,95,85,0,103,123,83,29,114,6,12,67,13,5,10,91,4,0,0
2021-09-29,96,85,0,103,123,83,29,114,6,12,67,13,5,10,91,4,0,0
2021-09-30,96,85,0,103,123,83,29,115,6,12,67,13,5,10,91,4,0,0
2021-10-01,96,85,0,103,123,83,29,115,6,12,67,13,5,10,91,5,0,0
2021-10-02,96,85,0,103,123,84,29,115,6,12,67,13,5,10,92,5,0,0
2021-10-03,97,85,0,104,123,84,29,115,6,12,67,13,5,10,92,5,0,0
2021-10-04,97,85,0,104,123,84,29,115,6,12,67,13,5,10,93,5,0,0
2021-10-05,97,85,0,104,124,84,29,115,6,12,67,13,5,10,93,5,0,0
2021-10-06,97,85,0,104,124,84,29,115,6,12,68,13,5,10,93,5,0,0
2021-10-07,97,85,0,105,124,84,29,115,6,12,68,13,5,10,93,6,0,0
2021-10-08,98,85,0,105,125,84,29,115,6,12,68,13,5,10,93,6,0,0
2021-10-10,98,85,0,105,125,84,29,116,6,12,68,13,5,10,93,6,0,0
2021-10-11,98,85,0,106,125,84,29,116,6,12,68,13,5,10,93,6,0,0
2021-10-13,98,85,0,107,125,84,29,116,6,12,68,13,5,10,93,6,0,0
2021-10-15,98,85,0,107,125,84,29,117,6,12,68,13,5,10,93,6,0,0
2022-03-26,98,85,0,108,125,84,29,117,6,12,68,13,5,10,93,6,0,0
2022-03-27,98,85,0,108,125,84,29,117,6,12,68,13,5,10,94,7,0,0
2022-03-28,98,85,0,108,125,84,29,117,6,12,68,13,5,10,94,7,1,0
2022-03-29,98,85,0,108,125,85,29,117,6,12,68,13,5,10,94,7,1,0
2022-03-30,99,85,0,108,125,85,29,117,6,12,68,13,5,10,94,7,1,0
2022-03-31,99,85,0,108,125,85,29,117,6,12,68,13,5,10,94,7,1,1
2022-04-01,99,85,0,109,125,85,29,117,6,12,68,13,5,10,94,7,1,1
2022-04-02,99,85,0,109,125,86,29,117,6,12,68,13,5,10,94,7,2,1
2022-04-03,99,85,0,109,125,86,29,117,6,12,68,13,5,10,94,8,2,1
2022-04-04,99,85,0,109,125,86,29,117,6,12,68,13,5,10,94,8,2,2
2022-04-05,100,85,0,109,125,86,29,117,6,12,68,13,5,10,94,8,2,2
2022-04-06,100,85,0,110,125,86,29,117,6,12,68,13,5,10,94,8,2,2
2022-04-07,100,85,0,110,125,86,29,117,6,12,68,13,5,10,94,8,2,3
2022-04-08,100,85,0,110,125,86,29,117,6,12,68,13,5,10,94,8,3,3
2022-04-09,101,85,0,110,125,86,29,117,6,12,69,13,5,10,94,8,3,3
2022-04-10,101,85,0,110,125,87,29,117,6,12,69,13,5,10,95,8,3,3
2022-04-11,101,85,0,110,125,87,29,117,6,12,70,13,5,10,95,8,3,3
2022-04-12,101,85,0,110,125,87,29,118,6,12,70,13,5,10,95,8,3,3
2022-04-13,101,85,0,110,125,87,29,118,6,12,70,13,5,10,95,9,3,3
2022-04-14,101,85,0,110,125,87,29,118,6,12,70,13,5,10,95,9,4,3
2022-04-15,101,85,0,110,125,87,29,118,6,12,71,13,5,10,95,9,4,3
2022-04-16,102,85,0,110,125,87,29,118,6,12,71,13,5,10,95,9,4,4
2022-04-17,102,85,0,110,125,87,29,118,6,12,72,13,5,10,95,9,5,4
2022-04-18,102,85,0,110,125,88,29,118,6,12,72,13,5,10,95,9,5,4
2022-04-19,103,85,0,110,125,88,29,118,6,12,72,13,5,10,95,9,5,4
2022-04-20,103,85,0,110,125,88,29,118,6,12,72,13,5,10,96,9,5,4
2022-04-21,103,85,0,110,125,88,29,119,6,12,72,13,5,10,96,9,5,4
2022-04-22,103,85,0,110,125,89,29,119,6,12,72,13,5,10,96,9,5,4
2022-04-23,103,85,0,110,125,89,29,119,6,12,73,13,5,10,96,9,6,4
2022-04-24,103,85,0,110,125,89,29,119,6,12,73,13,5,10,96,9,6,5
2022-04-25,103,85,0,110,125,89,29,119,6,12,73,13,5,10,96,10,6,5
2022-04-26,103,85,0,110,125,90,29,119,6,12,73,13,5,10,96,10,6,5
2022-04-27,103,85,0,110,125,90,29,119,6,12,73,13,5,10,96,10,7,5
2022-04-28,103,85,0,110,125,90,29,119,6,12,73,13,5,10,97,10,7,5
2022-04-29,103,85,0,110,125,90,29,119,6,12,73,13,5,10,97,10,7,6
2022-04-30,103,85,0,110,126,90,29,119,6,12,73,13,5,10,97,10,8,6
2022-05-01,103,85,0,110,126,90,29,120,6,12,73,13,5,10,97,10,8,7
2022-05-02,103,85,0,111,126,90,29,120,6,12,73,13,5,10,97,10,8,7
2022-05-03,103,85,0,111,126,90,29,120,6,12,73,13,5,10,97,11,8,7
2022-05-04,104,85,0,111,126,90,29,120,6,12,73,13,5,10,97,11,8,7
2022-05-05,104,85,0,111,126,90,29,120,6,12,73,13,5,10,98,11,8,7
2022-05-06,104,85,0,111,127,90,29,120,6,12,73,13,5,10,98,11,8,7
2022-05-07,104,85,0,111,127,91,29,120,6,12,73,13,5,10,98,11,8,8
2022-05-08,105,85,0,111,127,91,29,121,6,12,73,13,5,10,98,11,8,8
2022-05-09,105,85,0,112,127,91,29,121,6,12,73,13,5,10,98,11,8,8
2022-05-10,105,85,0,112,127,91,29,121,6,12,73,13,5,10,98,11,9,8
2022-05-11,105,85,0,112,127,91,29,121,6,12,73,13,5,10,99,11,9,8
2022-05-12,105,85,0,112,128,91,29,121,6,12,73,13,5,10,99,11,9,8
2022-05-13,105,85,0,112,128,91,29,121,6,12,73,13,5,10,99,12,9,8
2022-05-14,105,85,0,113,128,91,29,121,6,12,73,13,5,10,99,12,9,8
2022-05-15,105,85,0,113,128,92,29,121,6,12,73,13,5,10,99,12,10,8
2022-05-16,105,85,0,113,128,92,29,121,6,12,73,13,5,10,100,12,10,8
2022-05-17,105,85,0,113,128,92,29,121,6,12,74,13,5,10,100,12,10,8
2022-05-18,105,85,0,113,128,92,29,121,6,12,74,13,5,10,100,12,10,9
2022-05-19,106,85,0,113,128,92,29,121,6,12,74,13,5,10,100,12,10,9
2022-05-20,106,85,0,113,128,93,29,121,6,12,74,13,5,10,100,12,10,9
2022-05-21,106,85,0,113,129,93,29,121,6,12,74,13,5,10,100,12,10,9
2022-05-22,106,85,0,113,129,93,29,121,6,12,74,13,5,10,100,13,10,9
2022-05-24,106,85,0,113,129,93,29,121,6,12,74,13,5,10,100,13,11,9
2022-05-25,107,85,0,113,129,93,29,121,6,12,74,13,5,10,100,13,11,9
2022-05-27,107,85,0,113,129,94,29,121,6,12,74,13,5,10,100,13,11,9
2022-05-29,107,85,0,113,129,94,29,121,6,12,74,13,5,10,100,13,12,9
